  [23:06:24.248] · Attaching to Chrome on debug port 9222
  [23:06:24.248] · Attaching to Chrome on localhost:9222 …
  [23:06:24.249] › Trying webdriver-manager …
  [23:07:09.655] ✓ Attached! Chrome 146.0.7680.80
  [23:07:09.657] · Opening AGENT1 tab
  [23:07:09.661] › [AGENT1] handles before: ['21B05CE3A72CD3D3D9E0F85EC4407A16', '4E5A699C679334CAFCD4930EBBEA35C0', '790CC828AD8192F6A7FF3B2AF5F8D191', '818346167C9ABBEDC358A60E4030B7F2', '85D4F34935A8A75A372A8CB4A317C835', '8EA62BD4A89D6AC07AC2CE994B218032', '98F0FA68126291CB6F773C2BF8269B88', 'A3B677398D9CC6E9DF67EAF587CC1516', 'A97EBEEE812FE282B971B018449254C7', 'BDFA78743F5E70D33D2CBF8074A267E3', 'C82BAB7CD48C4564E84FA579396700EB', 'C938F879F43FC6F8D207E8389E21D1B9', 'C9EEEC1E635E1130ED0BDE887F5650BC']
  [23:07:10.227] › [AGENT1] handles after new_window: ['21B05CE3A72CD3D3D9E0F85EC4407A16', '4E5A699C679334CAFCD4930EBBEA35C0', '790CC828AD8192F6A7FF3B2AF5F8D191', '818346167C9ABBEDC358A60E4030B7F2', '85D4F34935A8A75A372A8CB4A317C835', '8954945B587E64BCA7339E03C5E5F927', '8EA62BD4A89D6AC07AC2CE994B218032', '98F0FA68126291CB6F773C2BF8269B88', 'A3B677398D9CC6E9DF67EAF587CC1516', 'A97EBEEE812FE282B971B018449254C7', 'BDFA78743F5E70D33D2CBF8074A267E3', 'C82BAB7CD48C4564E84FA579396700EB', 'C938F879F43FC6F8D207E8389E21D1B9', 'C9EEEC1E635E1130ED0BDE887F5650BC']  new={'8954945B587E64BCA7339E03C5E5F927'}
  [23:07:10.228] ✓ [AGENT1] Tab opened: 8954945B587E64BCA7339E03C5E5F927
  [23:07:18.583] · [AGENT1] ── INPUT ──
  [23:07:18.594] › [AGENT1]   [FOUND] (2)  rich-textarea div[contenteditable='true']
  [23:07:18.601] › [AGENT1]   [FOUND] (1)  rich-textarea p
  [23:07:18.609] › [AGENT1]   [FOUND] (1)  div[contenteditable='true'][data-placeholder]
  [23:07:18.615] › [AGENT1]   [FOUND] (2)  div[contenteditable='true']
  [23:07:18.622] › [AGENT1]   [FOUND] (1)  .ql-editor
  [23:07:18.631] › [AGENT1]   [     ] (0)  textarea
  [23:07:18.632] · [AGENT1] ── SEND BTN ──
  [23:07:18.639] › [AGENT1]   [FOUND] (1)  button[aria-label='Send message']
  [23:07:18.651] › [AGENT1]   [     ] (0)  button[jsname='Qx7uuf']
  [23:07:18.662] › [AGENT1]   [     ] (0)  button[data-testid='send-button']
  [23:07:18.671] › [AGENT1]   [     ] (0)  button[mattooltip='Send message']
  [23:07:18.683] › [AGENT1]   [     ] (0)  button[aria-label='Submit']
  [23:07:18.695] › [AGENT1]   [FOUND] (1)  button.send-button
  [23:07:18.707] › [AGENT1]   [FOUND] (1)  mat-icon[data-mat-icon-name='send']
  [23:07:18.707] · [AGENT1] ── STOP BTN ──
  [23:07:18.715] › [AGENT1]   [     ] (0)  button[aria-label='Stop response']
  [23:07:18.723] › [AGENT1]   [     ] (0)  button[aria-label='Stop generating']
  [23:07:18.732] › [AGENT1]   [     ] (0)  button[aria-label='Stop']
  [23:07:18.752] › [AGENT1]   [     ] (0)  button[jsname='k9Ysde']
  [23:07:18.779] › [AGENT1]   [     ] (0)  button[data-testid='stop-button']
  [23:07:18.789] › [AGENT1]   [     ] (0)  .stop-button
  [23:07:18.789] · [AGENT1] ── RESPONSE ──
  [23:07:18.799] › [AGENT1]   [     ] (0)  model-response .markdown
  [23:07:18.807] › [AGENT1]   [     ] (0)  model-response response-text
  [23:07:18.815] › [AGENT1]   [     ] (0)  model-response
  [23:07:18.822] › [AGENT1]   [     ] (0)  message-content
  [23:07:18.829] › [AGENT1]   [     ] (0)  [data-turn-role='model']
  [23:07:18.836] › [AGENT1]   [     ] (0)  [data-message-author-role='model']
  [23:07:18.844] › [AGENT1]   [     ] (0)  message-content .markdown
  [23:07:18.851] › [AGENT1]   [     ] (0)  .response-content .markdown
  [23:07:18.859] › [AGENT1]   [     ] (0)  .response-content
  [23:07:18.862] › [AGENT1]   title = 'Google Gemini'
  [23:07:18.864] › [AGENT1]   url   = https://gemini.google.com/app
  [23:07:18.867] › [AGENT1]   body.innerText length = 247
  [23:07:18.867] · Opening AGENT2 tab
  [23:07:18.869] › [AGENT2] handles before: ['21B05CE3A72CD3D3D9E0F85EC4407A16', '4E5A699C679334CAFCD4930EBBEA35C0', '790CC828AD8192F6A7FF3B2AF5F8D191', '818346167C9ABBEDC358A60E4030B7F2', '85D4F34935A8A75A372A8CB4A317C835', '8954945B587E64BCA7339E03C5E5F927', '8EA62BD4A89D6AC07AC2CE994B218032', '98F0FA68126291CB6F773C2BF8269B88', 'A3B677398D9CC6E9DF67EAF587CC1516', 'A97EBEEE812FE282B971B018449254C7', 'BDFA78743F5E70D33D2CBF8074A267E3', 'C82BAB7CD48C4564E84FA579396700EB', 'C938F879F43FC6F8D207E8389E21D1B9', 'C9EEEC1E635E1130ED0BDE887F5650BC']
  [23:07:18.996] › [AGENT2] handles after new_window: ['21B05CE3A72CD3D3D9E0F85EC4407A16', '36F5A4738AFD23C4BF42F2BBE06EE803', '4E5A699C679334CAFCD4930EBBEA35C0', '790CC828AD8192F6A7FF3B2AF5F8D191', '818346167C9ABBEDC358A60E4030B7F2', '85D4F34935A8A75A372A8CB4A317C835', '8954945B587E64BCA7339E03C5E5F927', '8EA62BD4A89D6AC07AC2CE994B218032', '98F0FA68126291CB6F773C2BF8269B88', 'A3B677398D9CC6E9DF67EAF587CC1516', 'A97EBEEE812FE282B971B018449254C7', 'BDFA78743F5E70D33D2CBF8074A267E3', 'C82BAB7CD48C4564E84FA579396700EB', 'C938F879F43FC6F8D207E8389E21D1B9', 'C9EEEC1E635E1130ED0BDE887F5650BC']  new={'36F5A4738AFD23C4BF42F2BBE06EE803'}
  [23:07:18.997] ✓ [AGENT2] Tab opened: 36F5A4738AFD23C4BF42F2BBE06EE803
  [23:07:24.970] · [AGENT2] ── INPUT ──
  [23:07:24.979] › [AGENT2]   [FOUND] (2)  rich-textarea div[contenteditable='true']
  [23:07:24.986] › [AGENT2]   [FOUND] (1)  rich-textarea p
  [23:07:24.994] › [AGENT2]   [FOUND] (1)  div[contenteditable='true'][data-placeholder]
  [23:07:25.001] › [AGENT2]   [FOUND] (2)  div[contenteditable='true']
  [23:07:25.007] › [AGENT2]   [FOUND] (1)  .ql-editor
  [23:07:25.015] › [AGENT2]   [     ] (0)  textarea
  [23:07:25.015] · [AGENT2] ── SEND BTN ──
  [23:07:25.022] › [AGENT2]   [FOUND] (1)  button[aria-label='Send message']
  [23:07:25.028] › [AGENT2]   [     ] (0)  button[jsname='Qx7uuf']
  [23:07:25.035] › [AGENT2]   [     ] (0)  button[data-testid='send-button']
  [23:07:25.043] › [AGENT2]   [     ] (0)  button[mattooltip='Send message']
  [23:07:25.052] › [AGENT2]   [     ] (0)  button[aria-label='Submit']
  [23:07:25.060] › [AGENT2]   [FOUND] (1)  button.send-button
  [23:07:25.067] › [AGENT2]   [FOUND] (1)  mat-icon[data-mat-icon-name='send']
  [23:07:25.067] · [AGENT2] ── STOP BTN ──
  [23:07:25.074] › [AGENT2]   [     ] (0)  button[aria-label='Stop response']
  [23:07:25.081] › [AGENT2]   [     ] (0)  button[aria-label='Stop generating']
  [23:07:25.088] › [AGENT2]   [     ] (0)  button[aria-label='Stop']
  [23:07:25.095] › [AGENT2]   [     ] (0)  button[jsname='k9Ysde']
  [23:07:25.102] › [AGENT2]   [     ] (0)  button[data-testid='stop-button']
  [23:07:25.110] › [AGENT2]   [     ] (0)  .stop-button
  [23:07:25.110] · [AGENT2] ── RESPONSE ──
  [23:07:25.117] › [AGENT2]   [     ] (0)  model-response .markdown
  [23:07:25.124] › [AGENT2]   [     ] (0)  model-response response-text
  [23:07:25.131] › [AGENT2]   [     ] (0)  model-response
  [23:07:25.138] › [AGENT2]   [     ] (0)  message-content
  [23:07:25.145] › [AGENT2]   [     ] (0)  [data-turn-role='model']
  [23:07:25.152] › [AGENT2]   [     ] (0)  [data-message-author-role='model']
  [23:07:25.159] › [AGENT2]   [     ] (0)  message-content .markdown
  [23:07:25.166] › [AGENT2]   [     ] (0)  .response-content .markdown
  [23:07:25.173] › [AGENT2]   [     ] (0)  .response-content
  [23:07:25.177] › [AGENT2]   title = 'Google Gemini'
  [23:07:25.179] › [AGENT2]   url   = https://gemini.google.com/app
  [23:07:25.182] › [AGENT2]   body.innerText length = 247
  [23:07:25.182] · Opening AGENT3 tab
  [23:07:25.183] › [AGENT3] handles before: ['21B05CE3A72CD3D3D9E0F85EC4407A16', '36F5A4738AFD23C4BF42F2BBE06EE803', '4E5A699C679334CAFCD4930EBBEA35C0', '790CC828AD8192F6A7FF3B2AF5F8D191', '818346167C9ABBEDC358A60E4030B7F2', '85D4F34935A8A75A372A8CB4A317C835', '8954945B587E64BCA7339E03C5E5F927', '8EA62BD4A89D6AC07AC2CE994B218032', '98F0FA68126291CB6F773C2BF8269B88', 'A3B677398D9CC6E9DF67EAF587CC1516', 'A97EBEEE812FE282B971B018449254C7', 'BDFA78743F5E70D33D2CBF8074A267E3', 'C82BAB7CD48C4564E84FA579396700EB', 'C938F879F43FC6F8D207E8389E21D1B9', 'C9EEEC1E635E1130ED0BDE887F5650BC']
  [23:07:25.304] › [AGENT3] handles after new_window: ['21B05CE3A72CD3D3D9E0F85EC4407A16', '36F5A4738AFD23C4BF42F2BBE06EE803', '4E5A699C679334CAFCD4930EBBEA35C0', '790CC828AD8192F6A7FF3B2AF5F8D191', '818346167C9ABBEDC358A60E4030B7F2', '85D4F34935A8A75A372A8CB4A317C835', '8954945B587E64BCA7339E03C5E5F927', '8EA62BD4A89D6AC07AC2CE994B218032', '98F0FA68126291CB6F773C2BF8269B88', 'A3B677398D9CC6E9DF67EAF587CC1516', 'A97EBEEE812FE282B971B018449254C7', 'B1DBA1317B93AAC86A8CC55164013282', 'BDFA78743F5E70D33D2CBF8074A267E3', 'C82BAB7CD48C4564E84FA579396700EB', 'C938F879F43FC6F8D207E8389E21D1B9', 'C9EEEC1E635E1130ED0BDE887F5650BC']  new={'B1DBA1317B93AAC86A8CC55164013282'}
  [23:07:25.306] ✓ [AGENT3] Tab opened: B1DBA1317B93AAC86A8CC55164013282
  [23:07:29.058] · [AGENT3] ── INPUT ──
  [23:07:29.067] › [AGENT3]   [FOUND] (2)  rich-textarea div[contenteditable='true']
  [23:07:29.075] › [AGENT3]   [FOUND] (1)  rich-textarea p
  [23:07:29.082] › [AGENT3]   [FOUND] (1)  div[contenteditable='true'][data-placeholder]
  [23:07:29.089] › [AGENT3]   [FOUND] (2)  div[contenteditable='true']
  [23:07:29.097] › [AGENT3]   [FOUND] (1)  .ql-editor
  [23:07:29.104] › [AGENT3]   [     ] (0)  textarea
  [23:07:29.105] · [AGENT3] ── SEND BTN ──
  [23:07:29.112] › [AGENT3]   [FOUND] (1)  button[aria-label='Send message']
  [23:07:29.120] › [AGENT3]   [     ] (0)  button[jsname='Qx7uuf']
  [23:07:29.127] › [AGENT3]   [     ] (0)  button[data-testid='send-button']
  [23:07:29.135] › [AGENT3]   [     ] (0)  button[mattooltip='Send message']
  [23:07:29.142] › [AGENT3]   [     ] (0)  button[aria-label='Submit']
  [23:07:29.149] › [AGENT3]   [FOUND] (1)  button.send-button
  [23:07:29.156] › [AGENT3]   [FOUND] (1)  mat-icon[data-mat-icon-name='send']
  [23:07:29.156] · [AGENT3] ── STOP BTN ──
  [23:07:29.163] › [AGENT3]   [     ] (0)  button[aria-label='Stop response']
  [23:07:29.170] › [AGENT3]   [     ] (0)  button[aria-label='Stop generating']
  [23:07:29.185] › [AGENT3]   [     ] (0)  button[aria-label='Stop']
  [23:07:29.212] › [AGENT3]   [     ] (0)  button[jsname='k9Ysde']
  [23:07:29.232] › [AGENT3]   [     ] (0)  button[data-testid='stop-button']
  [23:07:29.245] › [AGENT3]   [     ] (0)  .stop-button
  [23:07:29.245] · [AGENT3] ── RESPONSE ──
  [23:07:29.252] › [AGENT3]   [     ] (0)  model-response .markdown
  [23:07:29.261] › [AGENT3]   [     ] (0)  model-response response-text
  [23:07:29.268] › [AGENT3]   [     ] (0)  model-response
  [23:07:29.277] › [AGENT3]   [     ] (0)  message-content
  [23:07:29.284] › [AGENT3]   [     ] (0)  [data-turn-role='model']
  [23:07:29.293] › [AGENT3]   [     ] (0)  [data-message-author-role='model']
  [23:07:29.300] › [AGENT3]   [     ] (0)  message-content .markdown
  [23:07:29.309] › [AGENT3]   [     ] (0)  .response-content .markdown
  [23:07:29.316] › [AGENT3]   [     ] (0)  .response-content
  [23:07:29.319] › [AGENT3]   title = 'Google Gemini'
  [23:07:29.322] › [AGENT3]   url   = https://gemini.google.com/app
  [23:07:29.327] › [AGENT3]   body.innerText length = 247
  [23:07:29.328] · Opening AGENT4 tab
  [23:07:29.329] › [AGENT4] handles before: ['21B05CE3A72CD3D3D9E0F85EC4407A16', '36F5A4738AFD23C4BF42F2BBE06EE803', '4E5A699C679334CAFCD4930EBBEA35C0', '790CC828AD8192F6A7FF3B2AF5F8D191', '818346167C9ABBEDC358A60E4030B7F2', '85D4F34935A8A75A372A8CB4A317C835', '8954945B587E64BCA7339E03C5E5F927', '8EA62BD4A89D6AC07AC2CE994B218032', '98F0FA68126291CB6F773C2BF8269B88', 'A3B677398D9CC6E9DF67EAF587CC1516', 'A97EBEEE812FE282B971B018449254C7', 'B1DBA1317B93AAC86A8CC55164013282', 'BDFA78743F5E70D33D2CBF8074A267E3', 'C82BAB7CD48C4564E84FA579396700EB', 'C938F879F43FC6F8D207E8389E21D1B9', 'C9EEEC1E635E1130ED0BDE887F5650BC']
  [23:07:29.455] › [AGENT4] handles after new_window: ['21B05CE3A72CD3D3D9E0F85EC4407A16', '36F5A4738AFD23C4BF42F2BBE06EE803', '4B381B508162540823CF0FFE6F5A4479', '4E5A699C679334CAFCD4930EBBEA35C0', '790CC828AD8192F6A7FF3B2AF5F8D191', '818346167C9ABBEDC358A60E4030B7F2', '85D4F34935A8A75A372A8CB4A317C835', '8954945B587E64BCA7339E03C5E5F927', '8EA62BD4A89D6AC07AC2CE994B218032', '98F0FA68126291CB6F773C2BF8269B88', 'A3B677398D9CC6E9DF67EAF587CC1516', 'A97EBEEE812FE282B971B018449254C7', 'B1DBA1317B93AAC86A8CC55164013282', 'BDFA78743F5E70D33D2CBF8074A267E3', 'C82BAB7CD48C4564E84FA579396700EB', 'C938F879F43FC6F8D207E8389E21D1B9', 'C9EEEC1E635E1130ED0BDE887F5650BC']  new={'4B381B508162540823CF0FFE6F5A4479'}
  [23:07:29.456] ✓ [AGENT4] Tab opened: 4B381B508162540823CF0FFE6F5A4479
  [23:07:33.071] · [AGENT4] ── INPUT ──
  [23:07:33.086] › [AGENT4]   [FOUND] (2)  rich-textarea div[contenteditable='true']
  [23:07:33.099] › [AGENT4]   [FOUND] (1)  rich-textarea p
  [23:07:33.114] › [AGENT4]   [FOUND] (1)  div[contenteditable='true'][data-placeholder]
  [23:07:33.123] › [AGENT4]   [FOUND] (2)  div[contenteditable='true']
  [23:07:33.131] › [AGENT4]   [FOUND] (1)  .ql-editor
  [23:07:33.137] › [AGENT4]   [     ] (0)  textarea
  [23:07:33.138] · [AGENT4] ── SEND BTN ──
  [23:07:33.145] › [AGENT4]   [FOUND] (1)  button[aria-label='Send message']
  [23:07:33.152] › [AGENT4]   [     ] (0)  button[jsname='Qx7uuf']
  [23:07:33.160] › [AGENT4]   [     ] (0)  button[data-testid='send-button']
  [23:07:33.167] › [AGENT4]   [     ] (0)  button[mattooltip='Send message']
  [23:07:33.174] › [AGENT4]   [     ] (0)  button[aria-label='Submit']
  [23:07:33.181] › [AGENT4]   [FOUND] (1)  button.send-button
  [23:07:33.188] › [AGENT4]   [FOUND] (1)  mat-icon[data-mat-icon-name='send']
  [23:07:33.188] · [AGENT4] ── STOP BTN ──
  [23:07:33.195] › [AGENT4]   [     ] (0)  button[aria-label='Stop response']
  [23:07:33.202] › [AGENT4]   [     ] (0)  button[aria-label='Stop generating']
  [23:07:33.209] › [AGENT4]   [     ] (0)  button[aria-label='Stop']
  [23:07:33.215] › [AGENT4]   [     ] (0)  button[jsname='k9Ysde']
  [23:07:33.222] › [AGENT4]   [     ] (0)  button[data-testid='stop-button']
  [23:07:33.229] › [AGENT4]   [     ] (0)  .stop-button
  [23:07:33.229] · [AGENT4] ── RESPONSE ──
  [23:07:33.236] › [AGENT4]   [     ] (0)  model-response .markdown
  [23:07:33.243] › [AGENT4]   [     ] (0)  model-response response-text
  [23:07:33.250] › [AGENT4]   [     ] (0)  model-response
  [23:07:33.258] › [AGENT4]   [     ] (0)  message-content
  [23:07:33.265] › [AGENT4]   [     ] (0)  [data-turn-role='model']
  [23:07:33.271] › [AGENT4]   [     ] (0)  [data-message-author-role='model']
  [23:07:33.279] › [AGENT4]   [     ] (0)  message-content .markdown
  [23:07:33.286] › [AGENT4]   [     ] (0)  .response-content .markdown
  [23:07:33.293] › [AGENT4]   [     ] (0)  .response-content
  [23:07:33.296] › [AGENT4]   title = 'Google Gemini'
  [23:07:33.298] › [AGENT4]   url   = https://gemini.google.com/app
  [23:07:33.301] › [AGENT4]   body.innerText length = 247
  [23:07:33.311] → [AGENT1] Sending 481 chars …
  [23:07:33.321] › [AGENT1] Found input box via: rich-textarea div[contenteditable='true']
  [23:07:33.322] › [AGENT1] Typing 481 chars …
  [23:07:33.613] › [AGENT1] Input verified: 488 chars placed
  [23:07:34.294] › [AGENT1] Send clicked via JS: button[aria-label='Send message']
  [23:07:34.294] ✓ [AGENT1] Dispatched.
  [23:07:34.295] ← [AGENT1] Waiting for response …
  [23:07:34.400] › [AGENT1] Response blocks before send: 0
  [23:07:34.415] › [AGENT1] Streaming started.
  [23:07:44.607] › [AGENT1] Stable 1/4 (1,731 chars)
  [23:07:47.164] › [AGENT1] tick=5 streaming=False len=1731 stable=1
  [23:07:47.164] › [AGENT1] Stable 2/4 (1,731 chars)
  [23:07:49.707] › [AGENT1] Stable 3/4 (1,731 chars)
  [23:07:52.264] › [AGENT1] Stable 4/4 (1,731 chars)
  [23:07:52.264] ✓ [AGENT1] Response ready: 1,731 chars.
  [23:07:52.265] ✓ [AGENT1] AGENT1 generated 10 candidate problems in cycle 1
  [23:07:52.266] → [AGENT1] Sending 691 chars …
  [23:07:52.271] › [AGENT1] Found input box via: rich-textarea div[contenteditable='true']
  [23:07:52.271] › [AGENT1] Typing 691 chars …
  [23:07:52.562] › [AGENT1] Input verified: 708 chars placed
  [23:07:53.230] › [AGENT1] Send clicked via JS: button[aria-label='Send message']
  [23:07:53.230] ✓ [AGENT1] Dispatched.
  [23:07:53.231] ← [AGENT1] Waiting for response …
  [23:07:53.250] › [AGENT1] Response blocks before send: 1
  [23:07:53.262] › [AGENT1] Streaming started.
  [23:08:03.495] › [AGENT1] Stable 1/4 (1,191 chars)
  [23:08:06.053] › [AGENT1] tick=5 streaming=False len=1191 stable=1
  [23:08:06.054] › [AGENT1] Stable 2/4 (1,191 chars)
  [23:08:08.611] › [AGENT1] Stable 3/4 (1,191 chars)
  [23:08:11.169] › [AGENT1] Stable 4/4 (1,191 chars)
  [23:08:11.169] ✓ [AGENT1] Response ready: 1,191 chars.
  [23:08:11.170] → [AGENT1] Sending 1,265 chars …
  [23:08:11.175] › [AGENT1] Found input box via: rich-textarea div[contenteditable='true']
  [23:08:11.175] › [AGENT1] Typing 1265 chars …
  [23:08:11.601] › [AGENT1] Input verified: 1310 chars placed
  [23:08:12.256] › [AGENT1] Send clicked via JS: button[aria-label='Send message']
  [23:08:12.256] ✓ [AGENT1] Dispatched.
  [23:08:12.257] ← [AGENT1] Waiting for response …
  [23:08:12.269] › [AGENT1] Response blocks before send: 2
  [23:08:12.287] › [AGENT1] Streaming started.
  [23:08:22.540] › [AGENT1] Stable 1/4 (1,148 chars)
  [23:08:25.139] › [AGENT1] tick=5 streaming=False len=1148 stable=1
  [23:08:25.140] › [AGENT1] Stable 2/4 (1,148 chars)
  [23:08:27.711] › [AGENT1] Stable 3/4 (1,148 chars)
  [23:08:30.285] › [AGENT1] Stable 4/4 (1,148 chars)
  [23:08:30.286] ✓ [AGENT1] Response ready: 1,148 chars.
  [23:08:30.290] → [AGENT1] Sending 669 chars …
  [23:08:30.297] › [AGENT1] Found input box via: rich-textarea div[contenteditable='true']
  [23:08:30.297] › [AGENT1] Typing 669 chars …
  [23:08:30.582] › [AGENT1] Input verified: 686 chars placed
  [23:08:31.242] › [AGENT1] Send clicked via JS: button[aria-label='Send message']
  [23:08:31.242] ✓ [AGENT1] Dispatched.
  [23:08:31.243] ← [AGENT1] Waiting for response …
  [23:08:31.277] › [AGENT1] Response blocks before send: 3
  [23:08:31.286] › [AGENT1] Streaming started.
  [23:08:41.485] › [AGENT1] Stable 1/4 (1,193 chars)
  [23:08:44.045] › [AGENT1] tick=5 streaming=False len=1193 stable=1
  [23:08:44.046] › [AGENT1] Stable 2/4 (1,193 chars)
  [23:08:46.605] › [AGENT1] Stable 3/4 (1,193 chars)
  [23:08:49.165] › [AGENT1] Stable 4/4 (1,193 chars)
  [23:08:49.166] ✓ [AGENT1] Response ready: 1,193 chars.
  [23:08:49.167] → [AGENT1] Sending 1,267 chars …
  [23:08:49.172] › [AGENT1] Found input box via: rich-textarea div[contenteditable='true']
  [23:08:49.173] › [AGENT1] Typing 1267 chars …
  [23:08:49.766] › [AGENT1] Input verified: 1317 chars placed
  [23:08:50.416] › [AGENT1] Send clicked via JS: button[aria-label='Send message']
  [23:08:50.416] ✓ [AGENT1] Dispatched.
  [23:08:50.417] ← [AGENT1] Waiting for response …
  [23:08:50.451] › [AGENT1] Response blocks before send: 4
  [23:08:50.467] › [AGENT1] Streaming started.
  [23:09:00.707] › [AGENT1] Stable 1/4 (1,151 chars)
  [23:09:03.274] › [AGENT1] tick=5 streaming=False len=1151 stable=1
  [23:09:03.274] › [AGENT1] Stable 2/4 (1,151 chars)
  [23:09:05.847] › [AGENT1] Stable 3/4 (1,151 chars)
  [23:09:08.422] › [AGENT1] Stable 4/4 (1,151 chars)
  [23:09:08.423] ✓ [AGENT1] Response ready: 1,151 chars.
  [23:09:08.427] → [AGENT1] Sending 686 chars …
  [23:09:08.434] › [AGENT1] Found input box via: rich-textarea div[contenteditable='true']
  [23:09:08.434] › [AGENT1] Typing 686 chars …
  [23:09:08.716] › [AGENT1] Input verified: 703 chars placed
  [23:09:09.386] › [AGENT1] Send clicked via JS: button[aria-label='Send message']
  [23:09:09.387] ✓ [AGENT1] Dispatched.
  [23:09:09.387] ← [AGENT1] Waiting for response …
  [23:09:09.401] › [AGENT1] Response blocks before send: 5
  [23:09:09.412] › [AGENT1] Streaming started.
  [23:09:19.666] › [AGENT1] Stable 1/4 (1,181 chars)
  [23:09:22.245] › [AGENT1] tick=5 streaming=False len=1181 stable=1
  [23:09:22.245] › [AGENT1] Stable 2/4 (1,181 chars)
  [23:09:24.807] › [AGENT1] Stable 3/4 (1,181 chars)
  [23:09:27.376] › [AGENT1] Stable 4/4 (1,181 chars)
  [23:09:27.377] ✓ [AGENT1] Response ready: 1,181 chars.
  [23:09:27.378] → [AGENT1] Sending 1,255 chars …
  [23:09:27.382] › [AGENT1] Found input box via: rich-textarea div[contenteditable='true']
  [23:09:27.383] › [AGENT1] Typing 1255 chars …
  [23:09:27.822] › [AGENT1] Input verified: 1311 chars placed
  [23:09:28.474] › [AGENT1] Send clicked via JS: button[aria-label='Send message']
  [23:09:28.474] ✓ [AGENT1] Dispatched.
  [23:09:28.475] ← [AGENT1] Waiting for response …
  [23:09:28.513] › [AGENT1] Response blocks before send: 6
  [23:09:28.524] › [AGENT1] Streaming started.
  [23:09:38.736] › [AGENT1] Stable 1/4 (1,181 chars)
  [23:09:41.301] › [AGENT1] tick=5 streaming=False len=1181 stable=1
  [23:09:41.301] › [AGENT1] Stable 2/4 (1,181 chars)
  [23:09:43.871] › [AGENT1] Stable 3/4 (1,181 chars)
  [23:09:46.438] › [AGENT1] Stable 4/4 (1,181 chars)
  [23:09:46.439] ✓ [AGENT1] Response ready: 1,181 chars.
  [23:09:46.443] → [AGENT1] Sending 620 chars …
  [23:09:46.448] › [AGENT1] Found input box via: rich-textarea div[contenteditable='true']
  [23:09:46.448] › [AGENT1] Typing 620 chars …
  [23:09:46.733] › [AGENT1] Input verified: 637 chars placed
  [23:09:47.391] › [AGENT1] Send clicked via JS: button[aria-label='Send message']
  [23:09:47.392] ✓ [AGENT1] Dispatched.
  [23:09:47.393] ← [AGENT1] Waiting for response …
  [23:09:47.413] › [AGENT1] Response blocks before send: 7
  [23:09:47.423] › [AGENT1] Streaming started.
  [23:09:57.627] › [AGENT1] Stable 1/4 (972 chars)
  [23:10:00.199] › [AGENT1] tick=5 streaming=False len=972 stable=1
  [23:10:00.199] › [AGENT1] Stable 2/4 (972 chars)
  [23:10:02.758] › [AGENT1] Stable 3/4 (972 chars)
  [23:10:05.321] › [AGENT1] Stable 4/4 (972 chars)
  [23:10:05.322] ✓ [AGENT1] Response ready: 972 chars.
  [23:10:05.323] → [AGENT1] Sending 1,046 chars …
  [23:10:05.327] › [AGENT1] Found input box via: rich-textarea div[contenteditable='true']
  [23:10:05.328] › [AGENT1] Typing 1046 chars …
  [23:10:05.706] › [AGENT1] Input verified: 1096 chars placed
  [23:10:06.354] › [AGENT1] Send clicked via JS: button[aria-label='Send message']
  [23:10:06.355] ✓ [AGENT1] Dispatched.
  [23:10:06.356] ← [AGENT1] Waiting for response …
  [23:10:06.371] › [AGENT1] Response blocks before send: 8
  [23:10:06.382] › [AGENT1] Streaming started.
  [23:10:16.625] › [AGENT1] Stable 1/4 (972 chars)
  [23:10:19.249] › [AGENT1] tick=5 streaming=False len=972 stable=1
  [23:10:19.249] › [AGENT1] Stable 2/4 (972 chars)
  [23:10:21.829] › [AGENT1] Stable 3/4 (972 chars)
  [23:10:24.409] › [AGENT1] Stable 4/4 (972 chars)
  [23:10:24.409] ✓ [AGENT1] Response ready: 972 chars.
  [23:10:24.414] → [AGENT1] Sending 631 chars …
  [23:10:24.418] › [AGENT1] Found input box via: rich-textarea div[contenteditable='true']
  [23:10:24.419] › [AGENT1] Typing 631 chars …
  [23:10:24.713] › [AGENT1] Input verified: 648 chars placed
  [23:10:25.376] › [AGENT1] Send clicked via JS: button[aria-label='Send message']
  [23:10:25.376] ✓ [AGENT1] Dispatched.
  [23:10:25.377] ← [AGENT1] Waiting for response …
  [23:10:25.399] › [AGENT1] Response blocks before send: 9
  [23:10:25.411] › [AGENT1] Streaming started.
  [23:10:35.650] › [AGENT1] Stable 1/4 (1,001 chars)
  [23:10:38.237] › [AGENT1] tick=5 streaming=False len=1001 stable=1
  [23:10:38.237] › [AGENT1] Stable 2/4 (1,001 chars)
  [23:10:40.805] › [AGENT1] Stable 3/4 (1,001 chars)
  [23:10:43.380] › [AGENT1] Stable 4/4 (1,001 chars)
  [23:10:43.382] ✓ [AGENT1] Response ready: 1,001 chars.
  [23:10:43.400] → [AGENT1] Sending 1,075 chars …
  [23:10:43.430] › [AGENT1] Found input box via: rich-textarea div[contenteditable='true']
  [23:10:43.431] › [AGENT1] Typing 1075 chars …
  [23:10:43.821] › [AGENT1] Input verified: 1125 chars placed
  [23:10:44.474] › [AGENT1] Send clicked via JS: button[aria-label='Send message']
  [23:10:44.474] ✓ [AGENT1] Dispatched.
  [23:10:44.476] ← [AGENT1] Waiting for response …
  [23:10:44.494] › [AGENT1] Response blocks before send: 10
  [23:10:44.503] › [AGENT1] Streaming started.
  [23:10:54.737] › [AGENT1] Stable 1/4 (1,001 chars)
  [23:10:57.321] › [AGENT1] tick=5 streaming=False len=1001 stable=1
  [23:10:57.322] › [AGENT1] Stable 2/4 (1,001 chars)
  [23:10:59.897] › [AGENT1] Stable 3/4 (1,001 chars)
  [23:11:02.485] › [AGENT1] Stable 4/4 (1,001 chars)
  [23:11:02.486] ✓ [AGENT1] Response ready: 1,001 chars.
  [23:11:02.499] → [AGENT1] Sending 661 chars …
  [23:11:02.511] › [AGENT1] Found input box via: rich-textarea div[contenteditable='true']
  [23:11:02.511] › [AGENT1] Typing 661 chars …
  [23:11:02.797] › [AGENT1] Input verified: 678 chars placed
  [23:11:03.463] › [AGENT1] Send clicked via JS: button[aria-label='Send message']
  [23:11:03.463] ✓ [AGENT1] Dispatched.
  [23:11:03.464] ← [AGENT1] Waiting for response …
  [23:11:03.487] › [AGENT1] Response blocks before send: 11
  [23:11:03.498] › [AGENT1] Streaming started.
  [23:11:16.365] › [AGENT1] tick=5 streaming=False len=1348 stable=0
  [23:11:16.366] › [AGENT1] Stable 1/4 (1,348 chars)
  [23:11:18.960] › [AGENT1] Stable 2/4 (1,348 chars)
  [23:11:21.543] › [AGENT1] Stable 3/4 (1,348 chars)
  [23:11:24.128] › [AGENT1] Stable 4/4 (1,348 chars)
  [23:11:24.128] ✓ [AGENT1] Response ready: 1,348 chars.
  [23:11:24.129] → [AGENT1] Sending 1,422 chars …
  [23:11:24.134] › [AGENT1] Found input box via: rich-textarea div[contenteditable='true']
  [23:11:24.134] › [AGENT1] Typing 1422 chars …
  [23:11:24.634] › [AGENT1] Input verified: 1491 chars placed
  [23:11:25.303] › [AGENT1] Send clicked via JS: button[aria-label='Send message']
  [23:11:25.304] ✓ [AGENT1] Dispatched.
  [23:11:25.305] ← [AGENT1] Waiting for response …
  [23:11:25.332] › [AGENT1] Response blocks before send: 12
  [23:11:25.344] › [AGENT1] Streaming started.
  [23:11:35.805] › [AGENT1] Stable 1/4 (1,349 chars)
  [23:11:38.389] › [AGENT1] tick=5 streaming=False len=1349 stable=1
  [23:11:38.390] › [AGENT1] Stable 2/4 (1,349 chars)
  [23:11:40.978] › [AGENT1] Stable 3/4 (1,349 chars)
  [23:11:43.558] › [AGENT1] Stable 4/4 (1,349 chars)
  [23:11:43.559] ✓ [AGENT1] Response ready: 1,349 chars.
  [23:11:43.570] → [AGENT1] Sending 578 chars …
  [23:11:43.579] › [AGENT1] Found input box via: rich-textarea div[contenteditable='true']
  [23:11:43.579] › [AGENT1] Typing 578 chars …
  [23:11:43.865] › [AGENT1] Input verified: 595 chars placed
  [23:11:44.529] › [AGENT1] Send clicked via JS: button[aria-label='Send message']
  [23:11:44.529] ✓ [AGENT1] Dispatched.
  [23:11:44.530] ← [AGENT1] Waiting for response …
  [23:11:44.556] › [AGENT1] Response blocks before send: 13
  [23:11:44.567] › [AGENT1] Streaming started.
  [23:11:54.756] › [AGENT1] Stable 1/4 (922 chars)
  [23:11:57.315] › [AGENT1] tick=5 streaming=False len=922 stable=1
  [23:11:57.316] › [AGENT1] Stable 2/4 (922 chars)
  [23:11:59.873] › [AGENT1] Stable 3/4 (922 chars)
  [23:12:02.431] › [AGENT1] Stable 4/4 (922 chars)
  [23:12:02.432] ✓ [AGENT1] Response ready: 922 chars.
  [23:12:02.436] → [AGENT1] Sending 607 chars …
  [23:12:02.440] › [AGENT1] Found input box via: rich-textarea div[contenteditable='true']
  [23:12:02.440] › [AGENT1] Typing 607 chars …
  [23:12:02.730] › [AGENT1] Input verified: 624 chars placed
  [23:12:03.397] › [AGENT1] Send clicked via JS: button[aria-label='Send message']
  [23:12:03.397] ✓ [AGENT1] Dispatched.
  [23:12:03.398] ← [AGENT1] Waiting for response …
  [23:12:03.447] › [AGENT1] Response blocks before send: 14
  [23:12:03.504] › [AGENT1] Streaming started.
  [23:12:13.776] › [AGENT1] Stable 1/4 (981 chars)
  [23:12:16.347] › [AGENT1] tick=5 streaming=False len=981 stable=1
  [23:12:16.347] › [AGENT1] Stable 2/4 (981 chars)
  [23:12:18.926] › [AGENT1] Stable 3/4 (981 chars)
  [23:12:21.509] › [AGENT1] Stable 4/4 (981 chars)
  [23:12:21.511] ✓ [AGENT1] Response ready: 981 chars.
  [23:12:21.511] → [AGENT1] Sending 1,055 chars …
  [23:12:21.516] › [AGENT1] Found input box via: rich-textarea div[contenteditable='true']
  [23:12:21.516] › [AGENT1] Typing 1055 chars …
  [23:12:21.923] › [AGENT1] Input verified: 1109 chars placed
  [23:12:22.613] › [AGENT1] Send clicked via JS: button[aria-label='Send message']
  [23:12:22.614] ✓ [AGENT1] Dispatched.
  [23:12:22.615] ← [AGENT1] Waiting for response …
  [23:12:22.636] › [AGENT1] Response blocks before send: 15
  [23:12:22.653] › [AGENT1] Streaming started.
  [23:12:32.989] › [AGENT1] Stable 1/4 (980 chars)
  [23:12:35.574] › [AGENT1] tick=5 streaming=False len=980 stable=1
  [23:12:35.574] › [AGENT1] Stable 2/4 (980 chars)
  [23:12:38.156] › [AGENT1] Stable 3/4 (980 chars)
  [23:12:40.747] › [AGENT1] Stable 4/4 (980 chars)
  [23:12:40.751] ✓ [AGENT1] Response ready: 980 chars.
  [23:12:40.782] → [AGENT1] Sending 689 chars …
  [23:12:40.800] › [AGENT1] Found input box via: rich-textarea div[contenteditable='true']
  [23:12:40.800] › [AGENT1] Typing 689 chars …
  [23:12:41.105] › [AGENT1] Input verified: 706 chars placed
  [23:12:41.778] › [AGENT1] Send clicked via JS: button[aria-label='Send message']
  [23:12:41.778] ✓ [AGENT1] Dispatched.
  [23:12:41.779] ← [AGENT1] Waiting for response …
  [23:12:41.799] › [AGENT1] Response blocks before send: 16
  [23:12:41.811] › [AGENT1] Streaming started.
  [23:12:52.241] › [AGENT1] Stable 1/4 (1,175 chars)
  [23:12:54.824] › [AGENT1] tick=5 streaming=False len=1175 stable=1
  [23:12:54.824] › [AGENT1] Stable 2/4 (1,175 chars)
  [23:12:57.402] › [AGENT1] Stable 3/4 (1,175 chars)
  [23:12:59.986] › [AGENT1] Stable 4/4 (1,175 chars)
  [23:12:59.987] ✓ [AGENT1] Response ready: 1,175 chars.
  [23:13:00.014] → [AGENT1] Sending 1,249 chars …
  [23:13:00.031] › [AGENT1] Found input box via: rich-textarea div[contenteditable='true']
  [23:13:00.032] › [AGENT1] Typing 1249 chars …
  [23:13:00.499] › [AGENT1] Input verified: 1309 chars placed
  [23:13:01.168] › [AGENT1] Send clicked via JS: button[aria-label='Send message']
  [23:13:01.169] ✓ [AGENT1] Dispatched.
  [23:13:01.171] ← [AGENT1] Waiting for response …
  [23:13:01.204] › [AGENT1] Response blocks before send: 17
  [23:13:01.218] › [AGENT1] Streaming started.
  [23:13:11.485] › [AGENT1] Stable 1/4 (1,175 chars)
  [23:13:14.070] › [AGENT1] tick=5 streaming=False len=1175 stable=1
  [23:13:14.070] › [AGENT1] Stable 2/4 (1,175 chars)
  [23:13:16.647] › [AGENT1] Stable 3/4 (1,175 chars)
  [23:13:19.256] › [AGENT1] Stable 4/4 (1,175 chars)
  [23:13:19.257] ✓ [AGENT1] Response ready: 1,175 chars.
  [23:13:19.263] → [AGENT1] Sending 687 chars …
  [23:13:19.272] › [AGENT1] Found input box via: rich-textarea div[contenteditable='true']
  [23:13:19.272] › [AGENT1] Typing 687 chars …
  [23:13:19.600] › [AGENT1] Input verified: 704 chars placed
  [23:13:20.260] › [AGENT1] Send clicked via JS: button[aria-label='Send message']
  [23:13:20.261] ✓ [AGENT1] Dispatched.
  [23:13:20.261] ← [AGENT1] Waiting for response …
  [23:13:20.354] › [AGENT1] Response blocks before send: 18
  [23:13:20.396] › [AGENT1] Streaming started.
  [23:13:30.568] › [AGENT1] Stable 1/4 (1,197 chars)
  [23:13:33.124] › [AGENT1] tick=5 streaming=False len=1197 stable=1
  [23:13:33.124] › [AGENT1] Stable 2/4 (1,197 chars)
  [23:13:35.688] › [AGENT1] Stable 3/4 (1,197 chars)
  [23:13:38.242] › [AGENT1] Stable 4/4 (1,197 chars)
  [23:13:38.243] ✓ [AGENT1] Response ready: 1,197 chars.
  [23:13:38.258] → [AGENT2] Sending 481 chars …
  [23:13:38.287] › [AGENT2] Found input box via: rich-textarea div[contenteditable='true']
  [23:13:38.287] › [AGENT2] Typing 481 chars …
  [23:13:38.577] › [AGENT2] Input verified: 488 chars placed
  [23:13:39.250] › [AGENT2] Send clicked via JS: button[aria-label='Send message']
  [23:13:39.251] ✓ [AGENT2] Dispatched.
  [23:13:39.252] ← [AGENT2] Waiting for response …
  [23:13:39.443] › [AGENT2] Response blocks before send: 0
  [23:13:39.456] › [AGENT2] Streaming started.
  [23:13:49.671] › [AGENT2] Stable 1/4 (1,409 chars)
  [23:13:52.227] › [AGENT2] tick=5 streaming=False len=1409 stable=1
  [23:13:52.228] › [AGENT2] Stable 2/4 (1,409 chars)
  [23:13:54.781] › [AGENT2] Stable 3/4 (1,409 chars)
  [23:13:57.341] › [AGENT2] Stable 4/4 (1,409 chars)
  [23:13:57.341] ✓ [AGENT2] Response ready: 1,409 chars.
  [23:13:57.342] ✓ [AGENT2] AGENT2 generated 10 candidate problems in cycle 1
  [23:13:57.342] → [AGENT2] Sending 648 chars …
  [23:13:57.347] › [AGENT2] Found input box via: rich-textarea div[contenteditable='true']
  [23:13:57.347] › [AGENT2] Typing 648 chars …
  [23:13:57.649] › [AGENT2] Input verified: 665 chars placed
  [23:13:58.306] › [AGENT2] Send clicked via JS: button[aria-label='Send message']
  [23:13:58.307] ✓ [AGENT2] Dispatched.
  [23:13:58.308] ← [AGENT2] Waiting for response …
  [23:13:58.321] › [AGENT2] Response blocks before send: 1
  [23:13:58.332] › [AGENT2] Streaming started.
  [23:14:08.605] › [AGENT2] Stable 1/4 (869 chars)
  [23:14:11.173] › [AGENT2] tick=5 streaming=False len=869 stable=1
  [23:14:11.173] › [AGENT2] Stable 2/4 (869 chars)
  [23:14:13.754] › [AGENT2] Stable 3/4 (869 chars)
  [23:14:16.343] › [AGENT2] Stable 4/4 (869 chars)
  [23:14:16.352] ✓ [AGENT2] Response ready: 869 chars.
  [23:14:16.378] → [AGENT2] Sending 943 chars …
  [23:14:16.392] › [AGENT2] Found input box via: rich-textarea div[contenteditable='true']
  [23:14:16.392] › [AGENT2] Typing 943 chars …
  [23:14:16.751] › [AGENT2] Input verified: 984 chars placed
  [23:14:17.399] › [AGENT2] Send clicked via JS: button[aria-label='Send message']
  [23:14:17.399] ✓ [AGENT2] Dispatched.
  [23:14:17.400] ← [AGENT2] Waiting for response …
  [23:14:17.413] › [AGENT2] Response blocks before send: 2
  [23:14:17.421] › [AGENT2] Streaming started.
  [23:14:25.096] › [AGENT2] Stable 1/4 (869 chars)
  [23:14:27.670] › [AGENT2] Stable 2/4 (869 chars)
  [23:14:30.246] › [AGENT2] tick=5 streaming=False len=869 stable=2
  [23:14:30.246] › [AGENT2] Stable 3/4 (869 chars)
  [23:14:32.829] › [AGENT2] Stable 4/4 (869 chars)
  [23:14:32.830] ✓ [AGENT2] Response ready: 869 chars.
  [23:14:32.849] → [AGENT2] Sending 642 chars …
  [23:14:32.857] › [AGENT2] Found input box via: rich-textarea div[contenteditable='true']
  [23:14:32.857] › [AGENT2] Typing 642 chars …
  [23:14:33.144] › [AGENT2] Input verified: 659 chars placed
  [23:14:33.801] › [AGENT2] Send clicked via JS: button[aria-label='Send message']
  [23:14:33.801] ✓ [AGENT2] Dispatched.
  [23:14:33.802] ← [AGENT2] Waiting for response …
  [23:14:33.814] › [AGENT2] Response blocks before send: 3
  [23:14:33.825] › [AGENT2] Streaming started.
  [23:14:44.093] › [AGENT2] Stable 1/4 (893 chars)
  [23:14:46.660] › [AGENT2] tick=5 streaming=False len=893 stable=1
  [23:14:46.660] › [AGENT2] Stable 2/4 (893 chars)
  [23:14:49.232] › [AGENT2] Stable 3/4 (893 chars)
  [23:14:51.806] › [AGENT2] Stable 4/4 (893 chars)
  [23:14:51.806] ✓ [AGENT2] Response ready: 893 chars.
  [23:14:51.807] → [AGENT2] Sending 967 chars …
  [23:14:51.813] › [AGENT2] Found input box via: rich-textarea div[contenteditable='true']
  [23:14:51.813] › [AGENT2] Typing 967 chars …
  [23:14:52.218] › [AGENT2] Input verified: 1016 chars placed
  [23:14:52.876] › [AGENT2] Send clicked via JS: button[aria-label='Send message']
  [23:14:52.876] ✓ [AGENT2] Dispatched.
  [23:14:52.877] ← [AGENT2] Waiting for response …
  [23:14:52.896] › [AGENT2] Response blocks before send: 4
  [23:14:52.906] › [AGENT2] Streaming started.
  [23:15:03.160] › [AGENT2] Stable 1/4 (893 chars)
  [23:15:05.736] › [AGENT2] tick=5 streaming=False len=893 stable=1
  [23:15:05.736] › [AGENT2] Stable 2/4 (893 chars)
  [23:15:08.310] › [AGENT2] Stable 3/4 (893 chars)
  [23:15:10.887] › [AGENT2] Stable 4/4 (893 chars)
  [23:15:10.888] ✓ [AGENT2] Response ready: 893 chars.
  [23:15:10.892] → [AGENT2] Sending 644 chars …
  [23:15:10.897] › [AGENT2] Found input box via: rich-textarea div[contenteditable='true']
  [23:15:10.897] › [AGENT2] Typing 644 chars …
  [23:15:11.178] › [AGENT2] Input verified: 661 chars placed
  [23:15:11.840] › [AGENT2] Send clicked via JS: button[aria-label='Send message']
  [23:15:11.841] ✓ [AGENT2] Dispatched.
  [23:15:11.841] ← [AGENT2] Waiting for response …
  [23:15:11.861] › [AGENT2] Response blocks before send: 5
  [23:15:11.870] › [AGENT2] Streaming started.
  [23:15:19.591] › [AGENT2] Stable 1/4 (725 chars)
  [23:15:22.159] › [AGENT2] Stable 2/4 (725 chars)
  [23:15:24.727] › [AGENT2] tick=5 streaming=False len=725 stable=2
  [23:15:24.728] › [AGENT2] Stable 3/4 (725 chars)
  [23:15:27.294] › [AGENT2] Stable 4/4 (725 chars)
  [23:15:27.295] ✓ [AGENT2] Response ready: 725 chars.
  [23:15:27.301] → [AGENT2] Sending 573 chars …
  [23:15:27.408] › [AGENT2] Found input box via: rich-textarea div[contenteditable='true']
  [23:15:27.408] › [AGENT2] Typing 573 chars …
  [23:15:27.730] › [AGENT2] Input verified: 590 chars placed
  [23:15:28.398] › [AGENT2] Send clicked via JS: button[aria-label='Send message']
  [23:15:28.398] ✓ [AGENT2] Dispatched.
  [23:15:28.399] ← [AGENT2] Waiting for response …
  [23:15:28.451] › [AGENT2] Response blocks before send: 6
  [23:15:28.500] › [AGENT2] Streaming started.
  [23:15:38.761] › [AGENT2] Stable 1/4 (804 chars)
  [23:15:41.354] › [AGENT2] tick=5 streaming=False len=804 stable=1
  [23:15:41.354] › [AGENT2] Stable 2/4 (804 chars)
  [23:15:43.933] › [AGENT2] Stable 3/4 (804 chars)
  [23:15:46.509] › [AGENT2] Stable 4/4 (804 chars)
  [23:15:46.510] ✓ [AGENT2] Response ready: 804 chars.
  [23:15:46.510] → [AGENT2] Sending 878 chars …
  [23:15:46.515] › [AGENT2] Found input box via: rich-textarea div[contenteditable='true']
  [23:15:46.515] › [AGENT2] Typing 878 chars …
  [23:15:46.884] › [AGENT2] Input verified: 919 chars placed
  [23:15:47.537] › [AGENT2] Send clicked via JS: button[aria-label='Send message']
  [23:15:47.537] ✓ [AGENT2] Dispatched.
  [23:15:47.538] ← [AGENT2] Waiting for response …
  [23:15:47.579] › [AGENT2] Response blocks before send: 7
  [23:15:47.589] › [AGENT2] Streaming started.
  [23:15:57.835] › [AGENT2] Stable 1/4 (804 chars)
  [23:16:00.420] › [AGENT2] tick=5 streaming=False len=804 stable=1
  [23:16:00.420] › [AGENT2] Stable 2/4 (804 chars)
  [23:16:02.995] › [AGENT2] Stable 3/4 (804 chars)
  [23:16:05.565] › [AGENT2] Stable 4/4 (804 chars)
  [23:16:05.566] ✓ [AGENT2] Response ready: 804 chars.
  [23:16:05.571] → [AGENT2] Sending 632 chars …
  [23:16:05.576] › [AGENT2] Found input box via: rich-textarea div[contenteditable='true']
  [23:16:05.576] › [AGENT2] Typing 632 chars …
  [23:16:05.899] › [AGENT2] Input verified: 649 chars placed
  [23:16:06.572] › [AGENT2] Send clicked via JS: button[aria-label='Send message']
  [23:16:06.572] ✓ [AGENT2] Dispatched.
  [23:16:06.573] ← [AGENT2] Waiting for response …
  [23:16:06.587] › [AGENT2] Response blocks before send: 8
  [23:16:06.599] › [AGENT2] Streaming started.
  [23:16:14.241] › [AGENT2] Stable 1/4 (692 chars)
  [23:16:16.879] › [AGENT2] Stable 2/4 (692 chars)
  [23:16:19.654] › [AGENT2] tick=5 streaming=False len=692 stable=2
  [23:16:20.035] › [AGENT2] Stable 3/4 (692 chars)
  [23:16:22.677] › [AGENT2] Stable 4/4 (692 chars)
  [23:16:22.677] ✓ [AGENT2] Response ready: 692 chars.
  [23:16:22.692] → [AGENT2] Sending 627 chars …
  [23:16:22.704] › [AGENT2] Found input box via: rich-textarea div[contenteditable='true']
  [23:16:22.704] › [AGENT2] Typing 627 chars …
  [23:16:23.054] › [AGENT2] Input verified: 644 chars placed
  [23:16:23.732] › [AGENT2] Send clicked via JS: button[aria-label='Send message']
  [23:16:23.733] ✓ [AGENT2] Dispatched.
  [23:16:23.733] ← [AGENT2] Waiting for response …
  [23:16:23.766] › [AGENT2] Response blocks before send: 9
  [23:16:23.814] › [AGENT2] Streaming started.
  [23:16:31.803] › [AGENT2] Stable 1/4 (905 chars)
  [23:16:34.364] › [AGENT2] Stable 2/4 (905 chars)
  [23:16:36.920] › [AGENT2] tick=5 streaming=False len=905 stable=2
  [23:16:36.921] › [AGENT2] Stable 3/4 (905 chars)
  [23:16:39.475] › [AGENT2] Stable 4/4 (905 chars)
  [23:16:39.476] ✓ [AGENT2] Response ready: 905 chars.
  [23:16:39.477] → [AGENT2] Sending 979 chars …
  [23:16:39.481] › [AGENT2] Found input box via: rich-textarea div[contenteditable='true']
  [23:16:39.481] › [AGENT2] Typing 979 chars …
  [23:16:39.855] › [AGENT2] Input verified: 1024 chars placed
  [23:16:40.520] › [AGENT2] Send clicked via JS: button[aria-label='Send message']
  [23:16:40.520] ✓ [AGENT2] Dispatched.
  [23:16:40.521] ← [AGENT2] Waiting for response …
  [23:16:40.537] › [AGENT2] Response blocks before send: 10
  [23:16:40.548] › [AGENT2] Streaming started.
  [23:16:48.293] › [AGENT2] Stable 1/4 (907 chars)
  [23:16:50.879] › [AGENT2] Stable 2/4 (907 chars)
  [23:16:53.465] › [AGENT2] tick=5 streaming=False len=907 stable=2
  [23:16:53.465] › [AGENT2] Stable 3/4 (907 chars)
  [23:16:56.025] › [AGENT2] Stable 4/4 (907 chars)
  [23:16:56.025] ✓ [AGENT2] Response ready: 907 chars.
  [23:16:56.030] → [AGENT2] Sending 627 chars …
  [23:16:56.034] › [AGENT2] Found input box via: rich-textarea div[contenteditable='true']
  [23:16:56.034] › [AGENT2] Typing 627 chars …
  [23:16:56.340] › [AGENT2] Input verified: 644 chars placed
  [23:16:57.015] › [AGENT2] Send clicked via JS: button[aria-label='Send message']
  [23:16:57.016] ✓ [AGENT2] Dispatched.
  [23:16:57.017] ← [AGENT2] Waiting for response …
  [23:16:57.036] › [AGENT2] Response blocks before send: 11
  [23:16:57.053] › [AGENT2] Streaming started.
  [23:17:07.314] › [AGENT2] Stable 1/4 (892 chars)
  [23:17:09.894] › [AGENT2] tick=5 streaming=False len=892 stable=1
  [23:17:09.894] › [AGENT2] Stable 2/4 (892 chars)
  [23:17:12.461] › [AGENT2] Stable 3/4 (892 chars)
  [23:17:15.046] › [AGENT2] Stable 4/4 (892 chars)
  [23:17:15.047] ✓ [AGENT2] Response ready: 892 chars.
  [23:17:15.051] → [AGENT2] Sending 629 chars …
  [23:17:15.055] › [AGENT2] Found input box via: rich-textarea div[contenteditable='true']
  [23:17:15.056] › [AGENT2] Typing 629 chars …
  [23:17:15.516] › [AGENT2] Input verified: 646 chars placed
  [23:17:16.189] › [AGENT2] Send clicked via JS: button[aria-label='Send message']
  [23:17:16.189] ✓ [AGENT2] Dispatched.
  [23:17:16.191] ← [AGENT2] Waiting for response …
  [23:17:16.221] › [AGENT2] Response blocks before send: 12
  [23:17:16.234] › [AGENT2] Streaming started.
  [23:17:26.562] › [AGENT2] Stable 1/4 (995 chars)
  [23:17:29.152] › [AGENT2] tick=5 streaming=False len=995 stable=1
  [23:17:29.152] › [AGENT2] Stable 2/4 (995 chars)
  [23:17:31.740] › [AGENT2] Stable 3/4 (995 chars)
  [23:17:34.317] › [AGENT2] Stable 4/4 (995 chars)
  [23:17:34.318] ✓ [AGENT2] Response ready: 995 chars.
  [23:17:34.319] → [AGENT2] Sending 1,069 chars …
  [23:17:34.323] › [AGENT2] Found input box via: rich-textarea div[contenteditable='true']
  [23:17:34.323] › [AGENT2] Typing 1069 chars …
  [23:17:34.717] › [AGENT2] Input verified: 1125 chars placed
  [23:17:35.381] › [AGENT2] Send clicked via JS: button[aria-label='Send message']
  [23:17:35.381] ✓ [AGENT2] Dispatched.
  [23:17:35.382] ← [AGENT2] Waiting for response …
  [23:17:35.405] › [AGENT2] Response blocks before send: 13
  [23:17:35.435] › [AGENT2] Streaming started.
  [23:17:45.768] › [AGENT2] Stable 1/4 (998 chars)
  [23:17:48.351] › [AGENT2] tick=5 streaming=False len=998 stable=1
  [23:17:48.351] › [AGENT2] Stable 2/4 (998 chars)
  [23:17:50.933] › [AGENT2] Stable 3/4 (998 chars)
  [23:17:53.508] › [AGENT2] Stable 4/4 (998 chars)
  [23:17:53.509] ✓ [AGENT2] Response ready: 998 chars.
  [23:17:53.515] → [AGENT2] Sending 593 chars …
  [23:17:53.519] › [AGENT2] Found input box via: rich-textarea div[contenteditable='true']
  [23:17:53.520] › [AGENT2] Typing 593 chars …
  [23:17:53.820] › [AGENT2] Input verified: 610 chars placed
  [23:17:54.475] › [AGENT2] Send clicked via JS: button[aria-label='Send message']
  [23:17:54.475] ✓ [AGENT2] Dispatched.
  [23:17:54.476] ← [AGENT2] Waiting for response …
  [23:17:54.496] › [AGENT2] Response blocks before send: 14
  [23:17:54.506] › [AGENT2] Streaming started.
  [23:18:04.753] › [AGENT2] Stable 1/4 (912 chars)
  [23:18:07.367] › [AGENT2] tick=5 streaming=False len=912 stable=1
  [23:18:07.368] › [AGENT2] Stable 2/4 (912 chars)
  [23:18:09.950] › [AGENT2] Stable 3/4 (912 chars)
  [23:18:12.541] › [AGENT2] Stable 4/4 (912 chars)
  [23:18:12.541] ✓ [AGENT2] Response ready: 912 chars.
  [23:18:12.542] → [AGENT2] Sending 986 chars …
  [23:18:12.547] › [AGENT2] Found input box via: rich-textarea div[contenteditable='true']
  [23:18:12.547] › [AGENT2] Typing 986 chars …
  [23:18:13.040] › [AGENT2] Input verified: 1043 chars placed
  [23:18:13.716] › [AGENT2] Send clicked via JS: button[aria-label='Send message']
  [23:18:13.717] ✓ [AGENT2] Dispatched.
  [23:18:13.718] ← [AGENT2] Waiting for response …
  [23:18:13.735] › [AGENT2] Response blocks before send: 15
  [23:18:13.749] › [AGENT2] Streaming started.
  [23:18:26.522] › [AGENT2] tick=5 streaming=True len=916 stable=0
  [23:18:29.095] › [AGENT2] Stable 1/4 (916 chars)
  [23:18:31.663] › [AGENT2] Stable 2/4 (916 chars)
  [23:18:34.237] › [AGENT2] Stable 3/4 (916 chars)
  [23:18:36.810] › [AGENT2] Stable 4/4 (916 chars)
  [23:18:36.810] ✓ [AGENT2] Response ready: 916 chars.
  [23:18:36.815] → [AGENT2] Sending 602 chars …
  [23:18:36.819] › [AGENT2] Found input box via: rich-textarea div[contenteditable='true']
  [23:18:36.819] › [AGENT2] Typing 602 chars …
  [23:18:37.105] › [AGENT2] Input verified: 619 chars placed
  [23:18:37.755] › [AGENT2] Send clicked via JS: button[aria-label='Send message']
  [23:18:37.755] ✓ [AGENT2] Dispatched.
  [23:18:37.756] ← [AGENT2] Waiting for response …
  [23:18:37.781] › [AGENT2] Response blocks before send: 16
  [23:18:37.796] › [AGENT2] Streaming started.
  [23:18:48.153] › [AGENT2] Stable 1/4 (894 chars)
  [23:18:50.719] › [AGENT2] tick=5 streaming=False len=894 stable=1
  [23:18:50.719] › [AGENT2] Stable 2/4 (894 chars)
  [23:18:53.291] › [AGENT2] Stable 3/4 (894 chars)
  [23:18:55.897] › [AGENT2] Stable 4/4 (894 chars)
  [23:18:55.898] ✓ [AGENT2] Response ready: 894 chars.
  [23:18:55.899] → [AGENT2] Sending 968 chars …
  [23:18:55.904] › [AGENT2] Found input box via: rich-textarea div[contenteditable='true']
  [23:18:55.904] › [AGENT2] Typing 968 chars …
  [23:18:56.301] › [AGENT2] Input verified: 1013 chars placed
  [23:18:56.957] › [AGENT2] Send clicked via JS: button[aria-label='Send message']
  [23:18:56.958] ✓ [AGENT2] Dispatched.
  [23:18:56.959] ← [AGENT2] Waiting for response …
  [23:18:56.977] › [AGENT2] Response blocks before send: 17
  [23:18:56.995] › [AGENT2] Streaming started.
  [23:19:07.250] › [AGENT2] Stable 1/4 (894 chars)
  [23:19:09.821] › [AGENT2] tick=5 streaming=False len=894 stable=1
  [23:19:09.821] › [AGENT2] Stable 2/4 (894 chars)
  [23:19:12.394] › [AGENT2] Stable 3/4 (894 chars)
  [23:19:14.974] › [AGENT2] Stable 4/4 (894 chars)
  [23:19:14.975] ✓ [AGENT2] Response ready: 894 chars.
  [23:19:15.082] → [AGENT3] Sending 481 chars …
  [23:19:15.138] › [AGENT3] Found input box via: rich-textarea div[contenteditable='true']
  [23:19:15.139] › [AGENT3] Typing 481 chars …
  [23:19:15.687] › [AGENT3] Input verified: 488 chars placed
  [23:19:16.373] › [AGENT3] Send clicked via JS: button[aria-label='Send message']
  [23:19:16.374] ✓ [AGENT3] Dispatched.
  [23:19:16.375] ← [AGENT3] Waiting for response …
  [23:19:16.537] › [AGENT3] Response blocks before send: 0
  [23:19:16.552] › [AGENT3] Streaming started.
  [23:19:26.793] › [AGENT3] Stable 1/4 (1,392 chars)
  [23:19:29.368] › [AGENT3] tick=5 streaming=False len=1392 stable=1
  [23:19:29.369] › [AGENT3] Stable 2/4 (1,392 chars)
  [23:19:31.937] › [AGENT3] Stable 3/4 (1,392 chars)
  [23:19:34.494] › [AGENT3] Stable 4/4 (1,392 chars)
  [23:19:34.494] ✓ [AGENT3] Response ready: 1,392 chars.
  [23:19:34.495] ✓ [AGENT3] AGENT3 generated 10 candidate problems in cycle 1
  [23:19:34.495] → [AGENT3] Sending 635 chars …
  [23:19:34.500] › [AGENT3] Found input box via: rich-textarea div[contenteditable='true']
  [23:19:34.500] › [AGENT3] Typing 635 chars …
  [23:19:34.802] › [AGENT3] Input verified: 652 chars placed
  [23:19:35.458] › [AGENT3] Send clicked via JS: button[aria-label='Send message']
  [23:19:35.459] ✓ [AGENT3] Dispatched.
  [23:19:35.459] ← [AGENT3] Waiting for response …
  [23:19:35.470] › [AGENT3] Response blocks before send: 1
  [23:19:35.481] › [AGENT3] Streaming started.
  [23:19:45.751] › [AGENT3] Stable 1/4 (1,022 chars)
  [23:19:48.348] › [AGENT3] tick=5 streaming=False len=1022 stable=1
  [23:19:48.351] › [AGENT3] Stable 2/4 (1,022 chars)
  [23:19:50.937] › [AGENT3] Stable 3/4 (1,022 chars)
  [23:19:53.521] › [AGENT3] Stable 4/4 (1,022 chars)
  [23:19:53.521] ✓ [AGENT3] Response ready: 1,022 chars.
  [23:19:53.522] → [AGENT3] Sending 1,096 chars …
  [23:19:53.529] › [AGENT3] Found input box via: rich-textarea div[contenteditable='true']
  [23:19:53.529] › [AGENT3] Typing 1096 chars …
  [23:19:53.905] › [AGENT3] Input verified: 1143 chars placed
  [23:19:54.562] › [AGENT3] Send clicked via JS: button[aria-label='Send message']
  [23:19:54.563] ✓ [AGENT3] Dispatched.
  [23:19:54.563] ← [AGENT3] Waiting for response …
  [23:19:54.579] › [AGENT3] Response blocks before send: 2
  [23:19:54.589] › [AGENT3] Streaming started.
  [23:20:04.869] › [AGENT3] Stable 1/4 (1,025 chars)
  [23:20:07.455] › [AGENT3] tick=5 streaming=False len=1025 stable=1
  [23:20:07.455] › [AGENT3] Stable 2/4 (1,025 chars)
  [23:20:10.039] › [AGENT3] Stable 3/4 (1,025 chars)
  [23:20:12.626] › [AGENT3] Stable 4/4 (1,025 chars)
  [23:20:12.627] ✓ [AGENT3] Response ready: 1,025 chars.
  [23:20:12.631] → [AGENT3] Sending 690 chars …
  [23:20:12.636] › [AGENT3] Found input box via: rich-textarea div[contenteditable='true']
  [23:20:12.636] › [AGENT3] Typing 690 chars …
  [23:20:12.918] › [AGENT3] Input verified: 707 chars placed
  [23:20:13.586] › [AGENT3] Send clicked via JS: button[aria-label='Send message']
  [23:20:13.586] ✓ [AGENT3] Dispatched.
  [23:20:13.587] ← [AGENT3] Waiting for response …
  [23:20:13.600] › [AGENT3] Response blocks before send: 3
  [23:20:13.610] › [AGENT3] Streaming started.
  [23:20:23.938] › [AGENT3] Stable 1/4 (978 chars)
  [23:20:26.520] › [AGENT3] tick=5 streaming=False len=978 stable=1
  [23:20:26.521] › [AGENT3] Stable 2/4 (978 chars)
  [23:20:29.122] › [AGENT3] Stable 3/4 (978 chars)
  [23:20:31.703] › [AGENT3] Stable 4/4 (978 chars)
  [23:20:31.704] ✓ [AGENT3] Response ready: 978 chars.
  [23:20:31.705] → [AGENT3] Sending 1,052 chars …
  [23:20:31.712] › [AGENT3] Found input box via: rich-textarea div[contenteditable='true']
  [23:20:31.712] › [AGENT3] Typing 1052 chars …
  [23:20:32.086] › [AGENT3] Input verified: 1103 chars placed
  [23:20:32.768] › [AGENT3] Send clicked via JS: button[aria-label='Send message']
  [23:20:32.768] ✓ [AGENT3] Dispatched.
  [23:20:32.769] ← [AGENT3] Waiting for response …
  [23:20:32.807] › [AGENT3] Response blocks before send: 4
  [23:20:32.852] › [AGENT3] Streaming started.
  [23:20:43.121] › [AGENT3] Stable 1/4 (916 chars)
  [23:20:45.707] › [AGENT3] tick=5 streaming=False len=916 stable=1
  [23:20:45.707] › [AGENT3] Stable 2/4 (916 chars)
  [23:20:48.281] › [AGENT3] Stable 3/4 (916 chars)
  [23:20:50.875] › [AGENT3] Stable 4/4 (916 chars)
  [23:20:50.878] ✓ [AGENT3] Response ready: 916 chars.
  [23:20:50.904] → [AGENT3] Sending 620 chars …
  [23:20:50.912] › [AGENT3] Found input box via: rich-textarea div[contenteditable='true']
  [23:20:50.912] › [AGENT3] Typing 620 chars …
  [23:20:51.198] › [AGENT3] Input verified: 637 chars placed
  [23:20:51.868] › [AGENT3] Send clicked via JS: button[aria-label='Send message']
  [23:20:51.868] ✓ [AGENT3] Dispatched.
  [23:20:51.869] ← [AGENT3] Waiting for response …
  [23:20:51.887] › [AGENT3] Response blocks before send: 5
  [23:20:51.901] › [AGENT3] Streaming started.
  [23:21:02.205] › [AGENT3] Stable 1/4 (825 chars)
  [23:21:04.774] › [AGENT3] tick=5 streaming=False len=825 stable=1
  [23:21:04.774] › [AGENT3] Stable 2/4 (825 chars)
  [23:21:07.343] › [AGENT3] Stable 3/4 (825 chars)
  [23:21:09.920] › [AGENT3] Stable 4/4 (825 chars)
  [23:21:09.920] ✓ [AGENT3] Response ready: 825 chars.
  [23:21:09.925] → [AGENT3] Sending 593 chars …
  [23:21:09.930] › [AGENT3] Found input box via: rich-textarea div[contenteditable='true']
  [23:21:09.930] › [AGENT3] Typing 593 chars …
  [23:21:10.264] › [AGENT3] Input verified: 610 chars placed
  [23:21:10.924] › [AGENT3] Send clicked via JS: button[aria-label='Send message']
  [23:21:10.924] ✓ [AGENT3] Dispatched.
  [23:21:10.925] ← [AGENT3] Waiting for response …
  [23:21:10.944] › [AGENT3] Response blocks before send: 6
  [23:21:10.953] › [AGENT3] Streaming started.
  [23:21:21.230] › [AGENT3] Stable 1/4 (926 chars)
  [23:21:23.807] › [AGENT3] tick=5 streaming=False len=926 stable=1
  [23:21:23.808] › [AGENT3] Stable 2/4 (926 chars)
  [23:21:26.407] › [AGENT3] Stable 3/4 (926 chars)
  [23:21:28.975] › [AGENT3] Stable 4/4 (926 chars)
  [23:21:28.976] ✓ [AGENT3] Response ready: 926 chars.
  [23:21:28.977] → [AGENT3] Sending 1,000 chars …
  [23:21:28.981] › [AGENT3] Found input box via: rich-textarea div[contenteditable='true']
  [23:21:28.982] › [AGENT3] Typing 1000 chars …
  [23:21:29.369] › [AGENT3] Input verified: 1051 chars placed
  [23:21:30.029] › [AGENT3] Send clicked via JS: button[aria-label='Send message']
  [23:21:30.029] ✓ [AGENT3] Dispatched.
  [23:21:30.030] ← [AGENT3] Waiting for response …
  [23:21:30.068] › [AGENT3] Response blocks before send: 7
  [23:21:30.080] › [AGENT3] Streaming started.
  [23:21:40.329] › [AGENT3] Stable 1/4 (926 chars)
  [23:21:42.909] › [AGENT3] tick=5 streaming=False len=926 stable=1
  [23:21:42.909] › [AGENT3] Stable 2/4 (926 chars)
  [23:21:45.486] › [AGENT3] Stable 3/4 (926 chars)
  [23:21:48.056] › [AGENT3] Stable 4/4 (926 chars)
  [23:21:48.057] ✓ [AGENT3] Response ready: 926 chars.
  [23:21:48.063] → [AGENT3] Sending 628 chars …
  [23:21:48.067] › [AGENT3] Found input box via: rich-textarea div[contenteditable='true']
  [23:21:48.067] › [AGENT3] Typing 628 chars …
  [23:21:48.382] › [AGENT3] Input verified: 645 chars placed
  [23:21:49.044] › [AGENT3] Send clicked via JS: button[aria-label='Send message']
  [23:21:49.044] ✓ [AGENT3] Dispatched.
  [23:21:49.045] ← [AGENT3] Waiting for response …
  [23:21:49.066] › [AGENT3] Response blocks before send: 8
  [23:21:49.077] › [AGENT3] Streaming started.
  [23:21:59.354] › [AGENT3] Stable 1/4 (1,054 chars)
  [23:22:01.959] › [AGENT3] tick=5 streaming=False len=1054 stable=1
  [23:22:01.960] › [AGENT3] Stable 2/4 (1,054 chars)
  [23:22:04.539] › [AGENT3] Stable 3/4 (1,054 chars)
  [23:22:07.116] › [AGENT3] Stable 4/4 (1,054 chars)
  [23:22:07.119] ✓ [AGENT3] Response ready: 1,054 chars.
  [23:22:07.120] → [AGENT3] Sending 1,128 chars …
  [23:22:07.125] › [AGENT3] Found input box via: rich-textarea div[contenteditable='true']
  [23:22:07.125] › [AGENT3] Typing 1128 chars …
  [23:22:07.511] › [AGENT3] Input verified: 1181 chars placed
  [23:22:08.175] › [AGENT3] Send clicked via JS: button[aria-label='Send message']
  [23:22:08.175] ✓ [AGENT3] Dispatched.
  [23:22:08.176] ← [AGENT3] Waiting for response …
  [23:22:08.198] › [AGENT3] Response blocks before send: 9
  [23:22:08.209] › [AGENT3] Streaming started.
  [23:22:18.498] › [AGENT3] Stable 1/4 (929 chars)
  [23:22:21.094] › [AGENT3] tick=5 streaming=False len=929 stable=1
  [23:22:21.094] › [AGENT3] Stable 2/4 (929 chars)
  [23:22:23.686] › [AGENT3] Stable 3/4 (929 chars)
  [23:22:26.258] › [AGENT3] Stable 4/4 (929 chars)
  [23:22:26.259] ✓ [AGENT3] Response ready: 929 chars.
  [23:22:26.266] → [AGENT3] Sending 570 chars …
  [23:22:26.270] › [AGENT3] Found input box via: rich-textarea div[contenteditable='true']
  [23:22:26.270] › [AGENT3] Typing 570 chars …
  [23:22:26.559] › [AGENT3] Input verified: 587 chars placed
  [23:22:27.215] › [AGENT3] Send clicked via JS: button[aria-label='Send message']
  [23:22:27.215] ✓ [AGENT3] Dispatched.
  [23:22:27.216] ← [AGENT3] Waiting for response …
  [23:22:27.230] › [AGENT3] Response blocks before send: 10
  [23:22:27.239] › [AGENT3] Streaming started.
  [23:22:40.083] › [AGENT3] tick=5 streaming=False len=860 stable=0
  [23:22:40.085] › [AGENT3] Stable 1/4 (860 chars)
  [23:22:42.661] › [AGENT3] Stable 2/4 (860 chars)
  [23:22:45.241] › [AGENT3] Stable 3/4 (860 chars)
  [23:22:47.822] › [AGENT3] Stable 4/4 (860 chars)
  [23:22:47.822] ✓ [AGENT3] Response ready: 860 chars.
  [23:22:47.823] → [AGENT3] Sending 934 chars …
  [23:22:47.828] › [AGENT3] Found input box via: rich-textarea div[contenteditable='true']
  [23:22:47.828] › [AGENT3] Typing 934 chars …
  [23:22:48.222] › [AGENT3] Input verified: 978 chars placed
  [23:22:48.867] › [AGENT3] Send clicked via JS: button[aria-label='Send message']
  [23:22:48.867] ✓ [AGENT3] Dispatched.
  [23:22:48.868] ← [AGENT3] Waiting for response …
  [23:22:48.917] › [AGENT3] Response blocks before send: 11
  [23:22:48.929] › [AGENT3] Streaming started.
  [23:22:59.189] › [AGENT3] Stable 1/4 (860 chars)
  [23:23:01.772] › [AGENT3] tick=5 streaming=False len=860 stable=1
  [23:23:01.772] › [AGENT3] Stable 2/4 (860 chars)
  [23:23:04.356] › [AGENT3] Stable 3/4 (860 chars)
  [23:23:06.935] › [AGENT3] Stable 4/4 (860 chars)
  [23:23:06.936] ✓ [AGENT3] Response ready: 860 chars.
  [23:23:06.941] → [AGENT3] Sending 599 chars …
  [23:23:06.945] › [AGENT3] Found input box via: rich-textarea div[contenteditable='true']
  [23:23:06.945] › [AGENT3] Typing 599 chars …
  [23:23:07.261] › [AGENT3] Input verified: 616 chars placed
  [23:23:07.923] › [AGENT3] Send clicked via JS: button[aria-label='Send message']
  [23:23:07.923] ✓ [AGENT3] Dispatched.
  [23:23:07.924] ← [AGENT3] Waiting for response …
  [23:23:07.939] › [AGENT3] Response blocks before send: 12
  [23:23:07.952] › [AGENT3] Streaming started.
  [23:23:18.347] › [AGENT3] Stable 1/4 (1,082 chars)
  [23:23:20.950] › [AGENT3] tick=5 streaming=False len=1082 stable=1
  [23:23:20.950] › [AGENT3] Stable 2/4 (1,082 chars)
  [23:23:23.550] › [AGENT3] Stable 3/4 (1,082 chars)
  [23:23:26.151] › [AGENT3] Stable 4/4 (1,082 chars)
  [23:23:26.152] ✓ [AGENT3] Response ready: 1,082 chars.
  [23:23:26.153] → [AGENT3] Sending 1,156 chars …
  [23:23:26.160] › [AGENT3] Found input box via: rich-textarea div[contenteditable='true']
  [23:23:26.160] › [AGENT3] Typing 1156 chars …
  [23:23:26.589] › [AGENT3] Input verified: 1232 chars placed
  [23:23:27.257] › [AGENT3] Send clicked via JS: button[aria-label='Send message']
  [23:23:27.257] ✓ [AGENT3] Dispatched.
  [23:23:27.258] ← [AGENT3] Waiting for response …
  [23:23:27.304] › [AGENT3] Response blocks before send: 13
  [23:23:27.393] › [AGENT3] Streaming started.
  [23:23:37.771] › [AGENT3] Stable 1/4 (977 chars)
  [23:23:40.370] › [AGENT3] tick=5 streaming=False len=977 stable=1
  [23:23:40.371] › [AGENT3] Stable 2/4 (977 chars)
  [23:23:42.971] › [AGENT3] Stable 3/4 (977 chars)
  [23:23:45.573] › [AGENT3] Stable 4/4 (977 chars)
  [23:23:45.573] ✓ [AGENT3] Response ready: 977 chars.
  [23:23:45.580] → [AGENT3] Sending 632 chars …
  [23:23:45.585] › [AGENT3] Found input box via: rich-textarea div[contenteditable='true']
  [23:23:45.585] › [AGENT3] Typing 632 chars …
  [23:23:45.911] › [AGENT3] Input verified: 649 chars placed
  [23:23:46.589] › [AGENT3] Send clicked via JS: button[aria-label='Send message']
  [23:23:46.590] ✓ [AGENT3] Dispatched.
  [23:23:46.591] ← [AGENT3] Waiting for response …
  [23:23:46.621] › [AGENT3] Response blocks before send: 14
  [23:23:46.634] › [AGENT3] Streaming started.
  [23:23:56.920] › [AGENT3] Stable 1/4 (1,058 chars)
  [23:23:59.502] › [AGENT3] tick=5 streaming=False len=1058 stable=1
  [23:23:59.502] › [AGENT3] Stable 2/4 (1,058 chars)
  [23:24:02.087] › [AGENT3] Stable 3/4 (1,058 chars)
  [23:24:04.671] › [AGENT3] Stable 4/4 (1,058 chars)
  [23:24:04.672] ✓ [AGENT3] Response ready: 1,058 chars.
  [23:24:04.673] → [AGENT3] Sending 1,132 chars …
  [23:24:04.677] › [AGENT3] Found input box via: rich-textarea div[contenteditable='true']
  [23:24:04.678] › [AGENT3] Typing 1132 chars …
  [23:24:05.077] › [AGENT3] Input verified: 1182 chars placed
  [23:24:05.744] › [AGENT3] Send clicked via JS: button[aria-label='Send message']
  [23:24:05.745] ✓ [AGENT3] Dispatched.
  [23:24:05.746] ← [AGENT3] Waiting for response …
  [23:24:05.767] › [AGENT3] Response blocks before send: 15
  [23:24:05.778] › [AGENT3] Streaming started.
  [23:24:16.084] › [AGENT3] Stable 1/4 (1,058 chars)
  [23:24:18.689] › [AGENT3] tick=5 streaming=False len=1058 stable=1
  [23:24:18.690] › [AGENT3] Stable 2/4 (1,058 chars)
  [23:24:21.281] › [AGENT3] Stable 3/4 (1,058 chars)
  [23:24:23.894] › [AGENT3] Stable 4/4 (1,058 chars)
  [23:24:23.894] ✓ [AGENT3] Response ready: 1,058 chars.
  [23:24:23.901] → [AGENT3] Sending 619 chars …
  [23:24:23.906] › [AGENT3] Found input box via: rich-textarea div[contenteditable='true']
  [23:24:23.906] › [AGENT3] Typing 619 chars …
  [23:24:24.234] › [AGENT3] Input verified: 636 chars placed
  [23:24:24.918] › [AGENT3] Send clicked via JS: button[aria-label='Send message']
  [23:24:24.918] ✓ [AGENT3] Dispatched.
  [23:24:24.919] ← [AGENT3] Waiting for response …
  [23:24:24.942] › [AGENT3] Response blocks before send: 16
  [23:24:24.951] › [AGENT3] Streaming started.
  [23:24:35.223] › [AGENT3] Stable 1/4 (815 chars)
  [23:24:37.809] › [AGENT3] tick=5 streaming=False len=815 stable=1
  [23:24:37.810] › [AGENT3] Stable 2/4 (815 chars)
  [23:24:40.398] › [AGENT3] Stable 3/4 (815 chars)
  [23:24:42.981] › [AGENT3] Stable 4/4 (815 chars)
  [23:24:42.982] ✓ [AGENT3] Response ready: 815 chars.
  [23:24:42.983] → [AGENT3] Sending 889 chars …
  [23:24:42.987] › [AGENT3] Found input box via: rich-textarea div[contenteditable='true']
  [23:24:42.987] › [AGENT3] Typing 889 chars …
  [23:24:43.417] › [AGENT3] Input verified: 933 chars placed
  [23:24:44.089] › [AGENT3] Send clicked via JS: button[aria-label='Send message']
  [23:24:44.089] ✓ [AGENT3] Dispatched.
  [23:24:44.090] ← [AGENT3] Waiting for response …
  [23:24:44.135] › [AGENT3] Response blocks before send: 17
  [23:24:44.179] › [AGENT3] Streaming started.
  [23:24:54.422] › [AGENT3] Stable 1/4 (789 chars)
  [23:24:57.002] › [AGENT3] tick=5 streaming=False len=789 stable=1
  [23:24:57.002] › [AGENT3] Stable 2/4 (789 chars)
  [23:24:59.577] › [AGENT3] Stable 3/4 (789 chars)
  [23:25:02.160] › [AGENT3] Stable 4/4 (789 chars)
  [23:25:02.162] ✓ [AGENT3] Response ready: 789 chars.
  [23:25:02.177] → [AGENT3] Sending 614 chars …
  [23:25:02.195] › [AGENT3] Found input box via: rich-textarea div[contenteditable='true']
  [23:25:02.195] › [AGENT3] Typing 614 chars …
  [23:25:02.484] › [AGENT3] Input verified: 631 chars placed
  [23:25:03.152] › [AGENT3] Send clicked via JS: button[aria-label='Send message']
  [23:25:03.152] ✓ [AGENT3] Dispatched.
  [23:25:03.153] ← [AGENT3] Waiting for response …
  [23:25:03.178] › [AGENT3] Response blocks before send: 18
  [23:25:03.196] › [AGENT3] Streaming started.
  [23:25:13.423] › [AGENT3] Stable 1/4 (689 chars)
  [23:25:15.996] › [AGENT3] tick=5 streaming=False len=689 stable=1
  [23:25:15.996] › [AGENT3] Stable 2/4 (689 chars)
  [23:25:18.557] › [AGENT3] Stable 3/4 (689 chars)
  [23:25:21.169] › [AGENT3] Stable 4/4 (689 chars)
  [23:25:21.170] ✓ [AGENT3] Response ready: 689 chars.
  [23:25:21.171] → [AGENT3] Sending 763 chars …
  [23:25:21.176] › [AGENT3] Found input box via: rich-textarea div[contenteditable='true']
  [23:25:21.177] › [AGENT3] Typing 763 chars …
  [23:25:21.512] › [AGENT3] Input verified: 800 chars placed
  [23:25:22.194] › [AGENT3] Send clicked via JS: button[aria-label='Send message']
  [23:25:22.195] ✓ [AGENT3] Dispatched.
  [23:25:22.196] ← [AGENT3] Waiting for response …
  [23:25:22.274] › [AGENT3] Response blocks before send: 19
  [23:25:22.309] › [AGENT3] Streaming started.
  [23:25:32.584] › [AGENT3] Stable 1/4 (573 chars)
  [23:25:35.158] › [AGENT3] tick=5 streaming=False len=573 stable=1
  [23:25:35.158] › [AGENT3] Stable 2/4 (573 chars)
  [23:25:37.747] › [AGENT3] Stable 3/4 (573 chars)
  [23:25:40.326] › [AGENT3] Stable 4/4 (573 chars)
  [23:25:40.327] ✓ [AGENT3] Response ready: 573 chars.
  [23:25:40.355] → [AGENT4] Sending 481 chars …
  [23:25:40.401] › [AGENT4] Found input box via: rich-textarea div[contenteditable='true']
  [23:25:40.401] › [AGENT4] Typing 481 chars …
  [23:25:40.692] › [AGENT4] Input verified: 488 chars placed
  [23:25:41.367] › [AGENT4] Send clicked via JS: button[aria-label='Send message']
  [23:25:41.367] ✓ [AGENT4] Dispatched.
  [23:25:41.368] ← [AGENT4] Waiting for response …
  [23:25:41.504] › [AGENT4] Response blocks before send: 0
  [23:25:41.517] › [AGENT4] Streaming started.
  [23:25:51.712] › [AGENT4] Stable 1/4 (1,407 chars)
  [23:25:54.269] › [AGENT4] tick=5 streaming=False len=1407 stable=1
  [23:25:54.269] › [AGENT4] Stable 2/4 (1,407 chars)
  [23:25:56.820] › [AGENT4] Stable 3/4 (1,407 chars)
  [23:25:59.372] › [AGENT4] Stable 4/4 (1,407 chars)
  [23:25:59.372] ✓ [AGENT4] Response ready: 1,407 chars.
  [23:25:59.372] ✓ [AGENT4] AGENT4 generated 10 candidate problems in cycle 1
  [23:25:59.373] → [AGENT4] Sending 656 chars …
  [23:25:59.377] › [AGENT4] Found input box via: rich-textarea div[contenteditable='true']
  [23:25:59.377] › [AGENT4] Typing 656 chars …
  [23:25:59.659] › [AGENT4] Input verified: 673 chars placed
  [23:26:00.316] › [AGENT4] Send clicked via JS: button[aria-label='Send message']
  [23:26:00.317] ✓ [AGENT4] Dispatched.
  [23:26:00.318] ← [AGENT4] Waiting for response …
  [23:26:00.345] › [AGENT4] Response blocks before send: 1
  [23:26:00.356] › [AGENT4] Streaming started.
  [23:26:10.573] › [AGENT4] Stable 1/4 (966 chars)
  [23:26:13.135] › [AGENT4] tick=5 streaming=False len=966 stable=1
  [23:26:13.146] › [AGENT4] Stable 2/4 (966 chars)
  [23:26:15.699] › [AGENT4] Stable 3/4 (966 chars)
  [23:26:18.258] › [AGENT4] Stable 4/4 (966 chars)
  [23:26:18.258] ✓ [AGENT4] Response ready: 966 chars.
  [23:26:18.259] → [AGENT4] Sending 1,040 chars …
  [23:26:18.263] › [AGENT4] Found input box via: rich-textarea div[contenteditable='true']
  [23:26:18.263] › [AGENT4] Typing 1040 chars …
  [23:26:18.634] › [AGENT4] Input verified: 1083 chars placed
  [23:26:19.281] › [AGENT4] Send clicked via JS: button[aria-label='Send message']
  [23:26:19.282] ✓ [AGENT4] Dispatched.
  [23:26:19.283] ← [AGENT4] Waiting for response …
  [23:26:19.295] › [AGENT4] Response blocks before send: 2
  [23:26:19.305] › [AGENT4] Streaming started.
  [23:26:29.574] › [AGENT4] Stable 1/4 (988 chars)
  [23:26:32.136] › [AGENT4] tick=5 streaming=False len=988 stable=1
  [23:26:32.136] › [AGENT4] Stable 2/4 (988 chars)
  [23:26:34.690] › [AGENT4] Stable 3/4 (988 chars)
  [23:26:37.240] › [AGENT4] Stable 4/4 (988 chars)
  [23:26:37.241] ✓ [AGENT4] Response ready: 988 chars.
  [23:26:37.248] → [AGENT4] Sending 611 chars …
  [23:26:37.254] › [AGENT4] Found input box via: rich-textarea div[contenteditable='true']
  [23:26:37.254] › [AGENT4] Typing 611 chars …
  [23:26:37.557] › [AGENT4] Input verified: 628 chars placed
  [23:26:38.235] › [AGENT4] Send clicked via JS: button[aria-label='Send message']
  [23:26:38.235] ✓ [AGENT4] Dispatched.
  [23:26:38.238] ← [AGENT4] Waiting for response …
  [23:26:38.277] › [AGENT4] Response blocks before send: 3
  [23:26:38.288] › [AGENT4] Streaming started.
  [23:26:48.496] › [AGENT4] Stable 1/4 (902 chars)
  [23:26:51.042] › [AGENT4] tick=5 streaming=False len=902 stable=1
  [23:26:51.043] › [AGENT4] Stable 2/4 (902 chars)
  [23:26:53.601] › [AGENT4] Stable 3/4 (902 chars)
  [23:26:56.158] › [AGENT4] Stable 4/4 (902 chars)
  [23:26:56.158] ✓ [AGENT4] Response ready: 902 chars.
  [23:26:56.165] → [AGENT4] Sending 597 chars …
  [23:26:56.171] › [AGENT4] Found input box via: rich-textarea div[contenteditable='true']
  [23:26:56.171] › [AGENT4] Typing 597 chars …
  [23:26:56.457] › [AGENT4] Input verified: 614 chars placed
  [23:26:57.119] › [AGENT4] Send clicked via JS: button[aria-label='Send message']
  [23:26:57.119] ✓ [AGENT4] Dispatched.
  [23:26:57.120] ← [AGENT4] Waiting for response …
  [23:26:57.132] › [AGENT4] Response blocks before send: 4
  [23:26:57.143] › [AGENT4] Streaming started.
  [23:27:07.323] › [AGENT4] Stable 1/4 (851 chars)
  [23:27:09.878] › [AGENT4] tick=5 streaming=False len=851 stable=1
  [23:27:09.878] › [AGENT4] Stable 2/4 (851 chars)
  [23:27:12.435] › [AGENT4] Stable 3/4 (851 chars)
  [23:27:14.993] › [AGENT4] Stable 4/4 (851 chars)
  [23:27:14.993] ✓ [AGENT4] Response ready: 851 chars.
  [23:27:14.999] → [AGENT4] Sending 642 chars …
  [23:27:15.003] › [AGENT4] Found input box via: rich-textarea div[contenteditable='true']
  [23:27:15.004] › [AGENT4] Typing 642 chars …
  [23:27:15.394] › [AGENT4] Input verified: 659 chars placed
  [23:27:16.057] › [AGENT4] Send clicked via JS: button[aria-label='Send message']
  [23:27:16.058] ✓ [AGENT4] Dispatched.
  [23:27:16.058] ← [AGENT4] Waiting for response …
  [23:27:16.077] › [AGENT4] Response blocks before send: 5
  [23:27:16.087] › [AGENT4] Streaming started.
  [23:27:23.742] › [AGENT4] Stable 1/4 (676 chars)
  [23:27:26.293] › [AGENT4] Stable 2/4 (676 chars)
  [23:27:28.849] › [AGENT4] tick=5 streaming=False len=676 stable=2
  [23:27:28.849] › [AGENT4] Stable 3/4 (676 chars)
  [23:27:31.405] › [AGENT4] Stable 4/4 (676 chars)
  [23:27:31.405] ✓ [AGENT4] Response ready: 676 chars.
  [23:27:31.410] → [AGENT4] Sending 572 chars …
  [23:27:31.415] › [AGENT4] Found input box via: rich-textarea div[contenteditable='true']
  [23:27:31.415] › [AGENT4] Typing 572 chars …
  [23:27:31.697] › [AGENT4] Input verified: 589 chars placed
  [23:27:32.344] › [AGENT4] Send clicked via JS: button[aria-label='Send message']
  [23:27:32.344] ✓ [AGENT4] Dispatched.
  [23:27:32.345] ← [AGENT4] Waiting for response …
  [23:27:32.359] › [AGENT4] Response blocks before send: 6
  [23:27:32.376] › [AGENT4] Streaming started.
  [23:27:40.015] › [AGENT4] Stable 1/4 (762 chars)
  [23:27:42.563] › [AGENT4] Stable 2/4 (762 chars)
  [23:27:45.117] › [AGENT4] tick=5 streaming=False len=762 stable=2
  [23:27:45.117] › [AGENT4] Stable 3/4 (762 chars)
  [23:27:47.678] › [AGENT4] Stable 4/4 (762 chars)
  [23:27:47.679] ✓ [AGENT4] Response ready: 762 chars.
  [23:27:47.685] → [AGENT4] Sending 635 chars …
  [23:27:47.691] › [AGENT4] Found input box via: rich-textarea div[contenteditable='true']
  [23:27:47.691] › [AGENT4] Typing 635 chars …
  [23:27:48.000] › [AGENT4] Input verified: 652 chars placed
  [23:27:48.680] › [AGENT4] Send clicked via JS: button[aria-label='Send message']
  [23:27:48.680] ✓ [AGENT4] Dispatched.
  [23:27:48.682] ← [AGENT4] Waiting for response …
  [23:27:48.713] › [AGENT4] Response blocks before send: 7
  [23:27:48.760] › [AGENT4] Streaming started.
  [23:27:58.959] › [AGENT4] Stable 1/4 (927 chars)
  [23:28:01.517] › [AGENT4] tick=5 streaming=False len=927 stable=1
  [23:28:01.517] › [AGENT4] Stable 2/4 (927 chars)
  [23:28:04.072] › [AGENT4] Stable 3/4 (927 chars)
  [23:28:06.640] › [AGENT4] Stable 4/4 (927 chars)
  [23:28:06.641] ✓ [AGENT4] Response ready: 927 chars.
  [23:28:06.646] → [AGENT4] Sending 597 chars …
  [23:28:06.650] › [AGENT4] Found input box via: rich-textarea div[contenteditable='true']
  [23:28:06.650] › [AGENT4] Typing 597 chars …
  [23:28:06.930] › [AGENT4] Input verified: 614 chars placed
  [23:28:07.598] › [AGENT4] Send clicked via JS: button[aria-label='Send message']
  [23:28:07.598] ✓ [AGENT4] Dispatched.
  [23:28:07.599] ← [AGENT4] Waiting for response …
  [23:28:07.612] › [AGENT4] Response blocks before send: 8
  [23:28:07.623] › [AGENT4] Streaming started.
  [23:28:15.303] › [AGENT4] Stable 1/4 (593 chars)
  [23:28:17.866] › [AGENT4] Stable 2/4 (593 chars)
  [23:28:20.431] › [AGENT4] tick=5 streaming=False len=593 stable=2
  [23:28:20.432] › [AGENT4] Stable 3/4 (593 chars)
  [23:28:23.019] › [AGENT4] Stable 4/4 (593 chars)
  [23:28:23.019] ✓ [AGENT4] Response ready: 593 chars.
  [23:28:23.025] → [AGENT4] Sending 614 chars …
  [23:28:23.029] › [AGENT4] Found input box via: rich-textarea div[contenteditable='true']
  [23:28:23.030] › [AGENT4] Typing 614 chars …
  [23:28:23.374] › [AGENT4] Input verified: 631 chars placed
  [23:28:24.046] › [AGENT4] Send clicked via JS: button[aria-label='Send message']
  [23:28:24.046] ✓ [AGENT4] Dispatched.
  [23:28:24.047] ← [AGENT4] Waiting for response …
  [23:28:24.103] › [AGENT4] Response blocks before send: 9
  [23:28:24.180] › [AGENT4] Streaming started.
  [23:28:31.808] › [AGENT4] Stable 1/4 (797 chars)
  [23:28:34.387] › [AGENT4] Stable 2/4 (797 chars)
  [23:28:36.941] › [AGENT4] tick=5 streaming=False len=797 stable=2
  [23:28:36.942] › [AGENT4] Stable 3/4 (797 chars)
  [23:28:39.486] › [AGENT4] Stable 4/4 (797 chars)
  [23:28:39.487] ✓ [AGENT4] Response ready: 797 chars.
  [23:28:39.492] → [AGENT4] Sending 612 chars …
  [23:28:39.496] › [AGENT4] Found input box via: rich-textarea div[contenteditable='true']
  [23:28:39.497] › [AGENT4] Typing 612 chars …
  [23:28:39.774] › [AGENT4] Input verified: 629 chars placed
  [23:28:40.437] › [AGENT4] Send clicked via JS: button[aria-label='Send message']
  [23:28:40.437] ✓ [AGENT4] Dispatched.
  [23:28:40.438] ← [AGENT4] Waiting for response …
  [23:28:40.450] › [AGENT4] Response blocks before send: 10
  [23:28:40.463] › [AGENT4] Streaming started.
  [23:28:48.087] › [AGENT4] Stable 1/4 (673 chars)
  [23:28:50.646] › [AGENT4] Stable 2/4 (673 chars)
  [23:28:53.220] › [AGENT4] tick=5 streaming=False len=673 stable=2
  [23:28:53.221] › [AGENT4] Stable 3/4 (673 chars)
  [23:28:55.842] › [AGENT4] Stable 4/4 (673 chars)
  [23:28:55.850] ✓ [AGENT4] Response ready: 673 chars.
  [23:28:55.914] → [AGENT4] Sending 659 chars …
  [23:28:55.928] › [AGENT4] Found input box via: rich-textarea div[contenteditable='true']
  [23:28:55.929] › [AGENT4] Typing 659 chars …
  [23:28:56.299] › [AGENT4] Input verified: 676 chars placed
  [23:28:56.977] › [AGENT4] Send clicked via JS: button[aria-label='Send message']
  [23:28:56.978] ✓ [AGENT4] Dispatched.
  [23:28:56.979] ← [AGENT4] Waiting for response …
  [23:28:57.022] › [AGENT4] Response blocks before send: 11
  [23:28:57.108] › [AGENT4] Streaming started.
  [23:29:04.728] › [AGENT4] Stable 1/4 (892 chars)
  [23:29:07.353] › [AGENT4] Stable 2/4 (892 chars)
  [23:29:09.901] › [AGENT4] tick=5 streaming=False len=892 stable=2
  [23:29:09.901] › [AGENT4] Stable 3/4 (892 chars)
  [23:29:12.537] › [AGENT4] Stable 4/4 (892 chars)
  [23:29:12.537] ✓ [AGENT4] Response ready: 892 chars.
  [23:29:12.575] → [AGENT1] Sending 481 chars …
  [23:29:12.891] › [AGENT1] Found input box via: rich-textarea div[contenteditable='true']
  [23:29:12.891] › [AGENT1] Typing 481 chars …
  [23:29:13.353] › [AGENT1] Input verified: 488 chars placed
  [23:29:14.039] › [AGENT1] Send clicked via JS: button[aria-label='Send message']
  [23:29:14.039] ✓ [AGENT1] Dispatched.
  [23:29:14.040] ← [AGENT1] Waiting for response …
  [23:29:14.121] › [AGENT1] Response blocks before send: 19
  [23:29:14.157] › [AGENT1] Streaming started.
  [23:29:24.358] › [AGENT1] Stable 1/4 (1,363 chars)
  [23:29:26.914] › [AGENT1] tick=5 streaming=False len=1363 stable=1
  [23:29:26.914] › [AGENT1] Stable 2/4 (1,363 chars)
  [23:29:29.474] › [AGENT1] Stable 3/4 (1,363 chars)
  [23:29:32.095] › [AGENT1] Stable 4/4 (1,363 chars)
  [23:29:32.096] ✓ [AGENT1] Response ready: 1,363 chars.
  [23:29:32.096] ✓ [AGENT1] AGENT1 generated 10 candidate problems in cycle 2
  [23:29:32.097] → [AGENT1] Sending 645 chars …
  [23:29:32.101] › [AGENT1] Found input box via: rich-textarea div[contenteditable='true']
  [23:29:32.101] › [AGENT1] Typing 645 chars …
  [23:29:32.407] › [AGENT1] Input verified: 662 chars placed
  [23:29:33.067] › [AGENT1] Send clicked via JS: button[aria-label='Send message']
  [23:29:33.068] ✓ [AGENT1] Dispatched.
  [23:29:33.069] ← [AGENT1] Waiting for response …
  [23:29:33.092] › [AGENT1] Response blocks before send: 20
  [23:29:33.101] › [AGENT1] Streaming started.
  [23:29:43.342] › [AGENT1] Stable 1/4 (1,133 chars)
  [23:29:45.909] › [AGENT1] tick=5 streaming=False len=1133 stable=1
  [23:29:45.909] › [AGENT1] Stable 2/4 (1,133 chars)
  [23:29:48.537] › [AGENT1] Stable 3/4 (1,133 chars)
  [23:29:51.109] › [AGENT1] Stable 4/4 (1,133 chars)
  [23:29:51.109] ✓ [AGENT1] Response ready: 1,133 chars.
  [23:29:51.110] → [AGENT1] Sending 1,207 chars …
  [23:29:51.115] › [AGENT1] Found input box via: rich-textarea div[contenteditable='true']
  [23:29:51.115] › [AGENT1] Typing 1207 chars …
  [23:29:51.602] › [AGENT1] Input verified: 1258 chars placed
  [23:29:52.287] › [AGENT1] Send clicked via JS: button[aria-label='Send message']
  [23:29:52.287] ✓ [AGENT1] Dispatched.
  [23:29:52.288] ← [AGENT1] Waiting for response …
  [23:29:52.352] › [AGENT1] Response blocks before send: 21
  [23:29:52.377] › [AGENT1] Streaming started.
  [23:30:02.678] › [AGENT1] Stable 1/4 (1,133 chars)
  [23:30:05.254] › [AGENT1] tick=5 streaming=False len=1133 stable=1
  [23:30:05.254] › [AGENT1] Stable 2/4 (1,133 chars)
  [23:30:07.815] › [AGENT1] Stable 3/4 (1,133 chars)
  [23:30:10.391] › [AGENT1] Stable 4/4 (1,133 chars)
  [23:30:10.391] ✓ [AGENT1] Response ready: 1,133 chars.
  [23:30:10.399] → [AGENT1] Sending 613 chars …
  [23:30:10.404] › [AGENT1] Found input box via: rich-textarea div[contenteditable='true']
  [23:30:10.404] › [AGENT1] Typing 613 chars …
  [23:30:10.728] › [AGENT1] Input verified: 630 chars placed
  [23:30:11.400] › [AGENT1] Send clicked via JS: button[aria-label='Send message']
  [23:30:11.400] ✓ [AGENT1] Dispatched.
  [23:30:11.401] ← [AGENT1] Waiting for response …
  [23:30:11.439] › [AGENT1] Response blocks before send: 22
  [23:30:11.448] › [AGENT1] Streaming started.
  [23:30:21.747] › [AGENT1] Stable 1/4 (963 chars)
  [23:30:24.333] › [AGENT1] tick=5 streaming=False len=963 stable=1
  [23:30:24.333] › [AGENT1] Stable 2/4 (963 chars)
  [23:30:26.922] › [AGENT1] Stable 3/4 (963 chars)
  [23:30:29.509] › [AGENT1] Stable 4/4 (963 chars)
  [23:30:29.509] ✓ [AGENT1] Response ready: 963 chars.
  [23:30:29.510] → [AGENT1] Sending 1,037 chars …
  [23:30:29.516] › [AGENT1] Found input box via: rich-textarea div[contenteditable='true']
  [23:30:29.516] › [AGENT1] Typing 1037 chars …
  [23:30:29.994] › [AGENT1] Input verified: 1091 chars placed
  [23:30:30.670] › [AGENT1] Send clicked via JS: button[aria-label='Send message']
  [23:30:30.670] ✓ [AGENT1] Dispatched.
  [23:30:30.671] ← [AGENT1] Waiting for response …
  [23:30:30.707] › [AGENT1] Response blocks before send: 23
  [23:30:30.716] › [AGENT1] Streaming started.
  [23:30:40.986] › [AGENT1] Stable 1/4 (963 chars)
  [23:30:43.577] › [AGENT1] tick=5 streaming=False len=963 stable=1
  [23:30:43.577] › [AGENT1] Stable 2/4 (963 chars)
  [23:30:46.159] › [AGENT1] Stable 3/4 (963 chars)
  [23:30:48.734] › [AGENT1] Stable 4/4 (963 chars)
  [23:30:48.734] ✓ [AGENT1] Response ready: 963 chars.
  [23:30:48.827] → [AGENT1] Sending 639 chars …
  [23:30:48.851] › [AGENT1] Found input box via: rich-textarea div[contenteditable='true']
  [23:30:48.851] › [AGENT1] Typing 639 chars …
  [23:30:49.178] › [AGENT1] Input verified: 656 chars placed
  [23:30:49.850] › [AGENT1] Send clicked via JS: button[aria-label='Send message']
  [23:30:49.850] ✓ [AGENT1] Dispatched.
  [23:30:49.851] ← [AGENT1] Waiting for response …
  [23:30:49.932] › [AGENT1] Response blocks before send: 24
  [23:30:49.960] › [AGENT1] Streaming started.
  [23:31:00.296] › [AGENT1] Stable 1/4 (1,313 chars)
  [23:31:02.875] › [AGENT1] tick=5 streaming=False len=1313 stable=1
  [23:31:02.875] › [AGENT1] Stable 2/4 (1,313 chars)
  [23:31:05.461] › [AGENT1] Stable 3/4 (1,313 chars)
  [23:31:08.042] › [AGENT1] Stable 4/4 (1,313 chars)
  [23:31:08.043] ✓ [AGENT1] Response ready: 1,313 chars.
  [23:31:08.043] → [AGENT1] Sending 1,387 chars …
  [23:31:08.048] › [AGENT1] Found input box via: rich-textarea div[contenteditable='true']
  [23:31:08.049] › [AGENT1] Typing 1387 chars …
  [23:31:08.561] › [AGENT1] Input verified: 1445 chars placed
  [23:31:09.248] › [AGENT1] Send clicked via JS: button[aria-label='Send message']
  [23:31:09.249] ✓ [AGENT1] Dispatched.
  [23:31:09.251] ← [AGENT1] Waiting for response …
  [23:31:09.284] › [AGENT1] Response blocks before send: 25
  [23:31:09.327] › [AGENT1] Streaming started.
  [23:31:19.567] › [AGENT1] Stable 1/4 (1,313 chars)
  [23:31:22.143] › [AGENT1] tick=5 streaming=False len=1313 stable=1
  [23:31:22.143] › [AGENT1] Stable 2/4 (1,313 chars)
  [23:31:24.726] › [AGENT1] Stable 3/4 (1,313 chars)
  [23:31:27.313] › [AGENT1] Stable 4/4 (1,313 chars)
  [23:31:27.314] ✓ [AGENT1] Response ready: 1,313 chars.
  [23:31:27.324] → [AGENT1] Sending 575 chars …
  [23:31:27.330] › [AGENT1] Found input box via: rich-textarea div[contenteditable='true']
  [23:31:27.331] › [AGENT1] Typing 575 chars …
  [23:31:27.651] › [AGENT1] Input verified: 592 chars placed
  [23:31:28.308] › [AGENT1] Send clicked via JS: button[aria-label='Send message']
  [23:31:28.308] ✓ [AGENT1] Dispatched.
  [23:31:28.309] ← [AGENT1] Waiting for response …
  [23:31:28.332] › [AGENT1] Response blocks before send: 26
  [23:31:28.344] › [AGENT1] Streaming started.
  [23:31:38.637] › [AGENT1] Stable 1/4 (995 chars)
  [23:31:41.221] › [AGENT1] tick=5 streaming=False len=995 stable=1
  [23:31:41.221] › [AGENT1] Stable 2/4 (995 chars)
  [23:31:43.810] › [AGENT1] Stable 3/4 (995 chars)
  [23:31:46.404] › [AGENT1] Stable 4/4 (995 chars)
  [23:31:46.405] ✓ [AGENT1] Response ready: 995 chars.
  [23:31:46.407] → [AGENT1] Sending 1,069 chars …
  [23:31:46.456] › [AGENT1] Found input box via: rich-textarea div[contenteditable='true']
  [23:31:46.456] › [AGENT1] Typing 1069 chars …
  [23:31:46.879] › [AGENT1] Input verified: 1119 chars placed
  [23:31:47.560] › [AGENT1] Send clicked via JS: button[aria-label='Send message']
  [23:31:47.560] ✓ [AGENT1] Dispatched.
  [23:31:47.561] ← [AGENT1] Waiting for response …
  [23:31:47.644] › [AGENT1] Response blocks before send: 27
  [23:31:47.665] › [AGENT1] Streaming started.
  [23:31:57.931] › [AGENT1] Stable 1/4 (995 chars)
  [23:32:00.495] › [AGENT1] tick=5 streaming=False len=995 stable=1
  [23:32:00.496] › [AGENT1] Stable 2/4 (995 chars)
  [23:32:03.061] › [AGENT1] Stable 3/4 (995 chars)
  [23:32:05.630] › [AGENT1] Stable 4/4 (995 chars)
  [23:32:05.631] ✓ [AGENT1] Response ready: 995 chars.
  [23:32:05.639] → [AGENT1] Sending 629 chars …
  [23:32:05.644] › [AGENT1] Found input box via: rich-textarea div[contenteditable='true']
  [23:32:05.644] › [AGENT1] Typing 629 chars …
  [23:32:05.957] › [AGENT1] Input verified: 646 chars placed
  [23:32:06.635] › [AGENT1] Send clicked via JS: button[aria-label='Send message']
  [23:32:06.636] ✓ [AGENT1] Dispatched.
  [23:32:06.637] ← [AGENT1] Waiting for response …
  [23:32:06.735] › [AGENT1] Response blocks before send: 28
  [23:32:06.789] › [AGENT1] Streaming started.
  [23:32:17.096] › [AGENT1] Stable 1/4 (1,179 chars)
  [23:32:19.681] › [AGENT1] tick=5 streaming=False len=1179 stable=1
  [23:32:19.681] › [AGENT1] Stable 2/4 (1,179 chars)
  [23:32:22.329] › [AGENT1] Stable 3/4 (1,179 chars)
  [23:32:24.921] › [AGENT1] Stable 4/4 (1,179 chars)
  [23:32:24.922] ✓ [AGENT1] Response ready: 1,179 chars.
  [23:32:24.923] → [AGENT1] Sending 1,253 chars …
  [23:32:24.928] › [AGENT1] Found input box via: rich-textarea div[contenteditable='true']
  [23:32:24.928] › [AGENT1] Typing 1253 chars …
  [23:32:25.438] › [AGENT1] Input verified: 1321 chars placed
  [23:32:26.123] › [AGENT1] Send clicked via JS: button[aria-label='Send message']
  [23:32:26.124] ✓ [AGENT1] Dispatched.
  [23:32:26.124] ← [AGENT1] Waiting for response …
  [23:32:26.197] › [AGENT1] Response blocks before send: 29
  [23:32:26.216] › [AGENT1] Streaming started.
  [23:32:36.516] › [AGENT1] Stable 1/4 (1,179 chars)
  [23:32:39.108] › [AGENT1] tick=5 streaming=False len=1179 stable=1
  [23:32:39.109] › [AGENT1] Stable 2/4 (1,179 chars)
  [23:32:41.705] › [AGENT1] Stable 3/4 (1,179 chars)
  [23:32:44.303] › [AGENT1] Stable 4/4 (1,179 chars)
  [23:32:44.304] ✓ [AGENT1] Response ready: 1,179 chars.
  [23:32:44.352] → [AGENT1] Sending 636 chars …
  [23:32:44.364] › [AGENT1] Found input box via: rich-textarea div[contenteditable='true']
  [23:32:44.364] › [AGENT1] Typing 636 chars …
  [23:32:44.693] › [AGENT1] Input verified: 653 chars placed
  [23:32:45.365] › [AGENT1] Send clicked via JS: button[aria-label='Send message']
  [23:32:45.365] ✓ [AGENT1] Dispatched.
  [23:32:45.366] ← [AGENT1] Waiting for response …
  [23:32:45.394] › [AGENT1] Response blocks before send: 30
  [23:32:45.407] › [AGENT1] Streaming started.
  [23:32:55.681] › [AGENT1] Stable 1/4 (1,104 chars)
  [23:32:58.260] › [AGENT1] tick=5 streaming=False len=1104 stable=1
  [23:32:58.261] › [AGENT1] Stable 2/4 (1,104 chars)
  [23:33:00.839] › [AGENT1] Stable 3/4 (1,104 chars)
  [23:33:03.424] › [AGENT1] Stable 4/4 (1,104 chars)
  [23:33:03.425] ✓ [AGENT1] Response ready: 1,104 chars.
  [23:33:03.426] → [AGENT1] Sending 1,178 chars …
  [23:33:03.431] › [AGENT1] Found input box via: rich-textarea div[contenteditable='true']
  [23:33:03.431] › [AGENT1] Typing 1178 chars …
  [23:33:03.883] › [AGENT1] Input verified: 1233 chars placed
  [23:33:04.570] › [AGENT1] Send clicked via JS: button[aria-label='Send message']
  [23:33:04.570] ✓ [AGENT1] Dispatched.
  [23:33:04.571] ← [AGENT1] Waiting for response …
  [23:33:04.613] › [AGENT1] Response blocks before send: 31
  [23:33:04.668] › [AGENT1] Streaming started.
  [23:33:14.950] › [AGENT1] Stable 1/4 (1,104 chars)
  [23:33:17.526] › [AGENT1] tick=5 streaming=False len=1104 stable=1
  [23:33:17.527] › [AGENT1] Stable 2/4 (1,104 chars)
  [23:33:20.128] › [AGENT1] Stable 3/4 (1,104 chars)
  [23:33:22.709] › [AGENT1] Stable 4/4 (1,104 chars)
  [23:33:22.710] ✓ [AGENT1] Response ready: 1,104 chars.
  [23:33:22.723] → [AGENT1] Sending 589 chars …
  [23:33:22.728] › [AGENT1] Found input box via: rich-textarea div[contenteditable='true']
  [23:33:22.728] › [AGENT1] Typing 589 chars …
  [23:33:23.060] › [AGENT1] Input verified: 606 chars placed
  [23:33:23.754] › [AGENT1] Send clicked via JS: button[aria-label='Send message']
  [23:33:23.755] ✓ [AGENT1] Dispatched.
  [23:33:23.755] ← [AGENT1] Waiting for response …
  [23:33:23.847] › [AGENT1] Response blocks before send: 32
  [23:33:23.939] › [AGENT1] Streaming started.
  [23:33:34.401] › [AGENT1] Stable 1/4 (1,279 chars)
  [23:33:36.986] › [AGENT1] tick=5 streaming=False len=1279 stable=1
  [23:33:36.987] › [AGENT1] Stable 2/4 (1,279 chars)
  [23:33:39.594] › [AGENT1] Stable 3/4 (1,279 chars)
  [23:33:42.184] › [AGENT1] Stable 4/4 (1,279 chars)
  [23:33:42.185] ✓ [AGENT1] Response ready: 1,279 chars.
  [23:33:42.186] → [AGENT1] Sending 1,353 chars …
  [23:33:42.191] › [AGENT1] Found input box via: rich-textarea div[contenteditable='true']
  [23:33:42.191] › [AGENT1] Typing 1353 chars …
  [23:33:42.746] › [AGENT1] Input verified: 1423 chars placed
  [23:33:43.431] › [AGENT1] Send clicked via JS: button[aria-label='Send message']
  [23:33:43.431] ✓ [AGENT1] Dispatched.
  [23:33:43.432] ← [AGENT1] Waiting for response …
  [23:33:43.519] › [AGENT1] Response blocks before send: 33
  [23:33:43.543] › [AGENT1] Streaming started.
  [23:33:53.909] › [AGENT1] Stable 1/4 (1,279 chars)
  [23:33:56.497] › [AGENT1] tick=5 streaming=False len=1279 stable=1
  [23:33:56.507] › [AGENT1] Stable 2/4 (1,279 chars)
  [23:33:59.086] › [AGENT1] Stable 3/4 (1,279 chars)
  [23:34:01.676] › [AGENT1] Stable 4/4 (1,279 chars)
  [23:34:01.676] ✓ [AGENT1] Response ready: 1,279 chars.
  [23:34:01.685] → [AGENT1] Sending 612 chars …
  [23:34:01.689] › [AGENT1] Found input box via: rich-textarea div[contenteditable='true']
  [23:34:01.689] › [AGENT1] Typing 612 chars …
  [23:34:02.007] › [AGENT1] Input verified: 629 chars placed
  [23:34:02.673] › [AGENT1] Send clicked via JS: button[aria-label='Send message']
  [23:34:02.673] ✓ [AGENT1] Dispatched.
  [23:34:02.674] ← [AGENT1] Waiting for response …
  [23:34:02.751] › [AGENT1] Response blocks before send: 34
  [23:34:02.777] › [AGENT1] Streaming started.
  [23:34:12.974] › [AGENT1] Stable 1/4 (1,165 chars)
  [23:34:15.532] › [AGENT1] tick=5 streaming=False len=1165 stable=1
  [23:34:15.533] › [AGENT1] Stable 2/4 (1,165 chars)
  [23:34:18.097] › [AGENT1] Stable 3/4 (1,165 chars)
  [23:34:20.662] › [AGENT1] Stable 4/4 (1,165 chars)
  [23:34:20.663] ✓ [AGENT1] Response ready: 1,165 chars.
  [23:34:20.671] → [AGENT1] Sending 585 chars …
  [23:34:20.676] › [AGENT1] Found input box via: rich-textarea div[contenteditable='true']
  [23:34:20.676] › [AGENT1] Typing 585 chars …
  [23:34:21.042] › [AGENT1] Input verified: 602 chars placed
  [23:34:21.778] › [AGENT1] Send clicked via JS: button[aria-label='Send message']
  [23:34:21.778] ✓ [AGENT1] Dispatched.
  [23:34:21.779] ← [AGENT1] Waiting for response …
  [23:34:21.904] › [AGENT1] Response blocks before send: 35
  [23:34:21.932] › [AGENT1] Streaming started.
  [23:34:32.224] › [AGENT1] Stable 1/4 (1,013 chars)
  [23:34:34.855] › [AGENT1] tick=5 streaming=False len=1013 stable=1
  [23:34:34.856] › [AGENT1] Stable 2/4 (1,013 chars)
  [23:34:37.429] › [AGENT1] Stable 3/4 (1,013 chars)
  [23:34:40.014] › [AGENT1] Stable 4/4 (1,013 chars)
  [23:34:40.015] ✓ [AGENT1] Response ready: 1,013 chars.
  [23:34:40.015] → [AGENT1] Sending 1,087 chars …
  [23:34:40.020] › [AGENT1] Found input box via: rich-textarea div[contenteditable='true']
  [23:34:40.020] › [AGENT1] Typing 1087 chars …
  [23:34:40.492] › [AGENT1] Input verified: 1144 chars placed
  [23:34:41.184] › [AGENT1] Send clicked via JS: button[aria-label='Send message']
  [23:34:41.184] ✓ [AGENT1] Dispatched.
  [23:34:41.185] ← [AGENT1] Waiting for response …
  [23:34:41.272] › [AGENT1] Response blocks before send: 36
  [23:34:41.300] › [AGENT1] Streaming started.
  [23:34:51.637] › [AGENT1] Stable 1/4 (1,013 chars)
  [23:34:54.218] › [AGENT1] tick=5 streaming=False len=1013 stable=1
  [23:34:54.218] › [AGENT1] Stable 2/4 (1,013 chars)
  [23:34:56.799] › [AGENT1] Stable 3/4 (1,013 chars)
  [23:34:59.379] › [AGENT1] Stable 4/4 (1,013 chars)
  [23:34:59.380] ✓ [AGENT1] Response ready: 1,013 chars.
  [23:34:59.389] → [AGENT1] Sending 648 chars …
  [23:34:59.394] › [AGENT1] Found input box via: rich-textarea div[contenteditable='true']
  [23:34:59.394] › [AGENT1] Typing 648 chars …
  [23:34:59.728] › [AGENT1] Input verified: 665 chars placed
  [23:35:00.421] › [AGENT1] Send clicked via JS: button[aria-label='Send message']
  [23:35:00.421] ✓ [AGENT1] Dispatched.
  [23:35:00.422] ← [AGENT1] Waiting for response …
  [23:35:00.546] › [AGENT1] Response blocks before send: 37
  [23:35:00.626] › [AGENT1] Streaming started.
  [23:35:10.936] › [AGENT1] Stable 1/4 (1,223 chars)
  [23:35:13.521] › [AGENT1] tick=5 streaming=False len=1223 stable=1
  [23:35:13.521] › [AGENT1] Stable 2/4 (1,223 chars)
  [23:35:16.117] › [AGENT1] Stable 3/4 (1,223 chars)
  [23:35:18.699] › [AGENT1] Stable 4/4 (1,223 chars)
  [23:35:18.700] ✓ [AGENT1] Response ready: 1,223 chars.
  [23:35:18.701] → [AGENT1] Sending 1,297 chars …
  [23:35:18.706] › [AGENT1] Found input box via: rich-textarea div[contenteditable='true']
  [23:35:18.706] › [AGENT1] Typing 1297 chars …
  [23:35:19.271] › [AGENT1] Input verified: 1357 chars placed
  [23:35:19.956] › [AGENT1] Send clicked via JS: button[aria-label='Send message']
  [23:35:19.956] ✓ [AGENT1] Dispatched.
  [23:35:19.957] ← [AGENT1] Waiting for response …
  [23:35:20.043] › [AGENT1] Response blocks before send: 38
  [23:35:20.061] › [AGENT1] Streaming started.
  [23:35:30.358] › [AGENT1] Stable 1/4 (1,224 chars)
  [23:35:32.945] › [AGENT1] tick=5 streaming=False len=1224 stable=1
  [23:35:32.945] › [AGENT1] Stable 2/4 (1,224 chars)
  [23:35:35.568] › [AGENT1] Stable 3/4 (1,224 chars)
  [23:35:38.155] › [AGENT1] Stable 4/4 (1,224 chars)
  [23:35:38.156] ✓ [AGENT1] Response ready: 1,224 chars.
  [23:35:38.191] → [AGENT2] Sending 481 chars …
  [23:35:38.325] › [AGENT2] Found input box via: rich-textarea div[contenteditable='true']
  [23:35:38.325] › [AGENT2] Typing 481 chars …
  [23:35:38.634] › [AGENT2] Input verified: 488 chars placed
  [23:35:39.299] › [AGENT2] Send clicked via JS: button[aria-label='Send message']
  [23:35:39.300] ✓ [AGENT2] Dispatched.
  [23:35:39.301] ← [AGENT2] Waiting for response …
  [23:35:39.349] › [AGENT2] Response blocks before send: 18
  [23:35:39.399] › [AGENT2] Streaming started.
  [23:35:52.205] › [AGENT2] tick=5 streaming=False len=1316 stable=0
  [23:35:52.206] › [AGENT2] Stable 1/4 (1,316 chars)
  [23:35:54.769] › [AGENT2] Stable 2/4 (1,316 chars)
  [23:35:57.316] › [AGENT2] Stable 3/4 (1,316 chars)
  [23:35:59.872] › [AGENT2] Stable 4/4 (1,316 chars)
  [23:35:59.873] ✓ [AGENT2] Response ready: 1,316 chars.
  [23:35:59.873] ✓ [AGENT2] AGENT2 generated 10 candidate problems in cycle 2
  [23:35:59.874] → [AGENT2] Sending 628 chars …
  [23:35:59.879] › [AGENT2] Found input box via: rich-textarea div[contenteditable='true']
  [23:35:59.879] › [AGENT2] Typing 628 chars …
  [23:36:00.223] › [AGENT2] Input verified: 645 chars placed
  [23:36:00.909] › [AGENT2] Send clicked via JS: button[aria-label='Send message']
  [23:36:00.909] ✓ [AGENT2] Dispatched.
  [23:36:00.910] ← [AGENT2] Waiting for response …
  [23:36:00.947] › [AGENT2] Response blocks before send: 19
  [23:36:01.026] › [AGENT2] Streaming started.
  [23:36:11.271] › [AGENT2] Stable 1/4 (934 chars)
  [23:36:13.854] › [AGENT2] tick=5 streaming=False len=934 stable=1
  [23:36:13.854] › [AGENT2] Stable 2/4 (934 chars)
  [23:36:16.463] › [AGENT2] Stable 3/4 (934 chars)
  [23:36:19.042] › [AGENT2] Stable 4/4 (934 chars)
  [23:36:19.043] ✓ [AGENT2] Response ready: 934 chars.
  [23:36:19.044] → [AGENT2] Sending 1,008 chars …
  [23:36:19.049] › [AGENT2] Found input box via: rich-textarea div[contenteditable='true']
  [23:36:19.049] › [AGENT2] Typing 1008 chars …
  [23:36:19.472] › [AGENT2] Input verified: 1057 chars placed
  [23:36:20.144] › [AGENT2] Send clicked via JS: button[aria-label='Send message']
  [23:36:20.145] ✓ [AGENT2] Dispatched.
  [23:36:20.146] ← [AGENT2] Waiting for response …
  [23:36:20.168] › [AGENT2] Response blocks before send: 20
  [23:36:20.193] › [AGENT2] Streaming started.
  [23:36:29.485] › [AGENT2] Stable 1/4 (934 chars)
  [23:36:32.064] › [AGENT2] Stable 2/4 (934 chars)
  [23:36:34.695] › [AGENT2] tick=5 streaming=False len=934 stable=2
  [23:36:34.695] › [AGENT2] Stable 3/4 (934 chars)
  [23:36:37.264] › [AGENT2] Stable 4/4 (934 chars)
  [23:36:37.265] ✓ [AGENT2] Response ready: 934 chars.
  [23:36:37.273] → [AGENT2] Sending 572 chars …
  [23:36:37.279] › [AGENT2] Found input box via: rich-textarea div[contenteditable='true']
  [23:36:37.279] › [AGENT2] Typing 572 chars …
  [23:36:37.610] › [AGENT2] Input verified: 589 chars placed
  [23:36:38.274] › [AGENT2] Send clicked via JS: button[aria-label='Send message']
  [23:36:38.274] ✓ [AGENT2] Dispatched.
  [23:36:38.276] ← [AGENT2] Waiting for response …
  [23:36:38.304] › [AGENT2] Response blocks before send: 21
  [23:36:38.314] › [AGENT2] Streaming started.
  [23:36:48.559] › [AGENT2] Stable 1/4 (778 chars)
  [23:36:51.121] › [AGENT2] tick=5 streaming=False len=778 stable=1
  [23:36:51.121] › [AGENT2] Stable 2/4 (778 chars)
  [23:36:53.729] › [AGENT2] Stable 3/4 (778 chars)
  [23:36:56.324] › [AGENT2] Stable 4/4 (778 chars)
  [23:36:56.325] ✓ [AGENT2] Response ready: 778 chars.
  [23:36:56.326] → [AGENT2] Sending 852 chars …
  [23:36:56.331] › [AGENT2] Found input box via: rich-textarea div[contenteditable='true']
  [23:36:56.331] › [AGENT2] Typing 852 chars …
  [23:36:56.774] › [AGENT2] Input verified: 893 chars placed
  [23:36:57.451] › [AGENT2] Send clicked via JS: button[aria-label='Send message']
  [23:36:57.451] ✓ [AGENT2] Dispatched.
  [23:36:57.452] ← [AGENT2] Waiting for response …
  [23:36:57.498] › [AGENT2] Response blocks before send: 22
  [23:36:57.548] › [AGENT2] Streaming started.
  [23:37:07.841] › [AGENT2] Stable 1/4 (778 chars)
  [23:37:10.416] › [AGENT2] tick=5 streaming=False len=778 stable=1
  [23:37:10.417] › [AGENT2] Stable 2/4 (778 chars)
  [23:37:12.977] › [AGENT2] Stable 3/4 (778 chars)
  [23:37:15.540] › [AGENT2] Stable 4/4 (778 chars)
  [23:37:15.540] ✓ [AGENT2] Response ready: 778 chars.
  [23:37:15.549] → [AGENT2] Sending 627 chars …
  [23:37:15.554] › [AGENT2] Found input box via: rich-textarea div[contenteditable='true']
  [23:37:15.554] › [AGENT2] Typing 627 chars …
  [23:37:15.880] › [AGENT2] Input verified: 644 chars placed
  [23:37:16.563] › [AGENT2] Send clicked via JS: button[aria-label='Send message']
  [23:37:16.563] ✓ [AGENT2] Dispatched.
  [23:37:16.564] ← [AGENT2] Waiting for response …
  [23:37:16.639] › [AGENT2] Response blocks before send: 23
  [23:37:16.712] › [AGENT2] Streaming started.
  [23:37:26.985] › [AGENT2] Stable 1/4 (730 chars)
  [23:37:29.548] › [AGENT2] tick=5 streaming=False len=730 stable=1
  [23:37:29.548] › [AGENT2] Stable 2/4 (730 chars)
  [23:37:32.116] › [AGENT2] Stable 3/4 (730 chars)
  [23:37:34.666] › [AGENT2] Stable 4/4 (730 chars)
  [23:37:34.667] ✓ [AGENT2] Response ready: 730 chars.
  [23:37:34.675] → [AGENT2] Sending 623 chars …
  [23:37:34.680] › [AGENT2] Found input box via: rich-textarea div[contenteditable='true']
  [23:37:34.680] › [AGENT2] Typing 623 chars …
  [23:37:34.980] › [AGENT2] Input verified: 640 chars placed
  [23:37:35.646] › [AGENT2] Send clicked via JS: button[aria-label='Send message']
  [23:37:35.646] ✓ [AGENT2] Dispatched.
  [23:37:35.647] ← [AGENT2] Waiting for response …
  [23:37:35.771] › [AGENT2] Response blocks before send: 24
  [23:37:35.826] › [AGENT2] Streaming started.
  [23:37:46.051] › [AGENT2] Stable 1/4 (998 chars)
  [23:37:48.646] › [AGENT2] tick=5 streaming=False len=998 stable=1
  [23:37:48.646] › [AGENT2] Stable 2/4 (998 chars)
  [23:37:51.343] › [AGENT2] Stable 3/4 (998 chars)
  [23:37:53.919] › [AGENT2] Stable 4/4 (998 chars)
  [23:37:53.920] ✓ [AGENT2] Response ready: 998 chars.
  [23:37:53.930] → [AGENT2] Sending 1,072 chars …
  [23:37:53.979] › [AGENT2] Found input box via: rich-textarea div[contenteditable='true']
  [23:37:53.980] › [AGENT2] Typing 1072 chars …
  [23:37:54.407] › [AGENT2] Input verified: 1121 chars placed
  [23:37:55.085] › [AGENT2] Send clicked via JS: button[aria-label='Send message']
  [23:37:55.086] ✓ [AGENT2] Dispatched.
  [23:37:55.086] ← [AGENT2] Waiting for response …
  [23:37:55.127] › [AGENT2] Response blocks before send: 25
  [23:37:55.169] › [AGENT2] Streaming started.
  [23:38:05.427] › [AGENT2] Stable 1/4 (998 chars)
  [23:38:08.276] › [AGENT2] tick=5 streaming=False len=998 stable=1
  [23:38:08.278] › [AGENT2] Stable 2/4 (998 chars)
  [23:38:10.866] › [AGENT2] Stable 3/4 (998 chars)
  [23:38:13.457] › [AGENT2] Stable 4/4 (998 chars)
  [23:38:13.460] ✓ [AGENT2] Response ready: 998 chars.
  [23:38:13.522] → [AGENT2] Sending 641 chars …
  [23:38:13.537] › [AGENT2] Found input box via: rich-textarea div[contenteditable='true']
  [23:38:13.537] › [AGENT2] Typing 641 chars …
  [23:38:13.867] › [AGENT2] Input verified: 658 chars placed
  [23:38:14.531] › [AGENT2] Send clicked via JS: button[aria-label='Send message']
  [23:38:14.531] ✓ [AGENT2] Dispatched.
  [23:38:14.533] ← [AGENT2] Waiting for response …
  [23:38:14.566] › [AGENT2] Response blocks before send: 26
  [23:38:14.628] › [AGENT2] Streaming started.
  [23:38:24.982] › [AGENT2] Stable 1/4 (908 chars)
  [23:38:27.646] › [AGENT2] tick=5 streaming=False len=908 stable=1
  [23:38:27.647] › [AGENT2] Stable 2/4 (908 chars)
  [23:38:30.226] › [AGENT2] Stable 3/4 (908 chars)
  [23:38:32.808] › [AGENT2] Stable 4/4 (908 chars)
  [23:38:32.808] ✓ [AGENT2] Response ready: 908 chars.
  [23:38:32.811] → [AGENT2] Sending 982 chars …
  [23:38:32.825] › [AGENT2] Found input box via: rich-textarea div[contenteditable='true']
  [23:38:32.825] › [AGENT2] Typing 982 chars …
  [23:38:33.245] › [AGENT2] Input verified: 1027 chars placed
  [23:38:33.951] › [AGENT2] Send clicked via JS: button[aria-label='Send message']
  [23:38:33.952] ✓ [AGENT2] Dispatched.
  [23:38:33.953] ← [AGENT2] Waiting for response …
  [23:38:33.966] › [AGENT2] Response blocks before send: 27
  [23:38:33.975] › [AGENT2] Streaming started.
  [23:38:46.817] › [AGENT2] tick=5 streaming=True len=11 stable=0
  [23:39:01.092] › [AGENT2] tick=10 streaming=True len=11 stable=0
  [23:39:13.957] › [AGENT2] tick=15 streaming=True len=11 stable=0
  [23:39:26.852] › [AGENT2] tick=20 streaming=True len=11 stable=0
  [23:39:39.966] › [AGENT2] tick=25 streaming=True len=11 stable=0
  [23:39:52.795] › [AGENT2] tick=30 streaming=True len=11 stable=0
  [23:40:05.658] › [AGENT2] tick=35 streaming=True len=11 stable=0
  [23:40:18.629] › [AGENT2] tick=40 streaming=True len=11 stable=0
  [23:40:31.516] › [AGENT2] tick=45 streaming=True len=11 stable=0
  [23:40:44.415] › [AGENT2] tick=50 streaming=True len=11 stable=0
  [23:40:57.409] › [AGENT2] tick=55 streaming=True len=11 stable=0
  [23:41:10.347] › [AGENT2] tick=60 streaming=True len=11 stable=0
  [23:41:23.230] › [AGENT2] tick=65 streaming=True len=11 stable=0
  [23:41:36.334] › [AGENT2] tick=70 streaming=True len=11 stable=0
  [23:41:36.335] ⚠ [AGENT2] Timed out — returning best capture.
  [23:41:36.345] → [AGENT2] Sending 610 chars …
  [23:41:36.354] › [AGENT2] Found input box via: rich-textarea div[contenteditable='true']
  [23:41:36.354] › [AGENT2] Typing 610 chars …
  [23:41:36.655] › [AGENT2] Input verified: 627 chars placed
  [23:41:37.434] › [AGENT2] Send clicked via JS: button.send-button
  [23:41:37.434] ✓ [AGENT2] Dispatched.
  [23:41:37.435] ← [AGENT2] Waiting for response …
  [23:41:37.492] › [AGENT2] Response blocks before send: 28
  [23:41:37.526] › [AGENT2] Streaming started.
  [23:41:50.374] › [AGENT2] tick=5 streaming=True len=11 stable=0
  [23:42:03.448] › [AGENT2] tick=10 streaming=True len=11 stable=0
  [23:42:16.378] › [AGENT2] tick=15 streaming=True len=11 stable=0
  [23:42:29.325] › [AGENT2] tick=20 streaming=True len=11 stable=0
  [23:42:42.281] › [AGENT2] tick=25 streaming=True len=11 stable=0
  [23:42:55.179] › [AGENT2] tick=30 streaming=True len=11 stable=0
  [23:43:08.038] › [AGENT2] tick=35 streaming=True len=11 stable=0
  [23:43:20.987] › [AGENT2] tick=40 streaming=True len=11 stable=0
  [23:43:33.964] › [AGENT2] tick=45 streaming=True len=11 stable=0
  [23:43:46.887] › [AGENT2] tick=50 streaming=True len=11 stable=0
  [23:43:59.743] › [AGENT2] tick=55 streaming=True len=11 stable=0
  [23:44:12.584] › [AGENT2] tick=60 streaming=True len=11 stable=0
  [23:44:25.883] › [AGENT2] tick=65 streaming=True len=11 stable=0
  [23:44:38.722] › [AGENT2] tick=70 streaming=True len=11 stable=0
  [23:44:38.724] ⚠ [AGENT2] Timed out — returning best capture.
  [23:44:38.726] → [AGENT2] Sending 85 chars …
  [23:44:38.736] › [AGENT2] Found input box via: rich-textarea div[contenteditable='true']
  [23:44:38.737] › [AGENT2] Typing 85 chars …
  [23:44:39.022] › [AGENT2] Input verified: 87 chars placed
  [23:44:39.751] › [AGENT2] Send clicked via JS: button.send-button
  [23:44:39.752] ✓ [AGENT2] Dispatched.
  [23:44:39.753] ← [AGENT2] Waiting for response …
  [23:44:39.763] › [AGENT2] Response blocks before send: 28
  [23:44:39.794] › [AGENT2] Streaming started.
  [23:44:52.688] › [AGENT2] tick=5 streaming=True len=11 stable=0
  [23:45:05.565] › [AGENT2] tick=10 streaming=True len=11 stable=0
  [23:45:18.446] › [AGENT2] tick=15 streaming=True len=11 stable=0
  [23:45:31.356] › [AGENT2] tick=20 streaming=True len=11 stable=0
  [23:45:44.217] › [AGENT2] tick=25 streaming=True len=11 stable=0
  [23:45:57.446] › [AGENT2] tick=30 streaming=True len=11 stable=0
  [23:46:10.316] › [AGENT2] tick=35 streaming=True len=11 stable=0
  [23:46:23.189] › [AGENT2] tick=40 streaming=True len=11 stable=0
  [23:46:36.268] › [AGENT2] tick=45 streaming=True len=11 stable=0
  [23:46:49.161] › [AGENT2] tick=50 streaming=True len=11 stable=0
  [23:47:02.176] › [AGENT2] tick=55 streaming=True len=11 stable=0
  [23:47:15.064] › [AGENT2] tick=60 streaming=True len=11 stable=0
  [23:47:28.019] › [AGENT2] tick=65 streaming=True len=11 stable=0
  [23:47:40.902] › [AGENT2] tick=70 streaming=True len=11 stable=0
  [23:47:40.903] ⚠ [AGENT2] Timed out — returning best capture.
  [23:47:40.912] → [AGENT2] Sending 594 chars …
  [23:47:40.925] › [AGENT2] Found input box via: rich-textarea div[contenteditable='true']
  [23:47:40.925] › [AGENT2] Typing 594 chars …
  [23:47:41.292] › [AGENT2] Input verified: 611 chars placed
  [23:47:41.995] › [AGENT2] Send clicked via JS: button.send-button
  [23:47:41.995] ✓ [AGENT2] Dispatched.
  [23:47:41.996] ← [AGENT2] Waiting for response …
  [23:47:42.006] › [AGENT2] Response blocks before send: 28
  [23:47:42.017] › [AGENT2] Streaming started.
  [23:47:54.891] › [AGENT2] tick=5 streaming=True len=11 stable=0
  [23:48:07.827] › [AGENT2] tick=10 streaming=True len=11 stable=0
  [23:48:20.781] › [AGENT2] tick=15 streaming=True len=11 stable=0
  [23:48:33.669] › [AGENT2] tick=20 streaming=True len=11 stable=0
  [23:48:46.577] › [AGENT2] tick=25 streaming=True len=11 stable=0
  [23:48:59.446] › [AGENT2] tick=30 streaming=True len=11 stable=0
  [23:49:12.364] › [AGENT2] tick=35 streaming=True len=11 stable=0
  [23:49:25.229] › [AGENT2] tick=40 streaming=True len=11 stable=0
  [23:49:38.145] › [AGENT2] tick=45 streaming=True len=11 stable=0
  [23:49:51.069] › [AGENT2] tick=50 streaming=True len=11 stable=0
  [23:50:03.978] › [AGENT2] tick=55 streaming=True len=11 stable=0
  [23:50:16.842] › [AGENT2] tick=60 streaming=True len=11 stable=0
  [23:50:29.785] › [AGENT2] tick=65 streaming=True len=11 stable=0
  [23:50:42.794] › [AGENT2] tick=70 streaming=True len=11 stable=0
  [23:50:42.794] ⚠ [AGENT2] Timed out — returning best capture.
  [23:50:42.796] → [AGENT2] Sending 85 chars …
  [23:50:42.807] › [AGENT2] Found input box via: rich-textarea div[contenteditable='true']
  [23:50:42.808] › [AGENT2] Typing 85 chars …
  [23:50:43.062] › [AGENT2] Input verified: 87 chars placed
  [23:50:43.746] › [AGENT2] Send clicked via JS: button.send-button
  [23:50:43.747] ✓ [AGENT2] Dispatched.
  [23:50:43.748] ← [AGENT2] Waiting for response …
  [23:50:43.754] › [AGENT2] Response blocks before send: 28
  [23:50:43.764] › [AGENT2] Streaming started.
  [23:50:56.599] › [AGENT2] tick=5 streaming=True len=11 stable=0
  [23:51:09.544] › [AGENT2] tick=10 streaming=True len=11 stable=0
  [23:51:22.387] › [AGENT2] tick=15 streaming=True len=11 stable=0
  [23:51:35.324] › [AGENT2] tick=20 streaming=True len=11 stable=0
  [23:51:48.625] › [AGENT2] tick=25 streaming=True len=11 stable=0
  [23:52:01.815] › [AGENT2] tick=30 streaming=True len=11 stable=0
  [23:52:14.718] › [AGENT2] tick=35 streaming=True len=11 stable=0
  [23:52:27.805] › [AGENT2] tick=40 streaming=True len=11 stable=0
  [23:52:40.696] › [AGENT2] tick=45 streaming=True len=11 stable=0
  [23:52:53.567] › [AGENT2] tick=50 streaming=True len=11 stable=0
  [23:53:06.454] › [AGENT2] tick=55 streaming=True len=11 stable=0
  [23:53:19.540] › [AGENT2] tick=60 streaming=True len=11 stable=0
  [23:53:32.546] › [AGENT2] tick=65 streaming=True len=11 stable=0
  [23:53:45.530] › [AGENT2] tick=70 streaming=True len=11 stable=0
  [23:53:45.531] ⚠ [AGENT2] Timed out — returning best capture.
  [23:53:45.543] → [AGENT2] Sending 616 chars …
  [23:53:45.564] › [AGENT2] Found input box via: rich-textarea div[contenteditable='true']
  [23:53:45.565] › [AGENT2] Typing 616 chars …
  [23:53:45.925] › [AGENT2] Input verified: 633 chars placed
  [23:53:46.608] › [AGENT2] Send clicked via JS: button.send-button
  [23:53:46.609] ✓ [AGENT2] Dispatched.
  [23:53:46.610] ← [AGENT2] Waiting for response …
  [23:53:46.616] › [AGENT2] Response blocks before send: 28
  [23:53:46.625] › [AGENT2] Streaming started.
  [23:53:59.497] › [AGENT2] tick=5 streaming=True len=11 stable=0
  [23:54:12.365] › [AGENT2] tick=10 streaming=True len=11 stable=0
  [23:54:25.211] › [AGENT2] tick=15 streaming=True len=11 stable=0
  [23:54:38.316] › [AGENT2] tick=20 streaming=True len=11 stable=0
  [23:54:51.315] › [AGENT2] tick=25 streaming=True len=11 stable=0
  [23:55:04.143] › [AGENT2] tick=30 streaming=True len=11 stable=0
  [23:55:17.091] › [AGENT2] tick=35 streaming=True len=11 stable=0
  [23:55:30.358] › [AGENT2] tick=40 streaming=True len=11 stable=0
  [23:55:43.253] › [AGENT2] tick=45 streaming=True len=11 stable=0
  [23:55:56.116] › [AGENT2] tick=50 streaming=True len=11 stable=0
  [23:56:09.253] › [AGENT2] tick=55 streaming=True len=11 stable=0
  [23:56:22.127] › [AGENT2] tick=60 streaming=True len=11 stable=0
  [23:56:35.140] › [AGENT2] tick=65 streaming=True len=11 stable=0
  [23:56:48.179] › [AGENT2] tick=70 streaming=True len=11 stable=0
  [23:56:48.180] ⚠ [AGENT2] Timed out — returning best capture.
  [23:56:48.181] → [AGENT2] Sending 85 chars …
  [23:56:48.189] › [AGENT2] Found input box via: rich-textarea div[contenteditable='true']
  [23:56:48.189] › [AGENT2] Typing 85 chars …
  [23:56:48.429] › [AGENT2] Input verified: 87 chars placed
  [23:56:49.122] › [AGENT2] Send clicked via JS: button.send-button
  [23:56:49.123] ✓ [AGENT2] Dispatched.
  [23:56:49.123] ← [AGENT2] Waiting for response …
  [23:56:49.138] › [AGENT2] Response blocks before send: 28
  [23:56:49.150] › [AGENT2] Streaming started.
  [23:57:02.012] › [AGENT2] tick=5 streaming=True len=11 stable=0
  [23:57:15.632] › [AGENT2] tick=10 streaming=True len=11 stable=0
  [23:57:28.637] › [AGENT2] tick=15 streaming=True len=11 stable=0
  [23:57:41.455] › [AGENT2] tick=20 streaming=True len=11 stable=0
  [23:57:54.373] › [AGENT2] tick=25 streaming=True len=11 stable=0
  [23:58:07.331] › [AGENT2] tick=30 streaming=True len=11 stable=0
  [23:58:20.192] › [AGENT2] tick=35 streaming=True len=11 stable=0
  [23:58:33.067] › [AGENT2] tick=40 streaming=True len=11 stable=0
  [23:58:46.026] › [AGENT2] tick=45 streaming=True len=11 stable=0
  [23:58:59.131] › [AGENT2] tick=50 streaming=True len=11 stable=0
  [23:59:12.105] › [AGENT2] tick=55 streaming=True len=11 stable=0
  [23:59:25.715] › [AGENT2] tick=60 streaming=True len=11 stable=0
  [23:59:38.607] › [AGENT2] tick=65 streaming=True len=11 stable=0
  [23:59:51.552] › [AGENT2] tick=70 streaming=True len=11 stable=0
  [23:59:51.552] ⚠ [AGENT2] Timed out — returning best capture.
  [23:59:51.562] → [AGENT2] Sending 623 chars …
  [23:59:51.573] › [AGENT2] Found input box via: rich-textarea div[contenteditable='true']
  [23:59:51.573] › [AGENT2] Typing 623 chars …
  [23:59:51.989] › [AGENT2] Input verified: 640 chars placed
  [23:59:52.682] › [AGENT2] Send clicked via JS: button.send-button
  [23:59:52.683] ✓ [AGENT2] Dispatched.
  [23:59:52.684] ← [AGENT2] Waiting for response …
  [23:59:52.691] › [AGENT2] Response blocks before send: 28
  [23:59:52.700] › [AGENT2] Streaming started.
  [00:00:05.666] › [AGENT2] tick=5 streaming=True len=11 stable=0
  [00:00:18.561] › [AGENT2] tick=10 streaming=True len=11 stable=0
  [00:00:31.481] › [AGENT2] tick=15 streaming=True len=11 stable=0
  [00:00:44.459] › [AGENT2] tick=20 streaming=True len=11 stable=0
  [00:00:57.452] › [AGENT2] tick=25 streaming=True len=11 stable=0
  [00:01:10.338] › [AGENT2] tick=30 streaming=True len=11 stable=0
  [00:01:23.282] › [AGENT2] tick=35 streaming=True len=11 stable=0
  [00:01:36.165] › [AGENT2] tick=40 streaming=True len=11 stable=0
  [00:01:48.985] › [AGENT2] tick=45 streaming=True len=11 stable=0
  [00:02:01.886] › [AGENT2] tick=50 streaming=True len=11 stable=0
  [00:02:14.789] › [AGENT2] tick=55 streaming=True len=11 stable=0
  [00:02:27.696] › [AGENT2] tick=60 streaming=True len=11 stable=0
  [00:02:40.535] › [AGENT2] tick=65 streaming=True len=11 stable=0
  [00:02:53.720] › [AGENT2] tick=70 streaming=True len=11 stable=0
  [00:02:53.720] ⚠ [AGENT2] Timed out — returning best capture.
  [00:02:53.721] → [AGENT2] Sending 85 chars …
  [00:02:53.729] › [AGENT2] Found input box via: rich-textarea div[contenteditable='true']
  [00:02:53.729] › [AGENT2] Typing 85 chars …
  [00:02:53.974] › [AGENT2] Input verified: 87 chars placed
  [00:02:54.643] › [AGENT2] Send clicked via JS: button.send-button
  [00:02:54.643] ✓ [AGENT2] Dispatched.
  [00:02:54.644] ← [AGENT2] Waiting for response …
  [00:02:54.650] › [AGENT2] Response blocks before send: 28
  [00:02:54.659] › [AGENT2] Streaming started.
  [00:03:07.480] › [AGENT2] tick=5 streaming=True len=11 stable=0
  [00:03:20.700] › [AGENT2] tick=10 streaming=True len=11 stable=0
  [00:03:33.616] › [AGENT2] tick=15 streaming=True len=11 stable=0
  [00:03:46.494] › [AGENT2] tick=20 streaming=True len=11 stable=0
  [00:03:59.393] › [AGENT2] tick=25 streaming=True len=11 stable=0
  [00:04:12.643] › [AGENT2] tick=30 streaming=True len=11 stable=0
  [00:04:25.705] › [AGENT2] tick=35 streaming=True len=11 stable=0
  [00:04:38.588] › [AGENT2] tick=40 streaming=True len=11 stable=0
  [00:04:51.418] › [AGENT2] tick=45 streaming=True len=11 stable=0
  [00:05:04.373] › [AGENT2] tick=50 streaming=True len=11 stable=0
  [00:05:17.231] › [AGENT2] tick=55 streaming=True len=11 stable=0
  [00:05:30.279] › [AGENT2] tick=60 streaming=True len=11 stable=0
  [00:05:43.107] › [AGENT2] tick=65 streaming=True len=11 stable=0
  [00:05:55.993] › [AGENT2] tick=70 streaming=True len=11 stable=0
  [00:05:55.995] ⚠ [AGENT2] Timed out — returning best capture.
  [00:05:56.004] → [AGENT2] Sending 590 chars …
  [00:05:56.011] › [AGENT2] Found input box via: rich-textarea div[contenteditable='true']
  [00:05:56.012] › [AGENT2] Typing 590 chars …
  [00:05:56.317] › [AGENT2] Input verified: 607 chars placed
  [00:05:57.004] › [AGENT2] Send clicked via JS: button.send-button
  [00:05:57.004] ✓ [AGENT2] Dispatched.
  [00:05:57.005] ← [AGENT2] Waiting for response …
  [00:05:57.011] › [AGENT2] Response blocks before send: 28
  [00:05:57.019] › [AGENT2] Streaming started.
  [00:06:09.906] › [AGENT2] tick=5 streaming=True len=11 stable=0
  [00:06:22.770] › [AGENT2] tick=10 streaming=True len=11 stable=0
  [00:06:35.656] › [AGENT2] tick=15 streaming=True len=11 stable=0
  [00:06:48.478] › [AGENT2] tick=20 streaming=True len=11 stable=0
  [00:07:01.383] › [AGENT2] tick=25 streaming=True len=11 stable=0
  [00:07:14.631] › [AGENT2] tick=30 streaming=True len=11 stable=0
  [00:07:27.485] › [AGENT2] tick=35 streaming=True len=11 stable=0
  [00:07:40.398] › [AGENT2] tick=40 streaming=True len=11 stable=0
  [00:07:53.268] › [AGENT2] tick=45 streaming=True len=11 stable=0
  [00:08:06.165] › [AGENT2] tick=50 streaming=True len=11 stable=0
  [00:08:19.494] › [AGENT2] tick=55 streaming=True len=11 stable=0
  [00:08:32.408] › [AGENT2] tick=60 streaming=True len=11 stable=0
  [00:08:45.342] › [AGENT2] tick=65 streaming=True len=11 stable=0
  [00:08:58.199] › [AGENT2] tick=70 streaming=True len=11 stable=0
  [00:08:58.202] ⚠ [AGENT2] Timed out — returning best capture.
  [00:08:58.203] → [AGENT2] Sending 85 chars …
  [00:08:58.214] › [AGENT2] Found input box via: rich-textarea div[contenteditable='true']
  [00:08:58.214] › [AGENT2] Typing 85 chars …
  [00:08:58.489] › [AGENT2] Input verified: 87 chars placed
  [00:08:59.186] › [AGENT2] Send clicked via JS: button.send-button
  [00:08:59.186] ✓ [AGENT2] Dispatched.
  [00:08:59.187] ← [AGENT2] Waiting for response …
  [00:08:59.197] › [AGENT2] Response blocks before send: 28
  [00:08:59.208] › [AGENT2] Streaming started.
  [00:09:12.047] › [AGENT2] tick=5 streaming=True len=11 stable=0
  [00:09:24.867] › [AGENT2] tick=10 streaming=True len=11 stable=0
  [00:09:37.802] › [AGENT2] tick=15 streaming=True len=11 stable=0
  [00:09:50.706] › [AGENT2] tick=20 streaming=True len=11 stable=0
  [00:10:03.733] › [AGENT2] tick=25 streaming=True len=11 stable=0
  [00:10:16.864] › [AGENT2] tick=30 streaming=True len=11 stable=0
  [00:10:29.740] › [AGENT2] tick=35 streaming=True len=11 stable=0
  [00:10:42.823] › [AGENT2] tick=40 streaming=True len=11 stable=0
  [00:10:55.679] › [AGENT2] tick=45 streaming=True len=11 stable=0
  [00:11:08.545] › [AGENT2] tick=50 streaming=True len=11 stable=0
  [00:11:21.474] › [AGENT2] tick=55 streaming=True len=11 stable=0
  [00:11:34.368] › [AGENT2] tick=60 streaming=True len=11 stable=0
  [00:11:47.254] › [AGENT2] tick=65 streaming=True len=11 stable=0
  [00:12:00.147] › [AGENT2] tick=70 streaming=True len=11 stable=0
  [00:12:00.149] ⚠ [AGENT2] Timed out — returning best capture.
  [00:12:00.194] → [AGENT3] Sending 481 chars …
  [00:12:00.834] › [AGENT3] Found input box via: rich-textarea div[contenteditable='true']
  [00:12:00.835] › [AGENT3] Typing 481 chars …
  [00:12:01.191] › [AGENT3] Input verified: 488 chars placed
  [00:12:01.912] › [AGENT3] Send clicked via JS: button[aria-label='Send message']
  [00:12:01.912] ✓ [AGENT3] Dispatched.
  [00:12:01.913] ← [AGENT3] Waiting for response …
  [00:12:02.022] › [AGENT3] Response blocks before send: 20
  [00:12:02.055] › [AGENT3] Streaming started.
  [00:12:14.898] › [AGENT3] tick=5 streaming=True len=11 stable=0
  [00:12:27.758] › [AGENT3] tick=10 streaming=True len=11 stable=0
  [00:12:40.858] › [AGENT3] tick=15 streaming=True len=11 stable=0
  [00:12:53.691] › [AGENT3] tick=20 streaming=True len=11 stable=0
  [00:13:06.565] › [AGENT3] tick=25 streaming=True len=11 stable=0
  [00:13:19.366] › [AGENT3] tick=30 streaming=True len=11 stable=0
  [00:13:32.202] › [AGENT3] tick=35 streaming=True len=11 stable=0
  [00:13:45.053] › [AGENT3] tick=40 streaming=True len=11 stable=0
  [00:13:57.895] › [AGENT3] tick=45 streaming=True len=11 stable=0
  [00:14:10.741] › [AGENT3] tick=50 streaming=True len=11 stable=0
  [00:14:23.863] › [AGENT3] tick=55 streaming=True len=11 stable=0
  [00:14:36.762] › [AGENT3] tick=60 streaming=True len=11 stable=0
  [00:14:49.758] › [AGENT3] tick=65 streaming=True len=11 stable=0
  [00:15:02.675] › [AGENT3] tick=70 streaming=True len=11 stable=0
  [00:15:02.678] ⚠ [AGENT3] Timed out — returning best capture.
  [00:15:02.679] → [AGENT3] Sending 157 chars …
  [00:15:02.689] › [AGENT3] Found input box via: rich-textarea div[contenteditable='true']
  [00:15:02.689] › [AGENT3] Typing 157 chars …
  [00:15:02.949] › [AGENT3] Input verified: 161 chars placed
  [00:15:03.685] › [AGENT3] Send clicked via JS: button.send-button
  [00:15:03.685] ✓ [AGENT3] Dispatched.
  [00:15:03.686] ← [AGENT3] Waiting for response …
  [00:15:03.735] › [AGENT3] Response blocks before send: 21
  [00:15:03.748] › [AGENT3] Streaming started.
  [00:15:17.231] › [AGENT3] tick=5 streaming=True len=11 stable=0
  [00:15:30.206] › [AGENT3] tick=10 streaming=True len=11 stable=0
  [00:15:43.167] › [AGENT3] tick=15 streaming=True len=11 stable=0
  [00:15:56.104] › [AGENT3] tick=20 streaming=True len=11 stable=0
  [00:16:08.980] › [AGENT3] tick=25 streaming=True len=11 stable=0
  [00:16:21.859] › [AGENT3] tick=30 streaming=True len=11 stable=0
  [00:16:34.837] › [AGENT3] tick=35 streaming=True len=11 stable=0
  [00:16:47.705] › [AGENT3] tick=40 streaming=True len=11 stable=0
  [00:17:00.990] › [AGENT3] tick=45 streaming=True len=11 stable=0
  [00:17:13.850] › [AGENT3] tick=50 streaming=True len=11 stable=0
  [00:17:26.714] › [AGENT3] tick=55 streaming=True len=11 stable=0
  [00:17:40.052] › [AGENT3] tick=60 streaming=True len=11 stable=0
  [00:17:52.995] › [AGENT3] tick=65 streaming=True len=11 stable=0
  [00:18:05.907] › [AGENT3] tick=70 streaming=True len=11 stable=0
  [00:18:05.908] ⚠ [AGENT3] Timed out — returning best capture.
  [00:18:05.909] ✓ [AGENT3] AGENT3 generated 0 candidate problems in cycle 2
  [00:18:05.940] → [AGENT4] Sending 481 chars …
  [00:18:06.281] › [AGENT4] Found input box via: rich-textarea div[contenteditable='true']
  [00:18:06.281] › [AGENT4] Typing 481 chars …
  [00:18:06.704] › [AGENT4] Input verified: 488 chars placed
  [00:18:07.422] › [AGENT4] Send clicked via JS: button[aria-label='Send message']
  [00:18:07.422] ✓ [AGENT4] Dispatched.
  [00:18:07.424] ← [AGENT4] Waiting for response …
  [00:18:07.831] › [AGENT4] Response blocks before send: 12
  [00:18:07.894] › [AGENT4] Streaming started.
  [00:18:20.694] › [AGENT4] tick=5 streaming=True len=109 stable=0
  [00:18:33.423] › [AGENT4] tick=10 streaming=True len=109 stable=0
  [00:18:46.718] › [AGENT4] tick=15 streaming=True len=109 stable=0
  [00:19:00.429] › [AGENT4] tick=20 streaming=True len=109 stable=0
  [00:19:13.154] › [AGENT4] tick=25 streaming=True len=109 stable=0
  [00:19:26.596] › [AGENT4] tick=30 streaming=True len=109 stable=0
  [00:19:39.293] › [AGENT4] tick=35 streaming=True len=109 stable=0
  [00:19:52.052] › [AGENT4] tick=40 streaming=True len=109 stable=0
  [00:20:04.736] › [AGENT4] tick=45 streaming=True len=109 stable=0
  [00:20:17.774] › [AGENT4] tick=50 streaming=True len=109 stable=0
  [00:20:30.461] › [AGENT4] tick=55 streaming=True len=109 stable=0
  [00:20:43.271] › [AGENT4] tick=60 streaming=True len=109 stable=0
  [00:20:56.079] › [AGENT4] tick=65 streaming=True len=109 stable=0
  [00:21:08.753] › [AGENT4] tick=70 streaming=True len=109 stable=0
  [00:21:08.753] ⚠ [AGENT4] Timed out — returning best capture.
  [00:21:08.754] → [AGENT4] Sending 255 chars …
  [00:21:08.764] › [AGENT4] Found input box via: rich-textarea div[contenteditable='true']
  [00:21:08.765] › [AGENT4] Typing 255 chars …
  [00:21:09.014] › [AGENT4] Input verified: 261 chars placed
  [00:21:09.755] › [AGENT4] Send clicked via JS: button.send-button
  [00:21:09.755] ✓ [AGENT4] Dispatched.
  [00:21:09.756] ← [AGENT4] Waiting for response …
  [00:21:09.778] › [AGENT4] Response blocks before send: 13
  [00:21:09.788] › [AGENT4] Streaming started.
  [00:21:22.492] › [AGENT4] tick=5 streaming=True len=109 stable=0
  [00:21:35.160] › [AGENT4] tick=10 streaming=True len=109 stable=0
  [00:21:47.835] › [AGENT4] tick=15 streaming=True len=109 stable=0
  [00:22:00.796] › [AGENT4] tick=20 streaming=True len=109 stable=0
  [00:22:13.767] › [AGENT4] tick=25 streaming=True len=109 stable=0
  [00:22:26.441] › [AGENT4] tick=30 streaming=True len=109 stable=0
  [00:22:39.144] › [AGENT4] tick=35 streaming=True len=109 stable=0
  [00:22:51.810] › [AGENT4] tick=40 streaming=True len=109 stable=0
  [00:23:04.580] › [AGENT4] tick=45 streaming=True len=109 stable=0
  [00:23:17.494] › [AGENT4] tick=50 streaming=True len=109 stable=0
  [00:23:54.942] › [AGENT4] tick=55 streaming=True len=109 stable=0
  [00:24:07.617] › [AGENT4] tick=60 streaming=True len=109 stable=0
  [00:24:10.165] ⚠ [AGENT4] Timed out — returning best capture.
  [00:24:10.165] ✓ [AGENT4] AGENT4 generated 0 candidate problems in cycle 2
  [00:24:10.235] → [AGENT1] Sending 481 chars …
  [00:24:11.192] › [AGENT1] Found input box via: rich-textarea div[contenteditable='true']
  [00:24:11.192] › [AGENT1] Typing 481 chars …
  [00:24:11.533] › [AGENT1] Input verified: 488 chars placed
  [00:24:12.248] › [AGENT1] Send clicked via JS: button[aria-label='Send message']
  [00:24:12.248] ✓ [AGENT1] Dispatched.
  [00:24:12.249] ← [AGENT1] Waiting for response …
  [00:24:12.387] › [AGENT1] Response blocks before send: 39
  [00:24:12.411] › [AGENT1] Streaming started.
  [00:24:25.300] › [AGENT1] tick=5 streaming=False len=1359 stable=0
  [00:24:25.301] › [AGENT1] Stable 1/4 (1,359 chars)
  [00:24:27.889] › [AGENT1] Stable 2/4 (1,359 chars)
  [00:24:30.744] › [AGENT1] Stable 3/4 (1,359 chars)
  [00:24:33.438] › [AGENT1] Stable 4/4 (1,359 chars)
  [00:24:33.439] ✓ [AGENT1] Response ready: 1,359 chars.
  [00:24:33.439] ✓ [AGENT1] AGENT1 generated 10 candidate problems in cycle 3
  [00:24:33.440] → [AGENT1] Sending 641 chars …
  [00:24:33.455] › [AGENT1] Found input box via: rich-textarea div[contenteditable='true']
  [00:24:33.455] › [AGENT1] Typing 641 chars …
  [00:24:33.876] › [AGENT1] Input verified: 658 chars placed
  [00:24:34.625] › [AGENT1] Send clicked via JS: button[aria-label='Send message']
  [00:24:34.625] ✓ [AGENT1] Dispatched.
  [00:24:34.626] ← [AGENT1] Waiting for response …
  [00:24:34.642] › [AGENT1] Response blocks before send: 40
  [00:24:34.654] › [AGENT1] Streaming started.
  [00:24:47.765] › [AGENT1] tick=5 streaming=True len=11 stable=0
  [00:25:00.843] › [AGENT1] tick=10 streaming=True len=11 stable=0
  [00:25:14.663] › [AGENT1] tick=15 streaming=True len=11 stable=0
  [00:25:27.614] › [AGENT1] tick=20 streaming=True len=11 stable=0
  [00:25:40.473] › [AGENT1] tick=25 streaming=True len=11 stable=0
  [00:25:55.463] › [AGENT1] tick=30 streaming=True len=11 stable=0
  [00:26:08.337] › [AGENT1] tick=35 streaming=True len=11 stable=0
  [00:26:21.475] › [AGENT1] tick=40 streaming=True len=11 stable=0
  [00:26:34.716] › [AGENT1] tick=45 streaming=True len=11 stable=0
  [00:26:47.833] › [AGENT1] tick=50 streaming=True len=11 stable=0
  [00:27:06.539] › [AGENT1] tick=55 streaming=True len=11 stable=0
  [00:27:25.977] › [AGENT1] tick=60 streaming=True len=11 stable=0
  [00:27:35.085] ⚠ [AGENT1] Timed out — returning best capture.
  [00:27:35.100] → [AGENT1] Sending 85 chars …
  [00:27:35.152] › [AGENT1] Found input box via: rich-textarea div[contenteditable='true']
  [00:27:35.157] › [AGENT1] Typing 85 chars …
  [00:27:35.643] › [AGENT1] Input verified: 87 chars placed
  [00:27:36.477] › [AGENT1] Send clicked via JS: button.send-button
  [00:27:36.477] ✓ [AGENT1] Dispatched.
  [00:27:36.479] ← [AGENT1] Waiting for response …
  [00:27:36.622] › [AGENT1] Response blocks before send: 41
  [00:27:36.645] › [AGENT1] Streaming started.
  [00:27:50.360] › [AGENT1] tick=5 streaming=True len=11 stable=0
  [00:28:03.286] › [AGENT1] tick=10 streaming=True len=11 stable=0
  [00:28:16.233] › [AGENT1] tick=15 streaming=True len=11 stable=0
  [00:28:29.234] › [AGENT1] tick=20 streaming=True len=11 stable=0
  [00:28:42.496] › [AGENT1] tick=25 streaming=True len=11 stable=0
  [00:28:56.974] › [AGENT1] tick=30 streaming=True len=11 stable=0
  [00:29:09.962] › [AGENT1] tick=35 streaming=True len=11 stable=0
  [00:29:22.945] › [AGENT1] tick=40 streaming=True len=11 stable=0
  [00:29:35.864] › [AGENT1] tick=45 streaming=True len=11 stable=0
  [00:29:48.973] › [AGENT1] tick=50 streaming=True len=11 stable=0
  [00:30:01.946] › [AGENT1] tick=55 streaming=True len=11 stable=0
  [00:30:14.916] › [AGENT1] tick=60 streaming=True len=11 stable=0
  [00:30:27.848] › [AGENT1] tick=65 streaming=True len=11 stable=0
  [00:30:38.211] ⚠ [AGENT1] Timed out — returning best capture.
  [00:30:38.230] → [AGENT1] Sending 601 chars …
  [00:30:38.240] › [AGENT1] Found input box via: rich-textarea div[contenteditable='true']
  [00:30:38.240] › [AGENT1] Typing 601 chars …
  [00:30:38.562] › [AGENT1] Input verified: 618 chars placed
  [00:30:39.253] › [AGENT1] Send clicked via JS: button.send-button
  [00:30:39.253] ✓ [AGENT1] Dispatched.
  [00:30:39.254] ← [AGENT1] Waiting for response …
  [00:30:39.261] › [AGENT1] Response blocks before send: 41
  [00:30:39.273] › [AGENT1] Streaming started.
  [00:30:52.191] › [AGENT1] tick=5 streaming=True len=11 stable=0
  [00:31:05.115] › [AGENT1] tick=10 streaming=True len=11 stable=0
  [00:31:18.046] › [AGENT1] tick=15 streaming=True len=11 stable=0
  [00:31:31.224] › [AGENT1] tick=20 streaming=True len=11 stable=0
  [00:31:44.267] › [AGENT1] tick=25 streaming=True len=11 stable=0
  [00:31:57.249] › [AGENT1] tick=30 streaming=True len=11 stable=0
  [00:32:10.123] › [AGENT1] tick=35 streaming=True len=11 stable=0
  [00:32:23.068] › [AGENT1] tick=40 streaming=True len=11 stable=0
  [00:32:36.011] › [AGENT1] tick=45 streaming=True len=11 stable=0
  [00:32:48.877] › [AGENT1] tick=50 streaming=True len=11 stable=0
  [00:33:01.773] › [AGENT1] tick=55 streaming=True len=11 stable=0
  [00:33:14.627] › [AGENT1] tick=60 streaming=True len=11 stable=0
  [00:33:27.544] › [AGENT1] tick=65 streaming=True len=11 stable=0
  [00:33:40.444] › [AGENT1] tick=70 streaming=True len=11 stable=0
  [00:33:40.445] ⚠ [AGENT1] Timed out — returning best capture.
  [00:33:40.446] → [AGENT1] Sending 85 chars …
  [00:33:40.461] › [AGENT1] Found input box via: rich-textarea div[contenteditable='true']
  [00:33:40.461] › [AGENT1] Typing 85 chars …
  [00:33:40.773] › [AGENT1] Input verified: 87 chars placed
  [00:33:41.452] › [AGENT1] Send clicked via JS: button.send-button
  [00:33:41.452] ✓ [AGENT1] Dispatched.
  [00:33:41.453] ← [AGENT1] Waiting for response …
  [00:33:41.462] › [AGENT1] Response blocks before send: 41
  [00:33:41.474] › [AGENT1] Streaming started.
  [00:33:54.319] › [AGENT1] tick=5 streaming=True len=11 stable=0
  [00:34:07.191] › [AGENT1] tick=10 streaming=True len=11 stable=0
  [00:34:20.047] › [AGENT1] tick=15 streaming=True len=11 stable=0
  [00:34:32.896] › [AGENT1] tick=20 streaming=True len=11 stable=0
  [00:34:45.788] › [AGENT1] tick=25 streaming=True len=11 stable=0
  [00:34:58.639] › [AGENT1] tick=30 streaming=True len=11 stable=0
  [00:35:11.509] › [AGENT1] tick=35 streaming=True len=11 stable=0
  [00:35:24.370] › [AGENT1] tick=40 streaming=True len=11 stable=0
  [00:35:37.241] › [AGENT1] tick=45 streaming=True len=11 stable=0
  [00:35:50.106] › [AGENT1] tick=50 streaming=True len=11 stable=0
  [00:36:02.957] › [AGENT1] tick=55 streaming=True len=11 stable=0
  [00:36:15.828] › [AGENT1] tick=60 streaming=True len=11 stable=0
  [00:36:28.682] › [AGENT1] tick=65 streaming=True len=11 stable=0
  [00:36:41.550] › [AGENT1] tick=70 streaming=True len=11 stable=0
  [00:36:41.551] ⚠ [AGENT1] Timed out — returning best capture.
  [00:36:41.575] → [AGENT1] Sending 621 chars …
  [00:36:41.595] › [AGENT1] Found input box via: rich-textarea div[contenteditable='true']
  [00:36:41.596] › [AGENT1] Typing 621 chars …
  [00:36:41.935] › [AGENT1] Input verified: 638 chars placed
  [00:36:42.658] › [AGENT1] Send clicked via JS: button.send-button
  [00:36:42.658] ✓ [AGENT1] Dispatched.
  [00:36:42.659] ← [AGENT1] Waiting for response …
  [00:36:42.667] › [AGENT1] Response blocks before send: 41
  [00:36:42.683] › [AGENT1] Streaming started.
  [00:36:55.540] › [AGENT1] tick=5 streaming=True len=11 stable=0
  [00:37:08.433] › [AGENT1] tick=10 streaming=True len=11 stable=0
  [00:37:21.301] › [AGENT1] tick=15 streaming=True len=11 stable=0
  [00:37:34.213] › [AGENT1] tick=20 streaming=True len=11 stable=0
  [00:37:47.061] › [AGENT1] tick=25 streaming=True len=11 stable=0
  [00:37:59.966] › [AGENT1] tick=30 streaming=True len=11 stable=0
  [00:38:12.831] › [AGENT1] tick=35 streaming=True len=11 stable=0
  [00:38:25.766] › [AGENT1] tick=40 streaming=True len=11 stable=0
  [00:38:38.656] › [AGENT1] tick=45 streaming=True len=11 stable=0
  [00:38:51.564] › [AGENT1] tick=50 streaming=True len=11 stable=0
  [00:39:04.432] › [AGENT1] tick=55 streaming=True len=11 stable=0
  [00:39:17.382] › [AGENT1] tick=60 streaming=True len=11 stable=0
  [00:39:30.290] › [AGENT1] tick=65 streaming=True len=11 stable=0
  [00:39:43.335] › [AGENT1] tick=70 streaming=True len=11 stable=0
  [00:39:43.336] ⚠ [AGENT1] Timed out — returning best capture.
  [00:39:43.337] → [AGENT1] Sending 85 chars …
  [00:39:43.348] › [AGENT1] Found input box via: rich-textarea div[contenteditable='true']
  [00:39:43.348] › [AGENT1] Typing 85 chars …
  [00:39:43.605] › [AGENT1] Input verified: 87 chars placed
  [00:39:44.285] › [AGENT1] Send clicked via JS: button.send-button
  [00:39:44.285] ✓ [AGENT1] Dispatched.
  [00:39:44.286] ← [AGENT1] Waiting for response …
  [00:39:44.294] › [AGENT1] Response blocks before send: 41
  [00:39:44.302] › [AGENT1] Streaming started.
  [00:39:57.174] › [AGENT1] tick=5 streaming=True len=11 stable=0
  [00:40:10.066] › [AGENT1] tick=10 streaming=True len=11 stable=0
  [00:40:22.996] › [AGENT1] tick=15 streaming=True len=11 stable=0
  [00:40:36.058] › [AGENT1] tick=20 streaming=True len=11 stable=0
  [00:40:48.962] › [AGENT1] tick=25 streaming=True len=11 stable=0
  [00:41:01.880] › [AGENT1] tick=30 streaming=True len=11 stable=0
  [00:41:14.731] › [AGENT1] tick=35 streaming=True len=11 stable=0
  [00:41:27.656] › [AGENT1] tick=40 streaming=True len=11 stable=0
  [00:41:40.647] › [AGENT1] tick=45 streaming=True len=11 stable=0
  [00:41:53.609] › [AGENT1] tick=50 streaming=True len=11 stable=0
  [00:42:06.475] › [AGENT1] tick=55 streaming=True len=11 stable=0
  [00:42:19.450] › [AGENT1] tick=60 streaming=True len=11 stable=0
  [00:42:32.321] › [AGENT1] tick=65 streaming=True len=11 stable=0
  [00:42:45.232] › [AGENT1] tick=70 streaming=True len=11 stable=0
  [00:42:45.233] ⚠ [AGENT1] Timed out — returning best capture.
  [00:42:45.251] → [AGENT1] Sending 572 chars …
  [00:42:45.285] › [AGENT1] Found input box via: rich-textarea div[contenteditable='true']
  [00:42:45.286] › [AGENT1] Typing 572 chars …
  [00:42:45.603] › [AGENT1] Input verified: 589 chars placed
  [00:42:46.292] › [AGENT1] Send clicked via JS: button.send-button
  [00:42:46.292] ✓ [AGENT1] Dispatched.
  [00:42:46.293] ← [AGENT1] Waiting for response …
  [00:42:46.299] › [AGENT1] Response blocks before send: 41
  [00:42:46.308] › [AGENT1] Streaming started.
  [00:42:59.276] › [AGENT1] tick=5 streaming=True len=11 stable=0
  [00:43:12.182] › [AGENT1] tick=10 streaming=True len=11 stable=0
  [00:43:25.107] › [AGENT1] tick=15 streaming=True len=11 stable=0
  [00:43:37.972] › [AGENT1] tick=20 streaming=True len=11 stable=0
  [00:43:50.909] › [AGENT1] tick=25 streaming=True len=11 stable=0
  [00:44:03.814] › [AGENT1] tick=30 streaming=True len=11 stable=0
  [00:44:16.715] › [AGENT1] tick=35 streaming=True len=11 stable=0
  [00:44:29.590] › [AGENT1] tick=40 streaming=True len=11 stable=0
  [00:44:42.463] › [AGENT1] tick=45 streaming=True len=11 stable=0
  [00:44:55.332] › [AGENT1] tick=50 streaming=True len=11 stable=0
  [00:45:08.267] › [AGENT1] tick=55 streaming=True len=11 stable=0
  [00:45:21.201] › [AGENT1] tick=60 streaming=True len=11 stable=0
  [00:45:34.128] › [AGENT1] tick=65 streaming=True len=11 stable=0
  [00:45:47.056] › [AGENT1] tick=70 streaming=True len=11 stable=0
  [00:45:47.057] ⚠ [AGENT1] Timed out — returning best capture.
  [00:45:47.058] → [AGENT1] Sending 85 chars …
  [00:45:47.068] › [AGENT1] Found input box via: rich-textarea div[contenteditable='true']
  [00:45:47.068] › [AGENT1] Typing 85 chars …
  [00:45:47.330] › [AGENT1] Input verified: 87 chars placed
  [00:45:48.001] › [AGENT1] Send clicked via JS: button.send-button
  [00:45:48.001] ✓ [AGENT1] Dispatched.
  [00:45:48.002] ← [AGENT1] Waiting for response …
  [00:45:48.008] › [AGENT1] Response blocks before send: 41
  [00:45:48.017] › [AGENT1] Streaming started.
  [00:46:00.893] › [AGENT1] tick=5 streaming=True len=11 stable=0
  [00:46:13.790] › [AGENT1] tick=10 streaming=True len=11 stable=0
  [00:46:26.712] › [AGENT1] tick=15 streaming=True len=11 stable=0
  [00:46:39.587] › [AGENT1] tick=20 streaming=True len=11 stable=0
  [00:46:52.527] › [AGENT1] tick=25 streaming=True len=11 stable=0
  [00:47:05.413] › [AGENT1] tick=30 streaming=True len=11 stable=0
  [00:47:18.365] › [AGENT1] tick=35 streaming=True len=11 stable=0
  [00:47:31.254] › [AGENT1] tick=40 streaming=True len=11 stable=0
  [00:47:44.191] › [AGENT1] tick=45 streaming=True len=11 stable=0
  [00:47:57.073] › [AGENT1] tick=50 streaming=True len=11 stable=0
  [00:48:10.059] › [AGENT1] tick=55 streaming=True len=11 stable=0
  [00:48:23.088] › [AGENT1] tick=60 streaming=True len=11 stable=0
  [00:48:35.962] › [AGENT1] tick=65 streaming=True len=11 stable=0
  [00:48:48.834] › [AGENT1] tick=70 streaming=True len=11 stable=0
  [00:48:48.834] ⚠ [AGENT1] Timed out — returning best capture.
  [00:48:48.844] → [AGENT1] Sending 619 chars …
  [00:48:48.852] › [AGENT1] Found input box via: rich-textarea div[contenteditable='true']
  [00:48:48.853] › [AGENT1] Typing 619 chars …
  [00:48:49.144] › [AGENT1] Input verified: 636 chars placed
  [00:48:49.816] › [AGENT1] Send clicked via JS: button.send-button
  [00:48:49.816] ✓ [AGENT1] Dispatched.
  [00:48:49.817] ← [AGENT1] Waiting for response …
  [00:48:49.823] › [AGENT1] Response blocks before send: 41
  [00:48:49.832] › [AGENT1] Streaming started.
  [00:49:02.674] › [AGENT1] tick=5 streaming=True len=11 stable=0
  [00:49:15.569] › [AGENT1] tick=10 streaming=True len=11 stable=0
  [00:49:28.445] › [AGENT1] tick=15 streaming=True len=11 stable=0
  [00:49:41.342] › [AGENT1] tick=20 streaming=True len=11 stable=0
  [00:49:54.268] › [AGENT1] tick=25 streaming=True len=11 stable=0
  [00:50:07.502] › [AGENT1] tick=30 streaming=True len=11 stable=0
  [00:50:20.471] › [AGENT1] tick=35 streaming=True len=11 stable=0
  [00:50:33.370] › [AGENT1] tick=40 streaming=True len=11 stable=0
  [00:50:46.262] › [AGENT1] tick=45 streaming=True len=11 stable=0
  [00:50:59.124] › [AGENT1] tick=50 streaming=True len=11 stable=0
  [00:51:12.026] › [AGENT1] tick=55 streaming=True len=11 stable=0
  [00:51:24.897] › [AGENT1] tick=60 streaming=True len=11 stable=0
  [00:51:37.824] › [AGENT1] tick=65 streaming=True len=11 stable=0
  [00:51:50.706] › [AGENT1] tick=70 streaming=True len=11 stable=0
  [00:51:50.707] ⚠ [AGENT1] Timed out — returning best capture.
  [00:51:50.708] → [AGENT1] Sending 85 chars …
  [00:51:50.717] › [AGENT1] Found input box via: rich-textarea div[contenteditable='true']
  [00:51:50.717] › [AGENT1] Typing 85 chars …
  [00:51:50.963] › [AGENT1] Input verified: 87 chars placed
  [00:51:51.684] › [AGENT1] Send clicked via JS: button.send-button
  [00:51:51.684] ✓ [AGENT1] Dispatched.
  [00:51:51.685] ← [AGENT1] Waiting for response …
  [00:51:51.693] › [AGENT1] Response blocks before send: 41
  [00:51:51.710] › [AGENT1] Streaming started.
  [00:52:04.555] › [AGENT1] tick=5 streaming=True len=11 stable=0
  [00:52:17.478] › [AGENT1] tick=10 streaming=True len=11 stable=0
  [00:52:30.371] › [AGENT1] tick=15 streaming=True len=11 stable=0
  [00:52:43.310] › [AGENT1] tick=20 streaming=True len=11 stable=0
  [00:52:56.180] › [AGENT1] tick=25 streaming=True len=11 stable=0
  [00:53:09.059] › [AGENT1] tick=30 streaming=True len=11 stable=0
  [00:53:21.982] › [AGENT1] tick=35 streaming=True len=11 stable=0
  [00:53:34.864] › [AGENT1] tick=40 streaming=True len=11 stable=0
  [00:53:47.851] › [AGENT1] tick=45 streaming=True len=11 stable=0
  [00:54:00.755] › [AGENT1] tick=50 streaming=True len=11 stable=0
  [00:54:13.760] › [AGENT1] tick=55 streaming=True len=11 stable=0
  [00:54:26.655] › [AGENT1] tick=60 streaming=True len=11 stable=0
  [00:54:39.548] › [AGENT1] tick=65 streaming=True len=11 stable=0
  [00:54:52.420] › [AGENT1] tick=70 streaming=True len=11 stable=0
  [00:54:52.420] ⚠ [AGENT1] Timed out — returning best capture.
  [00:54:52.429] → [AGENT1] Sending 620 chars …
  [00:54:52.437] › [AGENT1] Found input box via: rich-textarea div[contenteditable='true']
  [00:54:52.437] › [AGENT1] Typing 620 chars …
  [00:54:52.745] › [AGENT1] Input verified: 637 chars placed
  [00:54:53.439] › [AGENT1] Send clicked via JS: button.send-button
  [00:54:53.440] ✓ [AGENT1] Dispatched.
  [00:54:53.440] ← [AGENT1] Waiting for response …
  [00:54:53.448] › [AGENT1] Response blocks before send: 41
  [00:54:53.458] › [AGENT1] Streaming started.
  [00:55:06.345] › [AGENT1] tick=5 streaming=True len=11 stable=0
  [00:55:19.291] › [AGENT1] tick=10 streaming=True len=11 stable=0
  [00:55:32.211] › [AGENT1] tick=15 streaming=True len=11 stable=0
  [00:55:45.073] › [AGENT1] tick=20 streaming=True len=11 stable=0
  [00:55:58.009] › [AGENT1] tick=25 streaming=True len=11 stable=0
  [00:56:10.899] › [AGENT1] tick=30 streaming=True len=11 stable=0
  [00:56:23.892] › [AGENT1] tick=35 streaming=True len=11 stable=0
  [00:56:36.777] › [AGENT1] tick=40 streaming=True len=11 stable=0
  [00:56:49.742] › [AGENT1] tick=45 streaming=True len=11 stable=0
  [00:57:02.641] › [AGENT1] tick=50 streaming=True len=11 stable=0
  [00:57:15.616] › [AGENT1] tick=55 streaming=True len=11 stable=0
  [00:57:28.522] › [AGENT1] tick=60 streaming=True len=11 stable=0
  [00:57:41.453] › [AGENT1] tick=65 streaming=True len=11 stable=0
  [00:57:54.400] › [AGENT1] tick=70 streaming=True len=11 stable=0
  [00:57:54.401] ⚠ [AGENT1] Timed out — returning best capture.
  [00:57:54.402] → [AGENT1] Sending 85 chars …
  [00:57:54.410] › [AGENT1] Found input box via: rich-textarea div[contenteditable='true']
  [00:57:54.410] › [AGENT1] Typing 85 chars …
  [00:57:54.650] › [AGENT1] Input verified: 87 chars placed
  [00:57:55.332] › [AGENT1] Send clicked via JS: button.send-button
  [00:57:55.332] ✓ [AGENT1] Dispatched.
  [00:57:55.333] ← [AGENT1] Waiting for response …
  [00:57:55.339] › [AGENT1] Response blocks before send: 41
  [00:57:55.348] › [AGENT1] Streaming started.
  [00:58:08.229] › [AGENT1] tick=5 streaming=True len=11 stable=0
  [00:58:21.146] › [AGENT1] tick=10 streaming=True len=11 stable=0
  [00:58:34.062] › [AGENT1] tick=15 streaming=True len=11 stable=0
  [00:58:46.907] › [AGENT1] tick=20 streaming=True len=11 stable=0
  [00:58:59.902] › [AGENT1] tick=25 streaming=True len=11 stable=0
  [00:59:12.776] › [AGENT1] tick=30 streaming=True len=11 stable=0
  [00:59:25.716] › [AGENT1] tick=35 streaming=True len=11 stable=0
  [00:59:38.668] › [AGENT1] tick=40 streaming=True len=11 stable=0
  [00:59:51.558] › [AGENT1] tick=45 streaming=True len=11 stable=0
  [01:00:04.499] › [AGENT1] tick=50 streaming=True len=11 stable=0
  [01:00:17.446] › [AGENT1] tick=55 streaming=True len=11 stable=0
  [01:00:30.385] › [AGENT1] tick=60 streaming=True len=11 stable=0
  [01:00:43.263] › [AGENT1] tick=65 streaming=True len=11 stable=0
  [01:00:56.200] › [AGENT1] tick=70 streaming=True len=11 stable=0
  [01:00:56.200] ⚠ [AGENT1] Timed out — returning best capture.
  [01:00:56.210] → [AGENT1] Sending 638 chars …
  [01:00:56.218] › [AGENT1] Found input box via: rich-textarea div[contenteditable='true']
  [01:00:56.218] › [AGENT1] Typing 638 chars …
  [01:00:56.513] › [AGENT1] Input verified: 655 chars placed
  [01:00:57.196] › [AGENT1] Send clicked via JS: button.send-button
  [01:00:57.196] ✓ [AGENT1] Dispatched.
  [01:00:57.197] ← [AGENT1] Waiting for response …
  [01:00:57.204] › [AGENT1] Response blocks before send: 41
  [01:00:57.212] › [AGENT1] Streaming started.
  [01:01:10.056] › [AGENT1] tick=5 streaming=True len=11 stable=0
  [01:01:23.120] › [AGENT1] tick=10 streaming=True len=11 stable=0
  [01:01:36.000] › [AGENT1] tick=15 streaming=True len=11 stable=0
  [01:01:48.917] › [AGENT1] tick=20 streaming=True len=11 stable=0
  [01:02:01.801] › [AGENT1] tick=25 streaming=True len=11 stable=0
  [01:02:14.809] › [AGENT1] tick=30 streaming=True len=11 stable=0
  [01:02:28.055] › [AGENT1] tick=35 streaming=True len=11 stable=0
  [01:02:40.961] › [AGENT1] tick=40 streaming=True len=11 stable=0
  [01:02:53.802] › [AGENT1] tick=45 streaming=True len=11 stable=0
  [01:03:06.743] › [AGENT1] tick=50 streaming=True len=11 stable=0
  [01:03:19.617] › [AGENT1] tick=55 streaming=True len=11 stable=0
  [01:03:32.544] › [AGENT1] tick=60 streaming=True len=11 stable=0
  [01:03:45.405] › [AGENT1] tick=65 streaming=True len=11 stable=0
  [01:03:58.272] › [AGENT1] tick=70 streaming=True len=11 stable=0
  [01:03:58.273] ⚠ [AGENT1] Timed out — returning best capture.
  [01:03:58.274] → [AGENT1] Sending 85 chars …
  [01:03:58.282] › [AGENT1] Found input box via: rich-textarea div[contenteditable='true']
  [01:03:58.282] › [AGENT1] Typing 85 chars …
  [01:03:58.523] › [AGENT1] Input verified: 87 chars placed
  [01:03:59.206] › [AGENT1] Send clicked via JS: button.send-button
  [01:03:59.207] ✓ [AGENT1] Dispatched.
  [01:03:59.207] ← [AGENT1] Waiting for response …
  [01:03:59.214] › [AGENT1] Response blocks before send: 41
  [01:03:59.224] › [AGENT1] Streaming started.
  [01:04:12.452] › [AGENT1] tick=5 streaming=True len=11 stable=0
  [01:04:25.400] › [AGENT1] tick=10 streaming=True len=11 stable=0
  [01:04:38.258] › [AGENT1] tick=15 streaming=True len=11 stable=0
  [01:04:51.176] › [AGENT1] tick=20 streaming=True len=11 stable=0
  [01:05:04.057] › [AGENT1] tick=25 streaming=True len=11 stable=0
  [01:05:17.101] › [AGENT1] tick=30 streaming=True len=11 stable=0
  [01:05:30.038] › [AGENT1] tick=35 streaming=True len=11 stable=0
  [01:05:42.882] › [AGENT1] tick=40 streaming=True len=11 stable=0
  [01:05:55.810] › [AGENT1] tick=45 streaming=True len=11 stable=0
  [01:06:08.851] › [AGENT1] tick=50 streaming=True len=11 stable=0
  [01:06:22.016] › [AGENT1] tick=55 streaming=True len=11 stable=0
  [01:06:35.021] › [AGENT1] tick=60 streaming=True len=11 stable=0
  [01:06:48.050] › [AGENT1] tick=65 streaming=True len=11 stable=0
  [01:07:00.888] › [AGENT1] tick=70 streaming=True len=11 stable=0
  [01:07:00.889] ⚠ [AGENT1] Timed out — returning best capture.
  [01:07:00.899] → [AGENT1] Sending 618 chars …
  [01:07:00.907] › [AGENT1] Found input box via: rich-textarea div[contenteditable='true']
  [01:07:00.907] › [AGENT1] Typing 618 chars …
  [01:07:01.220] › [AGENT1] Input verified: 635 chars placed
  [01:07:01.909] › [AGENT1] Send clicked via JS: button.send-button
  [01:07:01.909] ✓ [AGENT1] Dispatched.
  [01:07:01.910] ← [AGENT1] Waiting for response …
  [01:07:01.916] › [AGENT1] Response blocks before send: 41
  [01:07:01.925] › [AGENT1] Streaming started.
  [01:07:14.804] › [AGENT1] tick=5 streaming=True len=11 stable=0
  [01:07:27.677] › [AGENT1] tick=10 streaming=True len=11 stable=0
  [01:07:40.694] › [AGENT1] tick=15 streaming=True len=11 stable=0
  [01:07:53.619] › [AGENT1] tick=20 streaming=True len=11 stable=0
  [01:08:06.628] › [AGENT1] tick=25 streaming=True len=11 stable=0
  [01:08:19.514] › [AGENT1] tick=30 streaming=True len=11 stable=0
  [01:08:32.392] › [AGENT1] tick=35 streaming=True len=11 stable=0
  [01:08:45.248] › [AGENT1] tick=40 streaming=True len=11 stable=0
  [01:08:58.111] › [AGENT1] tick=45 streaming=True len=11 stable=0
  [01:09:11.015] › [AGENT1] tick=50 streaming=True len=11 stable=0
  [01:09:23.905] › [AGENT1] tick=55 streaming=True len=11 stable=0
  [01:09:36.982] › [AGENT1] tick=60 streaming=True len=11 stable=0
  [01:09:49.840] › [AGENT1] tick=65 streaming=True len=11 stable=0
  [01:10:03.083] › [AGENT1] tick=70 streaming=True len=11 stable=0
  [01:10:03.084] ⚠ [AGENT1] Timed out — returning best capture.
  [01:10:03.085] → [AGENT1] Sending 85 chars …
  [01:10:03.095] › [AGENT1] Found input box via: rich-textarea div[contenteditable='true']
  [01:10:03.095] › [AGENT1] Typing 85 chars …
  [01:10:03.387] › [AGENT1] Input verified: 87 chars placed
  [01:10:04.074] › [AGENT1] Send clicked via JS: button.send-button
  [01:10:04.074] ✓ [AGENT1] Dispatched.
  [01:10:04.075] ← [AGENT1] Waiting for response …
  [01:10:04.082] › [AGENT1] Response blocks before send: 41
  [01:10:04.092] › [AGENT1] Streaming started.
  [01:10:17.070] › [AGENT1] tick=5 streaming=True len=11 stable=0
  [01:10:30.136] › [AGENT1] tick=10 streaming=True len=11 stable=0
  [01:10:43.025] › [AGENT1] tick=15 streaming=True len=11 stable=0
  [01:10:55.915] › [AGENT1] tick=20 streaming=True len=11 stable=0
  [01:11:08.922] › [AGENT1] tick=25 streaming=True len=11 stable=0
  [01:11:21.936] › [AGENT1] tick=30 streaming=True len=11 stable=0
  [01:11:34.926] › [AGENT1] tick=35 streaming=True len=11 stable=0
  [01:11:47.915] › [AGENT1] tick=40 streaming=True len=11 stable=0
  [01:12:00.915] › [AGENT1] tick=45 streaming=True len=11 stable=0
  [01:12:13.772] › [AGENT1] tick=50 streaming=True len=11 stable=0
  [01:12:26.720] › [AGENT1] tick=55 streaming=True len=11 stable=0
  [01:12:39.594] › [AGENT1] tick=60 streaming=True len=11 stable=0
  [01:12:52.519] › [AGENT1] tick=65 streaming=True len=11 stable=0
  [01:13:05.369] › [AGENT1] tick=70 streaming=True len=11 stable=0
  [01:13:05.370] ⚠ [AGENT1] Timed out — returning best capture.
  [01:13:05.383] → [AGENT1] Sending 601 chars …
  [01:13:05.390] › [AGENT1] Found input box via: rich-textarea div[contenteditable='true']
  [01:13:05.390] › [AGENT1] Typing 601 chars …
  [01:13:05.697] › [AGENT1] Input verified: 618 chars placed
  [01:13:06.383] › [AGENT1] Send clicked via JS: button.send-button
  [01:13:06.383] ✓ [AGENT1] Dispatched.
  [01:13:06.384] ← [AGENT1] Waiting for response …
  [01:13:06.391] › [AGENT1] Response blocks before send: 41
  [01:13:06.400] › [AGENT1] Streaming started.
  [01:13:19.346] › [AGENT1] tick=5 streaming=True len=11 stable=0
  [01:13:32.231] › [AGENT1] tick=10 streaming=True len=11 stable=0
  [01:13:45.171] › [AGENT1] tick=15 streaming=True len=11 stable=0
  [01:13:58.090] › [AGENT1] tick=20 streaming=True len=11 stable=0
  [01:14:11.058] › [AGENT1] tick=25 streaming=True len=11 stable=0
  [01:14:24.038] › [AGENT1] tick=30 streaming=True len=11 stable=0
  [01:14:36.971] › [AGENT1] tick=35 streaming=True len=11 stable=0
  [01:14:49.870] › [AGENT1] tick=40 streaming=True len=11 stable=0
  [01:15:02.791] › [AGENT1] tick=45 streaming=True len=11 stable=0
  [01:15:15.694] › [AGENT1] tick=50 streaming=True len=11 stable=0
  [01:15:28.579] › [AGENT1] tick=55 streaming=True len=11 stable=0
  [01:15:41.510] › [AGENT1] tick=60 streaming=True len=11 stable=0
  [01:15:54.452] › [AGENT1] tick=65 streaming=True len=11 stable=0
  [01:16:07.299] › [AGENT1] tick=70 streaming=True len=11 stable=0
  [01:16:07.300] ⚠ [AGENT1] Timed out — returning best capture.
  [01:16:07.300] → [AGENT1] Sending 85 chars …
  [01:16:07.310] › [AGENT1] Found input box via: rich-textarea div[contenteditable='true']
  [01:16:07.310] › [AGENT1] Typing 85 chars …
  [01:16:07.570] › [AGENT1] Input verified: 87 chars placed
  [01:16:08.256] › [AGENT1] Send clicked via JS: button.send-button
  [01:16:08.257] ✓ [AGENT1] Dispatched.
  [01:16:08.258] ← [AGENT1] Waiting for response …
  [01:16:08.265] › [AGENT1] Response blocks before send: 41
  [01:16:08.275] › [AGENT1] Streaming started.
  [01:16:21.183] › [AGENT1] tick=5 streaming=True len=11 stable=0
  [01:16:34.365] › [AGENT1] tick=10 streaming=True len=11 stable=0
  [01:16:47.415] › [AGENT1] tick=15 streaming=True len=11 stable=0
  [01:17:00.274] › [AGENT1] tick=20 streaming=True len=11 stable=0
  [01:17:13.181] › [AGENT1] tick=25 streaming=True len=11 stable=0
  [01:17:26.106] › [AGENT1] tick=30 streaming=True len=11 stable=0
  [01:17:40.201] › [AGENT1] tick=35 streaming=True len=11 stable=0
  [01:17:53.129] › [AGENT1] tick=40 streaming=True len=11 stable=0
  [01:18:06.017] › [AGENT1] tick=45 streaming=True len=11 stable=0
  [01:18:19.043] › [AGENT1] tick=50 streaming=True len=11 stable=0
  [01:18:31.971] › [AGENT1] tick=55 streaming=True len=11 stable=0
  [01:18:45.006] › [AGENT1] tick=60 streaming=True len=11 stable=0
  [01:18:57.909] › [AGENT1] tick=65 streaming=True len=11 stable=0
  [01:19:08.287] ⚠ [AGENT1] Timed out — returning best capture.
  [01:19:08.319] → [AGENT1] Sending 616 chars …
  [01:19:08.329] › [AGENT1] Found input box via: rich-textarea div[contenteditable='true']
  [01:19:08.329] › [AGENT1] Typing 616 chars …
  [01:19:08.641] › [AGENT1] Input verified: 633 chars placed
  [01:19:09.334] › [AGENT1] Send clicked via JS: button.send-button
  [01:19:09.334] ✓ [AGENT1] Dispatched.
  [01:19:09.335] ← [AGENT1] Waiting for response …
  [01:19:09.342] › [AGENT1] Response blocks before send: 41
  [01:19:09.359] › [AGENT1] Streaming started.
  [01:19:22.219] › [AGENT1] tick=5 streaming=True len=11 stable=0
  [01:19:35.164] › [AGENT1] tick=10 streaming=True len=11 stable=0
  [01:19:48.108] › [AGENT1] tick=15 streaming=True len=11 stable=0
  [01:20:01.033] › [AGENT1] tick=20 streaming=True len=11 stable=0
  [01:20:13.964] › [AGENT1] tick=25 streaming=True len=11 stable=0
  [01:20:26.885] › [AGENT1] tick=30 streaming=True len=11 stable=0
  [01:20:39.840] › [AGENT1] tick=35 streaming=True len=11 stable=0
  [01:20:52.863] › [AGENT1] tick=40 streaming=True len=11 stable=0
  [01:21:07.454] › [AGENT1] tick=45 streaming=True len=11 stable=0
  [01:21:20.683] › [AGENT1] tick=50 streaming=True len=11 stable=0
  [01:21:33.839] › [AGENT1] tick=55 streaming=True len=11 stable=0
  [01:21:47.614] › [AGENT1] tick=60 streaming=True len=11 stable=0
  [01:22:01.256] › [AGENT1] tick=65 streaming=True len=11 stable=0
  [01:22:11.695] ⚠ [AGENT1] Timed out — returning best capture.
  [01:22:11.699] → [AGENT1] Sending 85 chars …
  [01:22:11.710] › [AGENT1] Found input box via: rich-textarea div[contenteditable='true']
  [01:22:11.710] › [AGENT1] Typing 85 chars …
  [01:22:11.956] › [AGENT1] Input verified: 87 chars placed
  [01:22:12.652] › [AGENT1] Send clicked via JS: button.send-button
  [01:22:12.652] ✓ [AGENT1] Dispatched.
  [01:22:12.654] ← [AGENT1] Waiting for response …
  [01:22:12.663] › [AGENT1] Response blocks before send: 41
  [01:22:12.675] › [AGENT1] Streaming started.
  [01:22:25.567] › [AGENT1] tick=5 streaming=True len=11 stable=0
  [01:22:38.583] › [AGENT1] tick=10 streaming=True len=11 stable=0
  [01:22:51.428] › [AGENT1] tick=15 streaming=True len=11 stable=0
  [01:23:04.329] › [AGENT1] tick=20 streaming=True len=11 stable=0
  [01:23:17.212] › [AGENT1] tick=25 streaming=True len=11 stable=0
  [01:23:30.986] › [AGENT1] tick=30 streaming=True len=11 stable=0
  [01:23:43.889] › [AGENT1] tick=35 streaming=True len=11 stable=0
  [01:23:56.820] › [AGENT1] tick=40 streaming=True len=11 stable=0
  [01:24:09.997] › [AGENT1] tick=45 streaming=True len=11 stable=0
  [01:24:23.163] › [AGENT1] tick=50 streaming=True len=11 stable=0
  [01:24:36.135] › [AGENT1] tick=55 streaming=True len=11 stable=0
  [01:24:49.263] › [AGENT1] tick=60 streaming=True len=11 stable=0
  [01:25:02.169] › [AGENT1] tick=65 streaming=True len=11 stable=0
  [01:25:15.032] › [AGENT1] tick=70 streaming=True len=11 stable=0
  [01:25:15.033] ⚠ [AGENT1] Timed out — returning best capture.
  [01:25:15.083] → [AGENT2] Sending 481 chars …
  [01:25:15.990] › [AGENT2] Found input box via: rich-textarea div[contenteditable='true']
  [01:25:15.990] › [AGENT2] Typing 481 chars …
  [01:25:16.359] › [AGENT2] Input verified: 488 chars placed
  [01:25:17.054] › [AGENT2] Send clicked via JS: button.send-button
  [01:25:17.054] ✓ [AGENT2] Dispatched.
  [01:25:17.055] ← [AGENT2] Waiting for response …
  [01:25:17.063] › [AGENT2] Response blocks before send: 28
  [01:25:17.072] › [AGENT2] Streaming started.
  [01:25:29.842] › [AGENT2] tick=5 streaming=True len=907 stable=0
  [01:25:42.675] › [AGENT2] tick=10 streaming=True len=907 stable=0
  [01:25:55.445] › [AGENT2] tick=15 streaming=True len=907 stable=0
  [01:26:08.203] › [AGENT2] tick=20 streaming=True len=907 stable=0
  [01:26:21.273] › [AGENT2] tick=25 streaming=True len=907 stable=0
  [01:26:34.046] › [AGENT2] tick=30 streaming=True len=907 stable=0
  [01:26:46.795] › [AGENT2] tick=35 streaming=True len=907 stable=0
  [01:26:59.536] › [AGENT2] tick=40 streaming=True len=907 stable=0
  [01:27:12.266] › [AGENT2] tick=45 streaming=True len=907 stable=0
  [01:27:25.067] › [AGENT2] tick=50 streaming=True len=907 stable=0
  [01:27:37.843] › [AGENT2] tick=55 streaming=True len=907 stable=0
  [01:27:50.642] › [AGENT2] tick=60 streaming=True len=907 stable=0
  [01:28:03.436] › [AGENT2] tick=65 streaming=True len=907 stable=0
  [01:28:16.191] › [AGENT2] tick=70 streaming=True len=907 stable=0
  [01:28:18.744] ⚠ [AGENT2] Timed out — returning best capture.
  [01:28:18.745] → [AGENT2] Sending 1,053 chars …
  [01:28:18.753] › [AGENT2] Found input box via: rich-textarea div[contenteditable='true']
  [01:28:18.754] › [AGENT2] Typing 1053 chars …
  [01:28:19.228] › [AGENT2] Input verified: 1100 chars placed
  [01:28:19.919] › [AGENT2] Send clicked via JS: button.send-button
  [01:28:19.919] ✓ [AGENT2] Dispatched.
  [01:28:19.920] ← [AGENT2] Waiting for response …
  [01:28:19.926] › [AGENT2] Response blocks before send: 28
  [01:28:19.934] › [AGENT2] Streaming started.
  [01:28:32.685] › [AGENT2] tick=5 streaming=True len=907 stable=0
  [01:28:45.470] › [AGENT2] tick=10 streaming=True len=907 stable=0
  [01:28:58.223] › [AGENT2] tick=15 streaming=True len=907 stable=0
  [01:29:10.956] › [AGENT2] tick=20 streaming=True len=907 stable=0
  [01:29:23.698] › [AGENT2] tick=25 streaming=True len=907 stable=0
  [01:29:36.447] › [AGENT2] tick=30 streaming=True len=907 stable=0
  [01:29:49.209] › [AGENT2] tick=35 streaming=True len=907 stable=0
  [01:30:02.347] › [AGENT2] tick=40 streaming=True len=907 stable=0
  [01:30:15.126] › [AGENT2] tick=45 streaming=True len=907 stable=0
  [01:30:27.891] › [AGENT2] tick=50 streaming=True len=907 stable=0
  [01:30:40.631] › [AGENT2] tick=55 streaming=True len=907 stable=0
  [01:30:53.386] › [AGENT2] tick=60 streaming=True len=907 stable=0
  [01:31:06.143] › [AGENT2] tick=65 streaming=True len=907 stable=0
  [01:31:18.921] › [AGENT2] tick=70 streaming=True len=907 stable=0
  [01:31:21.473] ⚠ [AGENT2] Timed out — returning best capture.
  [01:31:21.474] ✓ [AGENT2] AGENT2 generated 0 candidate problems in cycle 3
  [01:31:21.504] → [AGENT3] Sending 481 chars …
  [01:31:22.478] › [AGENT3] Found input box via: rich-textarea div[contenteditable='true']
  [01:31:22.478] › [AGENT3] Typing 481 chars …
  [01:31:22.839] › [AGENT3] Input verified: 488 chars placed
  [01:31:23.567] › [AGENT3] Send clicked via JS: button[aria-label='Send message']
  [01:31:23.568] ✓ [AGENT3] Dispatched.
  [01:31:23.569] ← [AGENT3] Waiting for response …
  [01:31:23.718] › [AGENT3] Response blocks before send: 21
  [01:31:23.778] › [AGENT3] Streaming started.
  [01:31:33.983] › [AGENT3] Stable 1/4 (1,396 chars)
  [01:31:36.543] › [AGENT3] tick=5 streaming=False len=1396 stable=1
  [01:31:36.544] › [AGENT3] Stable 2/4 (1,396 chars)
  [01:31:39.104] › [AGENT3] Stable 3/4 (1,396 chars)
  [01:31:41.646] › [AGENT3] Stable 4/4 (1,396 chars)
  [01:31:41.646] ✓ [AGENT3] Response ready: 1,396 chars.
  [01:31:41.646] ✓ [AGENT3] AGENT3 generated 10 candidate problems in cycle 3
  [01:31:41.647] → [AGENT3] Sending 654 chars …
  [01:31:41.651] › [AGENT3] Found input box via: rich-textarea div[contenteditable='true']
  [01:31:41.652] › [AGENT3] Typing 654 chars …
  [01:31:42.034] › [AGENT3] Input verified: 671 chars placed
  [01:31:42.710] › [AGENT3] Send clicked via JS: button[aria-label='Send message']
  [01:31:42.710] ✓ [AGENT3] Dispatched.
  [01:31:42.711] ← [AGENT3] Waiting for response …
  [01:31:42.750] › [AGENT3] Response blocks before send: 22
  [01:31:42.760] › [AGENT3] Streaming started.
  [01:31:53.103] › [AGENT3] Stable 1/4 (977 chars)
  [01:31:55.753] › [AGENT3] tick=5 streaming=False len=977 stable=1
  [01:31:55.753] › [AGENT3] Stable 2/4 (977 chars)
  [01:31:58.336] › [AGENT3] Stable 3/4 (977 chars)
  [01:32:00.976] › [AGENT3] Stable 4/4 (977 chars)
  [01:32:00.977] ✓ [AGENT3] Response ready: 977 chars.
  [01:32:00.978] → [AGENT3] Sending 1,051 chars …
  [01:32:00.988] › [AGENT3] Found input box via: rich-textarea div[contenteditable='true']
  [01:32:00.988] › [AGENT3] Typing 1051 chars …
  [01:32:01.406] › [AGENT3] Input verified: 1100 chars placed
  [01:32:02.083] › [AGENT3] Send clicked via JS: button[aria-label='Send message']
  [01:32:02.084] ✓ [AGENT3] Dispatched.
  [01:32:02.084] ← [AGENT3] Waiting for response …
  [01:32:02.123] › [AGENT3] Response blocks before send: 23
  [01:32:02.168] › [AGENT3] Streaming started.
  [01:32:12.467] › [AGENT3] Stable 1/4 (977 chars)
  [01:32:15.053] › [AGENT3] tick=5 streaming=False len=977 stable=1
  [01:32:15.053] › [AGENT3] Stable 2/4 (977 chars)
  [01:32:17.646] › [AGENT3] Stable 3/4 (977 chars)
  [01:32:20.234] › [AGENT3] Stable 4/4 (977 chars)
  [01:32:20.235] ✓ [AGENT3] Response ready: 977 chars.
  [01:32:20.251] → [AGENT3] Sending 573 chars …
  [01:32:20.256] › [AGENT3] Found input box via: rich-textarea div[contenteditable='true']
  [01:32:20.256] › [AGENT3] Typing 573 chars …
  [01:32:20.612] › [AGENT3] Input verified: 590 chars placed
  [01:32:21.307] › [AGENT3] Send clicked via JS: button[aria-label='Send message']
  [01:32:21.307] ✓ [AGENT3] Dispatched.
  [01:32:21.308] ← [AGENT3] Waiting for response …
  [01:32:21.327] › [AGENT3] Response blocks before send: 24
  [01:32:21.374] › [AGENT3] Streaming started.
  [01:32:31.697] › [AGENT3] Stable 1/4 (875 chars)
  [01:32:34.280] › [AGENT3] tick=5 streaming=False len=875 stable=1
  [01:32:34.280] › [AGENT3] Stable 2/4 (875 chars)
  [01:32:36.855] › [AGENT3] Stable 3/4 (875 chars)
  [01:32:39.436] › [AGENT3] Stable 4/4 (875 chars)
  [01:32:39.437] ✓ [AGENT3] Response ready: 875 chars.
  [01:32:39.438] → [AGENT3] Sending 949 chars …
  [01:32:39.443] › [AGENT3] Found input box via: rich-textarea div[contenteditable='true']
  [01:32:39.443] › [AGENT3] Typing 949 chars …
  [01:32:39.945] › [AGENT3] Input verified: 993 chars placed
  [01:32:40.625] › [AGENT3] Send clicked via JS: button[aria-label='Send message']
  [01:32:40.625] ✓ [AGENT3] Dispatched.
  [01:32:40.626] ← [AGENT3] Waiting for response …
  [01:32:40.654] › [AGENT3] Response blocks before send: 25
  [01:32:40.667] › [AGENT3] Streaming started.
  [01:32:50.975] › [AGENT3] Stable 1/4 (875 chars)
  [01:32:53.567] › [AGENT3] tick=5 streaming=False len=875 stable=1
  [01:32:53.569] › [AGENT3] Stable 2/4 (875 chars)
  [01:32:56.147] › [AGENT3] Stable 3/4 (875 chars)
  [01:32:58.727] › [AGENT3] Stable 4/4 (875 chars)
  [01:32:58.728] ✓ [AGENT3] Response ready: 875 chars.
  [01:32:58.737] → [AGENT3] Sending 622 chars …
  [01:32:58.742] › [AGENT3] Found input box via: rich-textarea div[contenteditable='true']
  [01:32:58.742] › [AGENT3] Typing 622 chars …
  [01:32:59.054] › [AGENT3] Input verified: 639 chars placed
  [01:32:59.751] › [AGENT3] Send clicked via JS: button[aria-label='Send message']
  [01:32:59.752] ✓ [AGENT3] Dispatched.
  [01:32:59.753] ← [AGENT3] Waiting for response …
  [01:32:59.851] › [AGENT3] Response blocks before send: 26
  [01:32:59.866] › [AGENT3] Streaming started.
  [01:33:10.172] › [AGENT3] Stable 1/4 (1,012 chars)
  [01:33:12.769] › [AGENT3] tick=5 streaming=False len=1012 stable=1
  [01:33:12.773] › [AGENT3] Stable 2/4 (1,012 chars)
  [01:33:15.430] › [AGENT3] Stable 3/4 (1,012 chars)
  [01:33:18.018] › [AGENT3] Stable 4/4 (1,012 chars)
  [01:33:18.019] ✓ [AGENT3] Response ready: 1,012 chars.
  [01:33:18.020] → [AGENT3] Sending 1,086 chars …
  [01:33:18.024] › [AGENT3] Found input box via: rich-textarea div[contenteditable='true']
  [01:33:18.024] › [AGENT3] Typing 1086 chars …
  [01:33:18.452] › [AGENT3] Input verified: 1135 chars placed
  [01:33:19.141] › [AGENT3] Send clicked via JS: button[aria-label='Send message']
  [01:33:19.141] ✓ [AGENT3] Dispatched.
  [01:33:19.142] ← [AGENT3] Waiting for response …
  [01:33:19.221] › [AGENT3] Response blocks before send: 27
  [01:33:19.284] › [AGENT3] Streaming started.
  [01:33:29.604] › [AGENT3] Stable 1/4 (1,012 chars)
  [01:33:32.228] › [AGENT3] tick=5 streaming=False len=1012 stable=1
  [01:33:32.253] › [AGENT3] Stable 2/4 (1,012 chars)
  [01:33:34.837] › [AGENT3] Stable 3/4 (1,012 chars)
  [01:33:37.408] › [AGENT3] Stable 4/4 (1,012 chars)
  [01:33:37.408] ✓ [AGENT3] Response ready: 1,012 chars.
  [01:33:37.417] → [AGENT3] Sending 636 chars …
  [01:33:37.421] › [AGENT3] Found input box via: rich-textarea div[contenteditable='true']
  [01:33:37.421] › [AGENT3] Typing 636 chars …
  [01:33:37.773] › [AGENT3] Input verified: 653 chars placed
  [01:33:38.457] › [AGENT3] Send clicked via JS: button[aria-label='Send message']
  [01:33:38.458] ✓ [AGENT3] Dispatched.
  [01:33:38.459] ← [AGENT3] Waiting for response …
  [01:33:38.596] › [AGENT3] Response blocks before send: 28
  [01:33:38.622] › [AGENT3] Streaming started.
  [01:33:48.926] › [AGENT3] Stable 1/4 (1,034 chars)
  [01:33:51.508] › [AGENT3] tick=5 streaming=False len=1034 stable=1
  [01:33:51.509] › [AGENT3] Stable 2/4 (1,034 chars)
  [01:33:54.091] › [AGENT3] Stable 3/4 (1,034 chars)
  [01:33:56.673] › [AGENT3] Stable 4/4 (1,034 chars)
  [01:33:56.674] ✓ [AGENT3] Response ready: 1,034 chars.
  [01:33:56.675] → [AGENT3] Sending 1,108 chars …
  [01:33:56.680] › [AGENT3] Found input box via: rich-textarea div[contenteditable='true']
  [01:33:56.680] › [AGENT3] Typing 1108 chars …
  [01:33:57.172] › [AGENT3] Input verified: 1160 chars placed
  [01:33:57.846] › [AGENT3] Send clicked via JS: button[aria-label='Send message']
  [01:33:57.847] ✓ [AGENT3] Dispatched.
  [01:33:57.847] ← [AGENT3] Waiting for response …
  [01:33:57.923] › [AGENT3] Response blocks before send: 29
  [01:33:57.945] › [AGENT3] Streaming started.
  [01:34:08.204] › [AGENT3] Stable 1/4 (956 chars)
  [01:34:10.780] › [AGENT3] tick=5 streaming=False len=956 stable=1
  [01:34:10.780] › [AGENT3] Stable 2/4 (956 chars)
  [01:34:13.364] › [AGENT3] Stable 3/4 (956 chars)
  [01:34:15.956] › [AGENT3] Stable 4/4 (956 chars)
  [01:34:15.956] ✓ [AGENT3] Response ready: 956 chars.
  [01:34:15.967] → [AGENT3] Sending 615 chars …
  [01:34:15.974] › [AGENT3] Found input box via: rich-textarea div[contenteditable='true']
  [01:34:15.974] › [AGENT3] Typing 615 chars …
  [01:34:16.343] › [AGENT3] Input verified: 632 chars placed
  [01:34:17.029] › [AGENT3] Send clicked via JS: button[aria-label='Send message']
  [01:34:17.029] ✓ [AGENT3] Dispatched.
  [01:34:17.030] ← [AGENT3] Waiting for response …
  [01:34:17.058] › [AGENT3] Response blocks before send: 30
  [01:34:17.095] › [AGENT3] Streaming started.
  [01:34:27.436] › [AGENT3] Stable 1/4 (820 chars)
  [01:34:30.020] › [AGENT3] tick=5 streaming=False len=820 stable=1
  [01:34:30.020] › [AGENT3] Stable 2/4 (820 chars)
  [01:34:32.589] › [AGENT3] Stable 3/4 (820 chars)
  [01:34:35.171] › [AGENT3] Stable 4/4 (820 chars)
  [01:34:35.172] ✓ [AGENT3] Response ready: 820 chars.
  [01:34:35.173] → [AGENT3] Sending 894 chars …
  [01:34:35.177] › [AGENT3] Found input box via: rich-textarea div[contenteditable='true']
  [01:34:35.177] › [AGENT3] Typing 894 chars …
  [01:34:35.624] › [AGENT3] Input verified: 939 chars placed
  [01:34:36.309] › [AGENT3] Send clicked via JS: button[aria-label='Send message']
  [01:34:36.309] ✓ [AGENT3] Dispatched.
  [01:34:36.310] ← [AGENT3] Waiting for response …
  [01:34:36.340] › [AGENT3] Response blocks before send: 31
  [01:34:36.389] › [AGENT3] Streaming started.
  [01:34:44.102] › [AGENT3] Stable 1/4 (820 chars)
  [01:34:46.702] › [AGENT3] Stable 2/4 (820 chars)
  [01:34:49.536] › [AGENT3] tick=5 streaming=False len=820 stable=2
  [01:34:49.537] › [AGENT3] Stable 3/4 (820 chars)
  [01:34:52.169] › [AGENT3] Stable 4/4 (820 chars)
  [01:34:52.172] ✓ [AGENT3] Response ready: 820 chars.
  [01:34:52.187] → [AGENT3] Sending 608 chars …
  [01:34:52.193] › [AGENT3] Found input box via: rich-textarea div[contenteditable='true']
  [01:34:52.193] › [AGENT3] Typing 608 chars …
  [01:34:52.542] › [AGENT3] Input verified: 625 chars placed
  [01:34:53.226] › [AGENT3] Send clicked via JS: button[aria-label='Send message']
  [01:34:53.226] ✓ [AGENT3] Dispatched.
  [01:34:53.227] ← [AGENT3] Waiting for response …
  [01:34:53.337] › [AGENT3] Response blocks before send: 32
  [01:34:53.360] › [AGENT3] Streaming started.
  [01:35:03.641] › [AGENT3] Stable 1/4 (994 chars)
  [01:35:06.215] › [AGENT3] tick=5 streaming=False len=994 stable=1
  [01:35:06.215] › [AGENT3] Stable 2/4 (994 chars)
  [01:35:08.794] › [AGENT3] Stable 3/4 (994 chars)
  [01:35:11.365] › [AGENT3] Stable 4/4 (994 chars)
  [01:35:11.365] ✓ [AGENT3] Response ready: 994 chars.
  [01:35:11.366] → [AGENT3] Sending 1,068 chars …
  [01:35:11.371] › [AGENT3] Found input box via: rich-textarea div[contenteditable='true']
  [01:35:11.371] › [AGENT3] Typing 1068 chars …
  [01:35:11.815] › [AGENT3] Input verified: 1112 chars placed
  [01:35:12.500] › [AGENT3] Send clicked via JS: button[aria-label='Send message']
  [01:35:12.500] ✓ [AGENT3] Dispatched.
  [01:35:12.501] ← [AGENT3] Waiting for response …
  [01:35:12.589] › [AGENT3] Response blocks before send: 33
  [01:35:12.677] › [AGENT3] Streaming started.
  [01:35:23.131] › [AGENT3] Stable 1/4 (971 chars)
  [01:35:25.747] › [AGENT3] tick=5 streaming=False len=971 stable=1
  [01:35:25.748] › [AGENT3] Stable 2/4 (971 chars)
  [01:35:28.331] › [AGENT3] Stable 3/4 (971 chars)
  [01:35:30.912] › [AGENT3] Stable 4/4 (971 chars)
  [01:35:30.912] ✓ [AGENT3] Response ready: 971 chars.
  [01:35:30.922] → [AGENT3] Sending 606 chars …
  [01:35:30.927] › [AGENT3] Found input box via: rich-textarea div[contenteditable='true']
  [01:35:30.927] › [AGENT3] Typing 606 chars …
  [01:35:31.253] › [AGENT3] Input verified: 623 chars placed
  [01:35:31.930] › [AGENT3] Send clicked via JS: button[aria-label='Send message']
  [01:35:31.930] ✓ [AGENT3] Dispatched.
  [01:35:31.931] ← [AGENT3] Waiting for response …
  [01:35:32.007] › [AGENT3] Response blocks before send: 34
  [01:35:32.060] › [AGENT3] Streaming started.
  [01:35:42.326] › [AGENT3] Stable 1/4 (982 chars)
  [01:35:44.905] › [AGENT3] tick=5 streaming=False len=982 stable=1
  [01:35:44.905] › [AGENT3] Stable 2/4 (982 chars)
  [01:35:47.481] › [AGENT3] Stable 3/4 (982 chars)
  [01:35:50.061] › [AGENT3] Stable 4/4 (982 chars)
  [01:35:50.062] ✓ [AGENT3] Response ready: 982 chars.
  [01:35:50.063] → [AGENT3] Sending 1,056 chars …
  [01:35:50.068] › [AGENT3] Found input box via: rich-textarea div[contenteditable='true']
  [01:35:50.068] › [AGENT3] Typing 1056 chars …
  [01:35:50.609] › [AGENT3] Input verified: 1108 chars placed
  [01:35:51.290] › [AGENT3] Send clicked via JS: button[aria-label='Send message']
  [01:35:51.291] ✓ [AGENT3] Dispatched.
  [01:35:51.291] ← [AGENT3] Waiting for response …
  [01:35:51.326] › [AGENT3] Response blocks before send: 35
  [01:35:51.396] › [AGENT3] Streaming started.
  [01:36:01.676] › [AGENT3] Stable 1/4 (978 chars)
  [01:36:04.256] › [AGENT3] tick=5 streaming=False len=978 stable=1
  [01:36:04.256] › [AGENT3] Stable 2/4 (978 chars)
  [01:36:06.840] › [AGENT3] Stable 3/4 (978 chars)
  [01:36:09.423] › [AGENT3] Stable 4/4 (978 chars)
  [01:36:09.423] ✓ [AGENT3] Response ready: 978 chars.
  [01:36:09.433] → [AGENT3] Sending 648 chars …
  [01:36:09.437] › [AGENT3] Found input box via: rich-textarea div[contenteditable='true']
  [01:36:09.438] › [AGENT3] Typing 648 chars …
  [01:36:09.772] › [AGENT3] Input verified: 665 chars placed
  [01:36:10.458] › [AGENT3] Send clicked via JS: button[aria-label='Send message']
  [01:36:10.458] ✓ [AGENT3] Dispatched.
  [01:36:10.459] ← [AGENT3] Waiting for response …
  [01:36:10.557] › [AGENT3] Response blocks before send: 36
  [01:36:10.594] › [AGENT3] Streaming started.
  [01:36:20.870] › [AGENT3] Stable 1/4 (929 chars)
  [01:36:23.457] › [AGENT3] tick=5 streaming=False len=929 stable=1
  [01:36:23.457] › [AGENT3] Stable 2/4 (929 chars)
  [01:36:26.033] › [AGENT3] Stable 3/4 (929 chars)
  [01:36:28.603] › [AGENT3] Stable 4/4 (929 chars)
  [01:36:28.603] ✓ [AGENT3] Response ready: 929 chars.
  [01:36:28.604] → [AGENT3] Sending 1,003 chars …
  [01:36:28.609] › [AGENT3] Found input box via: rich-textarea div[contenteditable='true']
  [01:36:28.609] › [AGENT3] Typing 1003 chars …
  [01:36:29.061] › [AGENT3] Input verified: 1050 chars placed
  [01:36:29.794] › [AGENT3] Send clicked via JS: button[aria-label='Send message']
  [01:36:29.794] ✓ [AGENT3] Dispatched.
  [01:36:29.795] ← [AGENT3] Waiting for response …
  [01:36:29.838] › [AGENT3] Response blocks before send: 37
  [01:36:29.891] › [AGENT3] Streaming started.
  [01:36:40.231] › [AGENT3] Stable 1/4 (929 chars)
  [01:36:42.820] › [AGENT3] tick=5 streaming=False len=929 stable=1
  [01:36:42.821] › [AGENT3] Stable 2/4 (929 chars)
  [01:36:45.400] › [AGENT3] Stable 3/4 (929 chars)
  [01:36:47.983] › [AGENT3] Stable 4/4 (929 chars)
  [01:36:47.983] ✓ [AGENT3] Response ready: 929 chars.
  [01:36:47.994] → [AGENT3] Sending 619 chars …
  [01:36:47.999] › [AGENT3] Found input box via: rich-textarea div[contenteditable='true']
  [01:36:47.999] › [AGENT3] Typing 619 chars …
  [01:36:48.328] › [AGENT3] Input verified: 636 chars placed
  [01:36:48.999] › [AGENT3] Send clicked via JS: button[aria-label='Send message']
  [01:36:49.000] ✓ [AGENT3] Dispatched.
  [01:36:49.001] ← [AGENT3] Waiting for response …
  [01:36:49.089] › [AGENT3] Response blocks before send: 38
  [01:36:49.111] › [AGENT3] Streaming started.
  [01:36:59.440] › [AGENT3] Stable 1/4 (1,010 chars)
  [01:37:02.026] › [AGENT3] tick=5 streaming=False len=1010 stable=1
  [01:37:02.027] › [AGENT3] Stable 2/4 (1,010 chars)
  [01:37:04.611] › [AGENT3] Stable 3/4 (1,010 chars)
  [01:37:07.201] › [AGENT3] Stable 4/4 (1,010 chars)
  [01:37:07.205] ✓ [AGENT3] Response ready: 1,010 chars.
  [01:37:07.221] → [AGENT3] Sending 1,084 chars …
  [01:37:07.255] › [AGENT3] Found input box via: rich-textarea div[contenteditable='true']
  [01:37:07.256] › [AGENT3] Typing 1084 chars …
  [01:37:07.728] › [AGENT3] Input verified: 1133 chars placed
  [01:37:08.428] › [AGENT3] Send clicked via JS: button[aria-label='Send message']
  [01:37:08.428] ✓ [AGENT3] Dispatched.
  [01:37:08.429] ← [AGENT3] Waiting for response …
  [01:37:08.525] › [AGENT3] Response blocks before send: 39
  [01:37:08.543] › [AGENT3] Streaming started.
  [01:37:18.819] › [AGENT3] Stable 1/4 (1,010 chars)
  [01:37:21.409] › [AGENT3] tick=5 streaming=False len=1010 stable=1
  [01:37:21.410] › [AGENT3] Stable 2/4 (1,010 chars)
  [01:37:24.009] › [AGENT3] Stable 3/4 (1,010 chars)
  [01:37:26.595] › [AGENT3] Stable 4/4 (1,010 chars)
  [01:37:26.596] ✓ [AGENT3] Response ready: 1,010 chars.
  [01:37:26.606] → [AGENT3] Sending 623 chars …
  [01:37:26.611] › [AGENT3] Found input box via: rich-textarea div[contenteditable='true']
  [01:37:26.611] › [AGENT3] Typing 623 chars …
  [01:37:26.971] › [AGENT3] Input verified: 640 chars placed
  [01:37:27.667] › [AGENT3] Send clicked via JS: button[aria-label='Send message']
  [01:37:27.668] ✓ [AGENT3] Dispatched.
  [01:37:27.668] ← [AGENT3] Waiting for response …
  [01:37:27.771] › [AGENT3] Response blocks before send: 40
  [01:37:27.791] › [AGENT3] Streaming started.
  [01:37:38.140] › [AGENT3] Stable 1/4 (930 chars)
  [01:37:40.727] › [AGENT3] tick=5 streaming=False len=930 stable=1
  [01:37:40.727] › [AGENT3] Stable 2/4 (930 chars)
  [01:37:43.315] › [AGENT3] Stable 3/4 (930 chars)
  [01:37:45.895] › [AGENT3] Stable 4/4 (930 chars)
  [01:37:45.895] ✓ [AGENT3] Response ready: 930 chars.
  [01:37:45.902] → [AGENT3] Sending 1,004 chars …
  [01:37:45.962] › [AGENT3] Found input box via: rich-textarea div[contenteditable='true']
  [01:37:45.963] › [AGENT3] Typing 1004 chars …
  [01:37:46.443] › [AGENT3] Input verified: 1057 chars placed
  [01:37:47.139] › [AGENT3] Send clicked via JS: button[aria-label='Send message']
  [01:37:47.139] ✓ [AGENT3] Dispatched.
  [01:37:47.140] ← [AGENT3] Waiting for response …
  [01:37:47.246] › [AGENT3] Response blocks before send: 41
  [01:37:47.277] › [AGENT3] Streaming started.
  [01:37:57.567] › [AGENT3] Stable 1/4 (930 chars)
  [01:38:00.159] › [AGENT3] tick=5 streaming=False len=930 stable=1
  [01:38:00.159] › [AGENT3] Stable 2/4 (930 chars)
  [01:38:02.825] › [AGENT3] Stable 3/4 (930 chars)
  [01:38:05.411] › [AGENT3] Stable 4/4 (930 chars)
  [01:38:05.411] ✓ [AGENT3] Response ready: 930 chars.
  [01:38:05.442] → [AGENT4] Sending 481 chars …
  [01:38:06.294] › [AGENT4] Found input box via: rich-textarea div[contenteditable='true']
  [01:38:06.294] › [AGENT4] Typing 481 chars …
  [01:38:06.689] › [AGENT4] Input verified: 488 chars placed
  [01:38:07.359] › [AGENT4] Send clicked via JS: button[aria-label='Send message']
  [01:38:07.359] ✓ [AGENT4] Dispatched.
  [01:38:07.360] ← [AGENT4] Waiting for response …
  [01:38:07.388] › [AGENT4] Response blocks before send: 13
  [01:38:07.400] › [AGENT4] Streaming started.
  [01:38:20.178] › [AGENT4] tick=5 streaming=False len=1534 stable=0
  [01:38:20.179] › [AGENT4] Stable 1/4 (1,534 chars)
  [01:38:22.736] › [AGENT4] Stable 2/4 (1,534 chars)
  [01:38:25.301] › [AGENT4] Stable 3/4 (1,534 chars)
  [01:38:27.868] › [AGENT4] Stable 4/4 (1,534 chars)
  [01:38:27.869] ✓ [AGENT4] Response ready: 1,534 chars.
  [01:38:27.869] ✓ [AGENT4] AGENT4 generated 10 candidate problems in cycle 3
  [01:38:27.870] → [AGENT4] Sending 639 chars …
  [01:38:27.874] › [AGENT4] Found input box via: rich-textarea div[contenteditable='true']
  [01:38:27.874] › [AGENT4] Typing 639 chars …
  [01:38:28.169] › [AGENT4] Input verified: 656 chars placed
  [01:38:28.824] › [AGENT4] Send clicked via JS: button[aria-label='Send message']
  [01:38:28.824] ✓ [AGENT4] Dispatched.
  [01:38:28.826] ← [AGENT4] Waiting for response …
  [01:38:28.862] › [AGENT4] Response blocks before send: 14
  [01:38:28.886] › [AGENT4] Streaming started.
  [01:38:41.646] › [AGENT4] tick=5 streaming=False len=1382 stable=0
  [01:38:41.647] › [AGENT4] Stable 1/4 (1,382 chars)
  [01:38:44.279] › [AGENT4] Stable 2/4 (1,382 chars)
  [01:38:46.843] › [AGENT4] Stable 3/4 (1,382 chars)
  [01:38:49.409] › [AGENT4] Stable 4/4 (1,382 chars)
  [01:38:49.409] ✓ [AGENT4] Response ready: 1,382 chars.
  [01:38:49.419] → [AGENT4] Sending 626 chars …
  [01:38:49.423] › [AGENT4] Found input box via: rich-textarea div[contenteditable='true']
  [01:38:49.423] › [AGENT4] Typing 626 chars …
  [01:38:49.715] › [AGENT4] Input verified: 643 chars placed
  [01:38:50.374] › [AGENT4] Send clicked via JS: button[aria-label='Send message']
  [01:38:50.374] ✓ [AGENT4] Dispatched.
  [01:38:50.375] ← [AGENT4] Waiting for response …
  [01:38:50.392] › [AGENT4] Response blocks before send: 15
  [01:38:50.403] › [AGENT4] Streaming started.
  [01:38:55.523] › [AGENT4] Stable 1/4 (1,382 chars)
  [01:38:58.144] › [AGENT4] Stable 2/4 (1,382 chars)
  [01:39:00.706] › [AGENT4] Stable 3/4 (1,382 chars)
  [01:39:03.267] › [AGENT4] tick=5 streaming=False len=1382 stable=3
  [01:39:03.268] › [AGENT4] Stable 4/4 (1,382 chars)
  [01:39:03.268] ✓ [AGENT4] Response ready: 1,382 chars.
  [01:39:03.278] → [AGENT4] Sending 577 chars …
  [01:39:03.282] › [AGENT4] Found input box via: rich-textarea div[contenteditable='true']
  [01:39:03.282] › [AGENT4] Typing 577 chars …
  [01:39:03.601] › [AGENT4] Input verified: 594 chars placed
  [01:39:04.269] › [AGENT4] Send clicked via JS: button[aria-label='Send message']
  [01:39:04.269] ✓ [AGENT4] Dispatched.
  [01:39:04.270] ← [AGENT4] Waiting for response …
  [01:39:04.299] › [AGENT4] Response blocks before send: 15
  [01:39:04.312] › [AGENT4] Streaming started.
  [01:39:14.482] › [AGENT4] Stable 1/4 (1,022 chars)
  [01:39:17.031] › [AGENT4] tick=5 streaming=False len=1022 stable=1
  [01:39:17.032] › [AGENT4] Stable 2/4 (1,022 chars)
  [01:39:19.592] › [AGENT4] Stable 3/4 (1,022 chars)
  [01:39:22.138] › [AGENT4] Stable 4/4 (1,022 chars)
  [01:39:22.138] ✓ [AGENT4] Response ready: 1,022 chars.
  [01:39:22.149] → [AGENT4] Sending 663 chars …
  [01:39:22.154] › [AGENT4] Found input box via: rich-textarea div[contenteditable='true']
  [01:39:22.155] › [AGENT4] Typing 663 chars …
  [01:39:22.460] › [AGENT4] Input verified: 680 chars placed
  [01:39:23.107] › [AGENT4] Send clicked via JS: button[aria-label='Send message']
  [01:39:23.108] ✓ [AGENT4] Dispatched.
  [01:39:23.108] ← [AGENT4] Waiting for response …
  [01:39:23.127] › [AGENT4] Response blocks before send: 16
  [01:39:23.139] › [AGENT4] Streaming started.
  [01:39:35.898] › [AGENT4] tick=5 streaming=False len=1082 stable=0
  [01:39:35.899] › [AGENT4] Stable 1/4 (1,082 chars)
  [01:39:38.475] › [AGENT4] Stable 2/4 (1,082 chars)
  [01:39:41.064] › [AGENT4] Stable 3/4 (1,082 chars)
  [01:39:43.647] › [AGENT4] Stable 4/4 (1,082 chars)
  [01:39:43.648] ✓ [AGENT4] Response ready: 1,082 chars.
  [01:39:43.658] → [AGENT4] Sending 641 chars …
  [01:39:43.663] › [AGENT4] Found input box via: rich-textarea div[contenteditable='true']
  [01:39:43.663] › [AGENT4] Typing 641 chars …
  [01:39:43.950] › [AGENT4] Input verified: 658 chars placed
  [01:39:44.619] › [AGENT4] Send clicked via JS: button[aria-label='Send message']
  [01:39:44.620] ✓ [AGENT4] Dispatched.
  [01:39:44.620] ← [AGENT4] Waiting for response …
  [01:39:44.639] › [AGENT4] Response blocks before send: 17
  [01:39:44.651] › [AGENT4] Streaming started.
  [01:39:54.826] › [AGENT4] Stable 1/4 (910 chars)
  [01:39:57.384] › [AGENT4] tick=5 streaming=False len=910 stable=1
  [01:39:57.384] › [AGENT4] Stable 2/4 (910 chars)
  [01:39:59.945] › [AGENT4] Stable 3/4 (910 chars)
  [01:40:02.503] › [AGENT4] Stable 4/4 (910 chars)
  [01:40:02.503] ✓ [AGENT4] Response ready: 910 chars.
  [01:40:02.504] → [AGENT4] Sending 984 chars …
  [01:40:02.508] › [AGENT4] Found input box via: rich-textarea div[contenteditable='true']
  [01:40:02.508] › [AGENT4] Typing 984 chars …
  [01:40:02.922] › [AGENT4] Input verified: 1029 chars placed
  [01:40:03.583] › [AGENT4] Send clicked via JS: button[aria-label='Send message']
  [01:40:03.583] ✓ [AGENT4] Dispatched.
  [01:40:03.584] ← [AGENT4] Waiting for response …
  [01:40:03.618] › [AGENT4] Response blocks before send: 18
  [01:40:03.627] › [AGENT4] Streaming started.
  [01:40:13.890] › [AGENT4] Stable 1/4 (910 chars)
  [01:40:16.465] › [AGENT4] tick=5 streaming=False len=910 stable=1
  [01:40:16.466] › [AGENT4] Stable 2/4 (910 chars)
  [01:40:19.020] › [AGENT4] Stable 3/4 (910 chars)
  [01:40:21.560] › [AGENT4] Stable 4/4 (910 chars)
  [01:40:21.561] ✓ [AGENT4] Response ready: 910 chars.
  [01:40:21.571] → [AGENT4] Sending 677 chars …
  [01:40:21.575] › [AGENT4] Found input box via: rich-textarea div[contenteditable='true']
  [01:40:21.575] › [AGENT4] Typing 677 chars …
  [01:40:21.891] › [AGENT4] Input verified: 694 chars placed
  [01:40:22.567] › [AGENT4] Send clicked via JS: button[aria-label='Send message']
  [01:40:22.568] ✓ [AGENT4] Dispatched.
  [01:40:22.569] ← [AGENT4] Waiting for response …
  [01:40:22.589] › [AGENT4] Response blocks before send: 19
  [01:40:22.603] › [AGENT4] Streaming started.
  [01:40:32.811] › [AGENT4] Stable 1/4 (1,028 chars)
  [01:40:35.354] › [AGENT4] tick=5 streaming=False len=1028 stable=1
  [01:40:35.355] › [AGENT4] Stable 2/4 (1,028 chars)
  [01:40:37.898] › [AGENT4] Stable 3/4 (1,028 chars)
  [01:40:40.453] › [AGENT4] Stable 4/4 (1,028 chars)
  [01:40:40.454] ✓ [AGENT4] Response ready: 1,028 chars.
  [01:40:40.464] → [AGENT4] Sending 598 chars …
  [01:40:40.469] › [AGENT4] Found input box via: rich-textarea div[contenteditable='true']
  [01:40:40.469] › [AGENT4] Typing 598 chars …
  [01:40:40.759] › [AGENT4] Input verified: 615 chars placed
  [01:40:41.422] › [AGENT4] Send clicked via JS: button[aria-label='Send message']
  [01:40:41.422] ✓ [AGENT4] Dispatched.
  [01:40:41.423] ← [AGENT4] Waiting for response …
  [01:40:41.458] › [AGENT4] Response blocks before send: 20
  [01:40:41.471] › [AGENT4] Streaming started.
  [01:40:51.686] › [AGENT4] Stable 1/4 (1,062 chars)
  [01:40:54.247] › [AGENT4] tick=5 streaming=False len=1062 stable=1
  [01:40:54.247] › [AGENT4] Stable 2/4 (1,062 chars)
  [01:40:56.806] › [AGENT4] Stable 3/4 (1,062 chars)
  [01:40:59.361] › [AGENT4] Stable 4/4 (1,062 chars)
  [01:40:59.362] ✓ [AGENT4] Response ready: 1,062 chars.
  [01:40:59.375] → [AGENT4] Sending 623 chars …
  [01:40:59.385] › [AGENT4] Found input box via: rich-textarea div[contenteditable='true']
  [01:40:59.385] › [AGENT4] Typing 623 chars …
  [01:40:59.750] › [AGENT4] Input verified: 640 chars placed
  [01:41:00.419] › [AGENT4] Send clicked via JS: button[aria-label='Send message']
  [01:41:00.419] ✓ [AGENT4] Dispatched.
  [01:41:00.421] ← [AGENT4] Waiting for response …
  [01:41:00.467] › [AGENT4] Response blocks before send: 21
  [01:41:00.476] › [AGENT4] Streaming started.
  [01:41:10.688] › [AGENT4] Stable 1/4 (971 chars)
  [01:41:13.265] › [AGENT4] tick=5 streaming=False len=971 stable=1
  [01:41:13.265] › [AGENT4] Stable 2/4 (971 chars)
  [01:41:15.826] › [AGENT4] Stable 3/4 (971 chars)
  [01:41:18.391] › [AGENT4] Stable 4/4 (971 chars)
  [01:41:18.392] ✓ [AGENT4] Response ready: 971 chars.
  [01:41:18.404] → [AGENT4] Sending 618 chars …
  [01:41:18.412] › [AGENT4] Found input box via: rich-textarea div[contenteditable='true']
  [01:41:18.413] › [AGENT4] Typing 618 chars …
  [01:41:18.733] › [AGENT4] Input verified: 635 chars placed
  [01:41:19.419] › [AGENT4] Send clicked via JS: button[aria-label='Send message']
  [01:41:19.419] ✓ [AGENT4] Dispatched.
  [01:41:19.420] ← [AGENT4] Waiting for response …
  [01:41:19.443] › [AGENT4] Response blocks before send: 22
  [01:41:19.457] › [AGENT4] Streaming started.
  [01:41:29.690] › [AGENT4] Stable 1/4 (1,045 chars)
  [01:41:32.262] › [AGENT4] tick=5 streaming=False len=1045 stable=1
  [01:41:32.271] › [AGENT4] Stable 2/4 (1,045 chars)
  [01:41:34.842] › [AGENT4] Stable 3/4 (1,045 chars)
  [01:41:37.424] › [AGENT4] Stable 4/4 (1,045 chars)
  [01:41:37.424] ✓ [AGENT4] Response ready: 1,045 chars.
  [01:41:37.425] → [AGENT4] Sending 1,119 chars …
  [01:41:37.429] › [AGENT4] Found input box via: rich-textarea div[contenteditable='true']
  [01:41:37.430] › [AGENT4] Typing 1119 chars …
  [01:41:37.859] › [AGENT4] Input verified: 1182 chars placed
  [01:41:38.511] › [AGENT4] Send clicked via JS: button[aria-label='Send message']
  [01:41:38.512] ✓ [AGENT4] Dispatched.
  [01:41:38.513] ← [AGENT4] Waiting for response …
  [01:41:38.579] › [AGENT4] Response blocks before send: 23
  [01:41:38.617] › [AGENT4] Streaming started.
  [01:41:48.822] › [AGENT4] Stable 1/4 (1,045 chars)
  [01:41:51.392] › [AGENT4] tick=5 streaming=False len=1045 stable=1
  [01:41:51.392] › [AGENT4] Stable 2/4 (1,045 chars)
  [01:41:53.958] › [AGENT4] Stable 3/4 (1,045 chars)
  [01:41:56.515] › [AGENT4] Stable 4/4 (1,045 chars)
  [01:41:56.516] ✓ [AGENT4] Response ready: 1,045 chars.
  [01:41:56.527] → [AGENT4] Sending 660 chars …
  [01:41:56.536] › [AGENT4] Found input box via: rich-textarea div[contenteditable='true']
  [01:41:56.537] › [AGENT4] Typing 660 chars …
  [01:41:56.890] › [AGENT4] Input verified: 677 chars placed
  [01:41:57.589] › [AGENT4] Send clicked via JS: button[aria-label='Send message']
  [01:41:57.589] ✓ [AGENT4] Dispatched.
  [01:41:57.590] ← [AGENT4] Waiting for response …
  [01:41:57.670] › [AGENT4] Response blocks before send: 24
  [01:41:57.743] › [AGENT4] Streaming started.
  [01:42:08.032] › [AGENT4] Stable 1/4 (1,005 chars)
  [01:42:10.611] › [AGENT4] tick=5 streaming=False len=1005 stable=1
  [01:42:10.611] › [AGENT4] Stable 2/4 (1,005 chars)
  [01:42:13.190] › [AGENT4] Stable 3/4 (1,005 chars)
  [01:42:15.786] › [AGENT4] Stable 4/4 (1,005 chars)
  [01:42:15.787] ✓ [AGENT4] Response ready: 1,005 chars.
  [01:42:15.790] → [AGENT4] Sending 1,079 chars …
  [01:42:15.849] › [AGENT4] Found input box via: rich-textarea div[contenteditable='true']
  [01:42:15.849] › [AGENT4] Typing 1079 chars …
  [01:42:16.290] › [AGENT4] Input verified: 1140 chars placed
  [01:42:16.966] › [AGENT4] Send clicked via JS: button[aria-label='Send message']
  [01:42:16.966] ✓ [AGENT4] Dispatched.
  [01:42:16.967] ← [AGENT4] Waiting for response …
  [01:42:16.996] › [AGENT4] Response blocks before send: 25
  [01:42:17.007] › [AGENT4] Streaming started.
  [01:42:27.250] › [AGENT4] Stable 1/4 (1,005 chars)
  [01:42:29.830] › [AGENT4] tick=5 streaming=False len=1005 stable=1
  [01:42:29.830] › [AGENT4] Stable 2/4 (1,005 chars)
  [01:42:32.406] › [AGENT4] Stable 3/4 (1,005 chars)
  [01:42:34.979] › [AGENT4] Stable 4/4 (1,005 chars)
  [01:42:34.979] ✓ [AGENT4] Response ready: 1,005 chars.
  [01:42:35.006] → [AGENT1] Sending 481 chars …
  [01:42:35.311] › [AGENT1] Found input box via: rich-textarea div[contenteditable='true']
  [01:42:35.312] › [AGENT1] Typing 481 chars …
  [01:42:35.721] › [AGENT1] Input verified: 488 chars placed
  [01:42:36.408] › [AGENT1] Send clicked via JS: button.send-button
  [01:42:36.408] ✓ [AGENT1] Dispatched.
  [01:42:36.409] ← [AGENT1] Waiting for response …
  [01:42:36.416] › [AGENT1] Response blocks before send: 41
  [01:42:36.425] › [AGENT1] Streaming started.
  [01:42:49.258] › [AGENT1] tick=5 streaming=True len=751 stable=0
  [01:43:02.069] › [AGENT1] tick=10 streaming=True len=751 stable=0
  [01:43:14.865] › [AGENT1] tick=15 streaming=True len=751 stable=0
  [01:43:27.689] › [AGENT1] tick=20 streaming=True len=751 stable=0
  [01:43:40.494] › [AGENT1] tick=25 streaming=True len=751 stable=0
  [01:43:53.268] › [AGENT1] tick=30 streaming=True len=751 stable=0
  [01:44:06.072] › [AGENT1] tick=35 streaming=True len=751 stable=0
  [01:44:18.896] › [AGENT1] tick=40 streaming=True len=751 stable=0
  [01:44:31.760] › [AGENT1] tick=45 streaming=True len=751 stable=0
  [01:44:44.536] › [AGENT1] tick=50 streaming=True len=751 stable=0
  [01:44:57.382] › [AGENT1] tick=55 streaming=True len=751 stable=0
  [01:45:10.193] › [AGENT1] tick=60 streaming=True len=751 stable=0
  [01:45:23.045] › [AGENT1] tick=65 streaming=True len=751 stable=0
  [01:45:35.825] › [AGENT1] tick=70 streaming=True len=751 stable=0
  [01:45:38.371] ⚠ [AGENT1] Timed out — returning best capture.
  [01:45:38.373] → [AGENT1] Sending 897 chars …
  [01:45:38.403] › [AGENT1] Found input box via: rich-textarea div[contenteditable='true']
  [01:45:38.403] › [AGENT1] Typing 897 chars …
  [01:45:38.921] › [AGENT1] Input verified: 938 chars placed
  [01:45:39.598] › [AGENT1] Send clicked via JS: button.send-button
  [01:45:39.598] ✓ [AGENT1] Dispatched.
  [01:45:39.599] ← [AGENT1] Waiting for response …
  [01:45:39.606] › [AGENT1] Response blocks before send: 41
  [01:45:39.615] › [AGENT1] Streaming started.
  [01:45:52.422] › [AGENT1] tick=5 streaming=True len=751 stable=0
  [01:46:05.736] › [AGENT1] tick=10 streaming=True len=751 stable=0
  [01:46:18.525] › [AGENT1] tick=15 streaming=True len=751 stable=0
  [01:46:31.299] › [AGENT1] tick=20 streaming=True len=751 stable=0
  [01:46:44.092] › [AGENT1] tick=25 streaming=True len=751 stable=0
  [01:46:56.853] › [AGENT1] tick=30 streaming=True len=751 stable=0
  [01:47:09.631] › [AGENT1] tick=35 streaming=True len=751 stable=0
  [01:47:22.474] › [AGENT1] tick=40 streaming=True len=751 stable=0
  [01:47:35.261] › [AGENT1] tick=45 streaming=True len=751 stable=0
  [01:47:48.060] › [AGENT1] tick=50 streaming=True len=751 stable=0
  [01:48:00.864] › [AGENT1] tick=55 streaming=True len=751 stable=0
  [01:48:13.644] › [AGENT1] tick=60 streaming=True len=751 stable=0
  [01:48:26.458] › [AGENT1] tick=65 streaming=True len=751 stable=0
  [01:48:39.250] › [AGENT1] tick=70 streaming=True len=751 stable=0
  [01:48:41.816] ⚠ [AGENT1] Timed out — returning best capture.
  [01:48:41.816] ✓ [AGENT1] AGENT1 generated 0 candidate problems in cycle 4
  [01:48:41.854] → [AGENT2] Sending 481 chars …
  [01:48:41.988] › [AGENT2] Found input box via: rich-textarea div[contenteditable='true']
  [01:48:41.988] › [AGENT2] Typing 481 chars …
  [01:48:42.346] › [AGENT2] Input verified: 488 chars placed
  [01:48:43.015] › [AGENT2] Send clicked via JS: button.send-button
  [01:48:43.015] ✓ [AGENT2] Dispatched.
  [01:48:43.016] ← [AGENT2] Waiting for response …
  [01:48:43.024] › [AGENT2] Response blocks before send: 28
  [01:48:43.037] › [AGENT2] Streaming started.
  [01:48:55.780] › [AGENT2] tick=5 streaming=True len=907 stable=0
  [01:49:08.544] › [AGENT2] tick=10 streaming=True len=907 stable=0
  [01:49:21.329] › [AGENT2] tick=15 streaming=True len=907 stable=0
  [01:49:34.086] › [AGENT2] tick=20 streaming=True len=907 stable=0
  [01:49:46.867] › [AGENT2] tick=25 streaming=True len=907 stable=0
  [01:49:59.659] › [AGENT2] tick=30 streaming=True len=907 stable=0
  [01:50:12.436] › [AGENT2] tick=35 streaming=True len=907 stable=0
  [01:50:25.265] › [AGENT2] tick=40 streaming=True len=907 stable=0
  [01:50:38.039] › [AGENT2] tick=45 streaming=True len=907 stable=0
  [01:50:50.862] › [AGENT2] tick=50 streaming=True len=907 stable=0
  [01:51:03.602] › [AGENT2] tick=55 streaming=True len=907 stable=0
  [01:51:16.329] › [AGENT2] tick=60 streaming=True len=907 stable=0
  [01:51:29.093] › [AGENT2] tick=65 streaming=True len=907 stable=0
  [01:51:41.881] › [AGENT2] tick=70 streaming=True len=907 stable=0
  [01:51:44.436] ⚠ [AGENT2] Timed out — returning best capture.
  [01:51:44.438] → [AGENT2] Sending 1,053 chars …
  [01:51:44.446] › [AGENT2] Found input box via: rich-textarea div[contenteditable='true']
  [01:51:44.446] › [AGENT2] Typing 1053 chars …
  [01:51:44.987] › [AGENT2] Input verified: 1100 chars placed
  [01:51:45.673] › [AGENT2] Send clicked via JS: button.send-button
  [01:51:45.673] ✓ [AGENT2] Dispatched.
  [01:51:45.674] ← [AGENT2] Waiting for response …
  [01:51:45.680] › [AGENT2] Response blocks before send: 28
  [01:51:45.689] › [AGENT2] Streaming started.
  [01:51:58.471] › [AGENT2] tick=5 streaming=True len=907 stable=0
  [01:52:11.249] › [AGENT2] tick=10 streaming=True len=907 stable=0
  [01:52:24.013] › [AGENT2] tick=15 streaming=True len=907 stable=0
  [01:52:36.793] › [AGENT2] tick=20 streaming=True len=907 stable=0
  [01:52:49.596] › [AGENT2] tick=25 streaming=True len=907 stable=0
  [01:53:02.405] › [AGENT2] tick=30 streaming=True len=907 stable=0
  [01:53:15.165] › [AGENT2] tick=35 streaming=True len=907 stable=0
  [01:53:27.924] › [AGENT2] tick=40 streaming=True len=907 stable=0
  [01:53:40.700] › [AGENT2] tick=45 streaming=True len=907 stable=0
  [01:53:53.475] › [AGENT2] tick=50 streaming=True len=907 stable=0
  [01:54:06.239] › [AGENT2] tick=55 streaming=True len=907 stable=0
  [01:54:19.280] › [AGENT2] tick=60 streaming=True len=907 stable=0
  [01:54:32.045] › [AGENT2] tick=65 streaming=True len=907 stable=0
  [01:54:44.833] › [AGENT2] tick=70 streaming=True len=907 stable=0
  [01:54:47.391] ⚠ [AGENT2] Timed out — returning best capture.
  [01:54:47.391] ✓ [AGENT2] AGENT2 generated 0 candidate problems in cycle 4
  [01:54:47.507] → [AGENT3] Sending 481 chars …
  [01:54:48.012] › [AGENT3] Found input box via: rich-textarea div[contenteditable='true']
  [01:54:48.013] › [AGENT3] Typing 481 chars …
  [01:54:48.380] › [AGENT3] Input verified: 488 chars placed
  [01:54:49.081] › [AGENT3] Send clicked via JS: button[aria-label='Send message']
  [01:54:49.081] ✓ [AGENT3] Dispatched.
  [01:54:49.084] ← [AGENT3] Waiting for response …
  [01:54:49.218] › [AGENT3] Response blocks before send: 42
  [01:54:49.263] › [AGENT3] Streaming started.
  [01:54:59.534] › [AGENT3] Stable 1/4 (1,429 chars)
  [01:55:02.094] › [AGENT3] tick=5 streaming=False len=1429 stable=1
  [01:55:02.095] › [AGENT3] Stable 2/4 (1,429 chars)
  [01:55:04.656] › [AGENT3] Stable 3/4 (1,429 chars)
  [01:55:07.220] › [AGENT3] Stable 4/4 (1,429 chars)
  [01:55:07.220] ✓ [AGENT3] Response ready: 1,429 chars.
  [01:55:07.221] ✓ [AGENT3] AGENT3 generated 10 candidate problems in cycle 4
  [01:55:07.221] → [AGENT3] Sending 644 chars …
  [01:55:07.226] › [AGENT3] Found input box via: rich-textarea div[contenteditable='true']
  [01:55:07.226] › [AGENT3] Typing 644 chars …
  [01:55:07.682] › [AGENT3] Input verified: 661 chars placed
  [01:55:08.376] › [AGENT3] Send clicked via JS: button[aria-label='Send message']
  [01:55:08.376] ✓ [AGENT3] Dispatched.
  [01:55:08.377] ← [AGENT3] Waiting for response …
  [01:55:08.482] › [AGENT3] Response blocks before send: 43
  [01:55:08.511] › [AGENT3] Streaming started.
  [01:55:19.632] › [AGENT3] Stable 1/4 (1,035 chars)
  [01:55:22.250] › [AGENT3] tick=5 streaming=False len=1035 stable=1
  [01:55:22.250] › [AGENT3] Stable 2/4 (1,035 chars)
  [01:55:24.830] › [AGENT3] Stable 3/4 (1,035 chars)
  [01:55:27.455] › [AGENT3] Stable 4/4 (1,035 chars)
  [01:55:27.456] ✓ [AGENT3] Response ready: 1,035 chars.
  [01:55:27.457] → [AGENT3] Sending 1,109 chars …
  [01:55:27.462] › [AGENT3] Found input box via: rich-textarea div[contenteditable='true']
  [01:55:27.462] › [AGENT3] Typing 1109 chars …
  [01:55:28.023] › [AGENT3] Input verified: 1161 chars placed
  [01:55:28.701] › [AGENT3] Send clicked via JS: button[aria-label='Send message']
  [01:55:28.702] ✓ [AGENT3] Dispatched.
  [01:55:28.703] ← [AGENT3] Waiting for response …
  [01:55:28.781] › [AGENT3] Response blocks before send: 44
  [01:55:28.827] › [AGENT3] Streaming started.
  [01:55:39.549] › [AGENT3] Stable 1/4 (1,035 chars)
  [01:55:42.250] › [AGENT3] tick=5 streaming=False len=1035 stable=1
  [01:55:42.251] › [AGENT3] Stable 2/4 (1,035 chars)
  [01:55:44.839] › [AGENT3] Stable 3/4 (1,035 chars)
  [01:55:47.427] › [AGENT3] Stable 4/4 (1,035 chars)
  [01:55:47.428] ✓ [AGENT3] Response ready: 1,035 chars.
  [01:55:47.444] → [AGENT3] Sending 628 chars …
  [01:55:47.450] › [AGENT3] Found input box via: rich-textarea div[contenteditable='true']
  [01:55:47.450] › [AGENT3] Typing 628 chars …
  [01:55:47.841] › [AGENT3] Input verified: 645 chars placed
  [01:55:48.535] › [AGENT3] Send clicked via JS: button[aria-label='Send message']
  [01:55:48.535] ✓ [AGENT3] Dispatched.
  [01:55:48.536] ← [AGENT3] Waiting for response …
  [01:55:48.663] › [AGENT3] Response blocks before send: 45
  [01:55:48.759] › [AGENT3] Streaming started.
  [01:55:56.550] › [AGENT3] Stable 1/4 (788 chars)
  [01:55:59.127] › [AGENT3] Stable 2/4 (788 chars)
  [01:56:01.695] › [AGENT3] tick=5 streaming=False len=788 stable=2
  [01:56:01.695] › [AGENT3] Stable 3/4 (788 chars)
  [01:56:04.363] › [AGENT3] Stable 4/4 (788 chars)
  [01:56:04.364] ✓ [AGENT3] Response ready: 788 chars.
  [01:56:04.365] → [AGENT3] Sending 862 chars …
  [01:56:04.370] › [AGENT3] Found input box via: rich-textarea div[contenteditable='true']
  [01:56:04.370] › [AGENT3] Typing 862 chars …
  [01:56:04.852] › [AGENT3] Input verified: 904 chars placed
  [01:56:05.566] › [AGENT3] Send clicked via JS: button[aria-label='Send message']
  [01:56:05.567] ✓ [AGENT3] Dispatched.
  [01:56:05.575] ← [AGENT3] Waiting for response …
  [01:56:05.705] › [AGENT3] Response blocks before send: 46
  [01:56:05.732] › [AGENT3] Streaming started.
  [01:56:13.535] › [AGENT3] Stable 1/4 (788 chars)
  [01:56:16.116] › [AGENT3] Stable 2/4 (788 chars)
  [01:56:18.729] › [AGENT3] tick=5 streaming=False len=788 stable=2
  [01:56:18.730] › [AGENT3] Stable 3/4 (788 chars)
  [01:56:21.310] › [AGENT3] Stable 4/4 (788 chars)
  [01:56:21.310] ✓ [AGENT3] Response ready: 788 chars.
  [01:56:21.323] → [AGENT3] Sending 626 chars …
  [01:56:21.328] › [AGENT3] Found input box via: rich-textarea div[contenteditable='true']
  [01:56:21.328] › [AGENT3] Typing 626 chars …
  [01:56:21.713] › [AGENT3] Input verified: 643 chars placed
  [01:56:22.421] › [AGENT3] Send clicked via JS: button[aria-label='Send message']
  [01:56:22.421] ✓ [AGENT3] Dispatched.
  [01:56:22.422] ← [AGENT3] Waiting for response …
  [01:56:22.551] › [AGENT3] Response blocks before send: 47
  [01:56:22.587] › [AGENT3] Streaming started.
  [01:56:32.891] › [AGENT3] Stable 1/4 (1,012 chars)
  [01:56:35.479] › [AGENT3] tick=5 streaming=False len=1012 stable=1
  [01:56:35.479] › [AGENT3] Stable 2/4 (1,012 chars)
  [01:56:38.062] › [AGENT3] Stable 3/4 (1,012 chars)
  [01:56:40.633] › [AGENT3] Stable 4/4 (1,012 chars)
  [01:56:40.634] ✓ [AGENT3] Response ready: 1,012 chars.
  [01:56:40.635] → [AGENT3] Sending 1,086 chars …
  [01:56:40.640] › [AGENT3] Found input box via: rich-textarea div[contenteditable='true']
  [01:56:40.640] › [AGENT3] Typing 1086 chars …
  [01:56:41.152] › [AGENT3] Input verified: 1138 chars placed
  [01:56:41.855] › [AGENT3] Send clicked via JS: button[aria-label='Send message']
  [01:56:41.855] ✓ [AGENT3] Dispatched.
  [01:56:41.856] ← [AGENT3] Waiting for response …
  [01:56:41.985] › [AGENT3] Response blocks before send: 48
  [01:56:42.096] › [AGENT3] Streaming started.
  [01:56:52.447] › [AGENT3] Stable 1/4 (977 chars)
  [01:56:55.034] › [AGENT3] tick=5 streaming=False len=977 stable=1
  [01:56:55.036] › [AGENT3] Stable 2/4 (977 chars)
  [01:56:57.633] › [AGENT3] Stable 3/4 (977 chars)
  [01:57:00.245] › [AGENT3] Stable 4/4 (977 chars)
  [01:57:00.246] ✓ [AGENT3] Response ready: 977 chars.
  [01:57:00.262] → [AGENT3] Sending 646 chars …
  [01:57:00.267] › [AGENT3] Found input box via: rich-textarea div[contenteditable='true']
  [01:57:00.267] › [AGENT3] Typing 646 chars …
  [01:57:00.613] › [AGENT3] Input verified: 663 chars placed
  [01:57:01.307] › [AGENT3] Send clicked via JS: button[aria-label='Send message']
  [01:57:01.307] ✓ [AGENT3] Dispatched.
  [01:57:01.308] ← [AGENT3] Waiting for response …
  [01:57:01.428] › [AGENT3] Response blocks before send: 49
  [01:57:01.510] › [AGENT3] Streaming started.
  [01:57:11.871] › [AGENT3] Stable 1/4 (970 chars)
  [01:57:14.454] › [AGENT3] tick=5 streaming=False len=970 stable=1
  [01:57:14.454] › [AGENT3] Stable 2/4 (970 chars)
  [01:57:17.092] › [AGENT3] Stable 3/4 (970 chars)
  [01:57:19.681] › [AGENT3] Stable 4/4 (970 chars)
  [01:57:19.682] ✓ [AGENT3] Response ready: 970 chars.
  [01:57:19.683] → [AGENT3] Sending 1,044 chars …
  [01:57:19.688] › [AGENT3] Found input box via: rich-textarea div[contenteditable='true']
  [01:57:19.689] › [AGENT3] Typing 1044 chars …
  [01:57:20.241] › [AGENT3] Input verified: 1100 chars placed
  [01:57:20.966] › [AGENT3] Send clicked via JS: button[aria-label='Send message']
  [01:57:20.966] ✓ [AGENT3] Dispatched.
  [01:57:20.967] ← [AGENT3] Waiting for response …
  [01:57:21.101] › [AGENT3] Response blocks before send: 50
  [01:57:21.214] › [AGENT3] Streaming started.
  [01:57:31.571] › [AGENT3] Stable 1/4 (970 chars)
  [01:57:34.157] › [AGENT3] tick=5 streaming=False len=970 stable=1
  [01:57:34.158] › [AGENT3] Stable 2/4 (970 chars)
  [01:57:36.743] › [AGENT3] Stable 3/4 (970 chars)
  [01:57:39.331] › [AGENT3] Stable 4/4 (970 chars)
  [01:57:39.332] ✓ [AGENT3] Response ready: 970 chars.
  [01:57:39.343] → [AGENT3] Sending 598 chars …
  [01:57:39.349] › [AGENT3] Found input box via: rich-textarea div[contenteditable='true']
  [01:57:39.349] › [AGENT3] Typing 598 chars …
  [01:57:39.777] › [AGENT3] Input verified: 615 chars placed
  [01:57:40.483] › [AGENT3] Send clicked via JS: button[aria-label='Send message']
  [01:57:40.483] ✓ [AGENT3] Dispatched.
  [01:57:40.484] ← [AGENT3] Waiting for response …
  [01:57:40.591] › [AGENT3] Response blocks before send: 51
  [01:57:40.628] › [AGENT3] Streaming started.
  [01:57:51.019] › [AGENT3] Stable 1/4 (1,008 chars)
  [01:57:53.618] › [AGENT3] tick=5 streaming=False len=1008 stable=1
  [01:57:53.618] › [AGENT3] Stable 2/4 (1,008 chars)
  [01:57:56.196] › [AGENT3] Stable 3/4 (1,008 chars)
  [01:57:58.785] › [AGENT3] Stable 4/4 (1,008 chars)
  [01:57:58.787] ✓ [AGENT3] Response ready: 1,008 chars.
  [01:57:58.789] → [AGENT3] Sending 1,082 chars …
  [01:57:58.797] › [AGENT3] Found input box via: rich-textarea div[contenteditable='true']
  [01:57:58.797] › [AGENT3] Typing 1082 chars …
  [01:57:59.341] › [AGENT3] Input verified: 1134 chars placed
  [01:58:00.038] › [AGENT3] Send clicked via JS: button[aria-label='Send message']
  [01:58:00.038] ✓ [AGENT3] Dispatched.
  [01:58:00.039] ← [AGENT3] Waiting for response …
  [01:58:00.172] › [AGENT3] Response blocks before send: 52
  [01:58:00.330] › [AGENT3] Streaming started.
  [01:58:10.716] › [AGENT3] Stable 1/4 (1,006 chars)
  [01:58:13.399] › [AGENT3] tick=5 streaming=False len=1006 stable=1
  [01:58:13.400] › [AGENT3] Stable 2/4 (1,006 chars)
  [01:58:16.030] › [AGENT3] Stable 3/4 (1,006 chars)
  [01:58:18.635] › [AGENT3] Stable 4/4 (1,006 chars)
  [01:58:18.636] ✓ [AGENT3] Response ready: 1,006 chars.
  [01:58:18.648] → [AGENT3] Sending 626 chars …
  [01:58:18.653] › [AGENT3] Found input box via: rich-textarea div[contenteditable='true']
  [01:58:18.653] › [AGENT3] Typing 626 chars …
  [01:58:19.093] › [AGENT3] Input verified: 643 chars placed
  [01:58:19.812] › [AGENT3] Send clicked via JS: button[aria-label='Send message']
  [01:58:19.812] ✓ [AGENT3] Dispatched.
  [01:58:19.813] ← [AGENT3] Waiting for response …
  [01:58:19.962] › [AGENT3] Response blocks before send: 53
  [01:58:20.011] › [AGENT3] Streaming started.
  [01:58:30.377] › [AGENT3] Stable 1/4 (986 chars)
  [01:58:32.966] › [AGENT3] tick=5 streaming=False len=986 stable=1
  [01:58:32.967] › [AGENT3] Stable 2/4 (986 chars)
  [01:58:35.549] › [AGENT3] Stable 3/4 (986 chars)
  [01:58:38.167] › [AGENT3] Stable 4/4 (986 chars)
  [01:58:38.170] ✓ [AGENT3] Response ready: 986 chars.
  [01:58:38.204] → [AGENT3] Sending 1,060 chars …
  [01:58:38.325] › [AGENT3] Found input box via: rich-textarea div[contenteditable='true']
  [01:58:38.325] › [AGENT3] Typing 1060 chars …
  [01:58:38.871] › [AGENT3] Input verified: 1118 chars placed
  [01:58:39.566] › [AGENT3] Send clicked via JS: button[aria-label='Send message']
  [01:58:39.566] ✓ [AGENT3] Dispatched.
  [01:58:39.567] ← [AGENT3] Waiting for response …
  [01:58:39.688] › [AGENT3] Response blocks before send: 54
  [01:58:39.732] › [AGENT3] Streaming started.
  [01:58:50.219] › [AGENT3] Stable 1/4 (954 chars)
  [01:58:52.811] › [AGENT3] tick=5 streaming=False len=954 stable=1
  [01:58:52.811] › [AGENT3] Stable 2/4 (954 chars)
  [01:58:55.398] › [AGENT3] Stable 3/4 (954 chars)
  [01:58:57.999] › [AGENT3] Stable 4/4 (954 chars)
  [01:58:58.000] ✓ [AGENT3] Response ready: 954 chars.
  [01:58:58.013] → [AGENT3] Sending 622 chars …
  [01:58:58.018] › [AGENT3] Found input box via: rich-textarea div[contenteditable='true']
  [01:58:58.018] › [AGENT3] Typing 622 chars …
  [01:58:58.426] › [AGENT3] Input verified: 639 chars placed
  [01:58:59.130] › [AGENT3] Send clicked via JS: button[aria-label='Send message']
  [01:58:59.130] ✓ [AGENT3] Dispatched.
  [01:58:59.131] ← [AGENT3] Waiting for response …
  [01:58:59.270] › [AGENT3] Response blocks before send: 55
  [01:58:59.314] › [AGENT3] Streaming started.
  [01:59:07.203] › [AGENT3] Stable 1/4 (780 chars)
  [01:59:09.789] › [AGENT3] Stable 2/4 (780 chars)
  [01:59:12.354] › [AGENT3] tick=5 streaming=False len=780 stable=2
  [01:59:12.354] › [AGENT3] Stable 3/4 (780 chars)
  [01:59:14.948] › [AGENT3] Stable 4/4 (780 chars)
  [01:59:14.949] ✓ [AGENT3] Response ready: 780 chars.
  [01:59:14.950] → [AGENT3] Sending 854 chars …
  [01:59:14.956] › [AGENT3] Found input box via: rich-textarea div[contenteditable='true']
  [01:59:14.956] › [AGENT3] Typing 854 chars …
  [01:59:15.708] › [AGENT3] Input verified: 898 chars placed
  [01:59:16.429] › [AGENT3] Send clicked via JS: button[aria-label='Send message']
  [01:59:16.429] ✓ [AGENT3] Dispatched.
  [01:59:16.430] ← [AGENT3] Waiting for response …
  [01:59:16.625] › [AGENT3] Response blocks before send: 56
  [01:59:16.727] › [AGENT3] Streaming started.
  [01:59:24.712] › [AGENT3] Stable 1/4 (780 chars)
  [01:59:27.296] › [AGENT3] Stable 2/4 (780 chars)
  [01:59:29.885] › [AGENT3] tick=5 streaming=False len=780 stable=2
  [01:59:29.885] › [AGENT3] Stable 3/4 (780 chars)
  [01:59:32.465] › [AGENT3] Stable 4/4 (780 chars)
  [01:59:32.465] ✓ [AGENT3] Response ready: 780 chars.
  [01:59:32.480] → [AGENT3] Sending 617 chars …
  [01:59:32.487] › [AGENT3] Found input box via: rich-textarea div[contenteditable='true']
  [01:59:32.487] › [AGENT3] Typing 617 chars …
  [01:59:32.910] › [AGENT3] Input verified: 634 chars placed
  [01:59:33.614] › [AGENT3] Send clicked via JS: button[aria-label='Send message']
  [01:59:33.614] ✓ [AGENT3] Dispatched.
  [01:59:33.615] ← [AGENT3] Waiting for response …
  [01:59:33.782] › [AGENT3] Response blocks before send: 57
  [01:59:33.846] › [AGENT3] Streaming started.
  [01:59:41.535] › [AGENT3] Stable 1/4 (774 chars)
  [01:59:44.105] › [AGENT3] Stable 2/4 (774 chars)
  [01:59:46.671] › [AGENT3] tick=5 streaming=False len=774 stable=2
  [01:59:46.672] › [AGENT3] Stable 3/4 (774 chars)
  [01:59:49.235] › [AGENT3] Stable 4/4 (774 chars)
  [01:59:49.235] ✓ [AGENT3] Response ready: 774 chars.
  [01:59:49.236] → [AGENT3] Sending 848 chars …
  [01:59:49.241] › [AGENT3] Found input box via: rich-textarea div[contenteditable='true']
  [01:59:49.241] › [AGENT3] Typing 848 chars …
  [01:59:49.755] › [AGENT3] Input verified: 887 chars placed
  [01:59:50.488] › [AGENT3] Send clicked via JS: button[aria-label='Send message']
  [01:59:50.488] ✓ [AGENT3] Dispatched.
  [01:59:50.489] ← [AGENT3] Waiting for response …
  [01:59:50.654] › [AGENT3] Response blocks before send: 58
  [01:59:50.789] › [AGENT3] Streaming started.
  [02:00:01.068] › [AGENT3] Stable 1/4 (774 chars)
  [02:00:03.635] › [AGENT3] tick=5 streaming=False len=774 stable=1
  [02:00:03.636] › [AGENT3] Stable 2/4 (774 chars)
  [02:00:06.209] › [AGENT3] Stable 3/4 (774 chars)
  [02:00:08.781] › [AGENT3] Stable 4/4 (774 chars)
  [02:00:08.782] ✓ [AGENT3] Response ready: 774 chars.
  [02:00:08.794] → [AGENT3] Sending 631 chars …
  [02:00:08.799] › [AGENT3] Found input box via: rich-textarea div[contenteditable='true']
  [02:00:08.800] › [AGENT3] Typing 631 chars …
  [02:00:09.197] › [AGENT3] Input verified: 648 chars placed
  [02:00:09.917] › [AGENT3] Send clicked via JS: button[aria-label='Send message']
  [02:00:09.918] ✓ [AGENT3] Dispatched.
  [02:00:09.919] ← [AGENT3] Waiting for response …
  [02:00:10.067] › [AGENT3] Response blocks before send: 59
  [02:00:10.130] › [AGENT3] Streaming started.
  [02:00:20.690] › [AGENT3] Stable 1/4 (936 chars)
  [02:00:23.272] › [AGENT3] tick=5 streaming=False len=936 stable=1
  [02:00:23.272] › [AGENT3] Stable 2/4 (936 chars)
  [02:00:25.865] › [AGENT3] Stable 3/4 (936 chars)
  [02:00:28.452] › [AGENT3] Stable 4/4 (936 chars)
  [02:00:28.453] ✓ [AGENT3] Response ready: 936 chars.
  [02:00:28.454] → [AGENT3] Sending 1,010 chars …
  [02:00:28.458] › [AGENT3] Found input box via: rich-textarea div[contenteditable='true']
  [02:00:28.459] › [AGENT3] Typing 1010 chars …
  [02:00:29.012] › [AGENT3] Input verified: 1064 chars placed
  [02:00:29.734] › [AGENT3] Send clicked via JS: button[aria-label='Send message']
  [02:00:29.734] ✓ [AGENT3] Dispatched.
  [02:00:29.735] ← [AGENT3] Waiting for response …
  [02:00:29.886] › [AGENT3] Response blocks before send: 60
  [02:00:30.009] › [AGENT3] Streaming started.
  [02:00:40.394] › [AGENT3] Stable 1/4 (936 chars)
  [02:00:42.984] › [AGENT3] tick=5 streaming=False len=936 stable=1
  [02:00:42.985] › [AGENT3] Stable 2/4 (936 chars)
  [02:00:45.567] › [AGENT3] Stable 3/4 (936 chars)
  [02:00:48.156] › [AGENT3] Stable 4/4 (936 chars)
  [02:00:48.156] ✓ [AGENT3] Response ready: 936 chars.
  [02:00:48.172] → [AGENT3] Sending 579 chars …
  [02:00:48.177] › [AGENT3] Found input box via: rich-textarea div[contenteditable='true']
  [02:00:48.177] › [AGENT3] Typing 579 chars …
  [02:00:48.576] › [AGENT3] Input verified: 596 chars placed
  [02:00:49.288] › [AGENT3] Send clicked via JS: button[aria-label='Send message']
  [02:00:49.288] ✓ [AGENT3] Dispatched.
  [02:00:49.289] ← [AGENT3] Waiting for response …
  [02:00:49.432] › [AGENT3] Response blocks before send: 61
  [02:00:49.477] › [AGENT3] Streaming started.
  [02:00:59.772] › [AGENT3] Stable 1/4 (908 chars)
  [02:01:02.354] › [AGENT3] tick=5 streaming=False len=908 stable=1
  [02:01:02.354] › [AGENT3] Stable 2/4 (908 chars)
  [02:01:04.937] › [AGENT3] Stable 3/4 (908 chars)
  [02:01:07.602] › [AGENT3] Stable 4/4 (908 chars)
  [02:01:07.602] ✓ [AGENT3] Response ready: 908 chars.
  [02:01:07.603] → [AGENT3] Sending 982 chars …
  [02:01:07.609] › [AGENT3] Found input box via: rich-textarea div[contenteditable='true']
  [02:01:07.609] › [AGENT3] Typing 982 chars …
  [02:01:08.136] › [AGENT3] Input verified: 1031 chars placed
  [02:01:08.838] › [AGENT3] Send clicked via JS: button[aria-label='Send message']
  [02:01:08.838] ✓ [AGENT3] Dispatched.
  [02:01:08.839] ← [AGENT3] Waiting for response …
  [02:01:08.965] › [AGENT3] Response blocks before send: 62
  [02:01:08.997] › [AGENT3] Streaming started.
  [02:01:21.836] › [AGENT3] tick=5 streaming=True len=908 stable=0
  [02:01:34.684] › [AGENT3] tick=10 streaming=True len=908 stable=0
  [02:01:48.033] › [AGENT3] tick=15 streaming=True len=908 stable=0
  [02:02:00.886] › [AGENT3] tick=20 streaming=True len=908 stable=0
  [02:02:14.126] › [AGENT3] tick=25 streaming=False len=908 stable=0
  [02:02:14.128] › [AGENT3] Stable 1/4 (908 chars)
  [02:02:16.741] › [AGENT3] Stable 2/4 (908 chars)
  [02:02:19.314] › [AGENT3] Stable 3/4 (908 chars)
  [02:02:21.881] › [AGENT3] Stable 4/4 (908 chars)
  [02:02:21.881] ✓ [AGENT3] Response ready: 908 chars.
  [02:02:21.910] → [AGENT4] Sending 481 chars …
  [02:02:22.101] › [AGENT4] Found input box via: rich-textarea div[contenteditable='true']
  [02:02:22.101] › [AGENT4] Typing 481 chars …
  [02:02:22.489] › [AGENT4] Input verified: 488 chars placed
  [02:02:23.233] › [AGENT4] Send clicked via JS: button[aria-label='Send message']
  [02:02:23.233] ✓ [AGENT4] Dispatched.
  [02:02:23.236] ← [AGENT4] Waiting for response …
  [02:02:23.660] › [AGENT4] Response blocks before send: 26
  [02:02:23.869] › [AGENT4] Streaming started.
  [02:02:34.085] › [AGENT4] Stable 1/4 (1,454 chars)
  [02:02:36.635] › [AGENT4] tick=5 streaming=False len=1454 stable=1
  [02:02:36.635] › [AGENT4] Stable 2/4 (1,454 chars)
  [02:02:39.201] › [AGENT4] Stable 3/4 (1,454 chars)
  [02:02:41.764] › [AGENT4] Stable 4/4 (1,454 chars)
  [02:02:41.765] ✓ [AGENT4] Response ready: 1,454 chars.
  [02:02:41.765] ✓ [AGENT4] AGENT4 generated 10 candidate problems in cycle 4
  [02:02:41.766] → [AGENT4] Sending 647 chars …
  [02:02:41.771] › [AGENT4] Found input box via: rich-textarea div[contenteditable='true']
  [02:02:41.771] › [AGENT4] Typing 647 chars …
  [02:02:42.143] › [AGENT4] Input verified: 664 chars placed
  [02:02:42.817] › [AGENT4] Send clicked via JS: button[aria-label='Send message']
  [02:02:42.817] ✓ [AGENT4] Dispatched.
  [02:02:42.818] ← [AGENT4] Waiting for response …
  [02:02:42.844] › [AGENT4] Response blocks before send: 27
  [02:02:42.856] › [AGENT4] Streaming started.
  [02:02:53.090] › [AGENT4] Stable 1/4 (1,060 chars)
  [02:02:55.641] › [AGENT4] tick=5 streaming=False len=1060 stable=1
  [02:02:55.641] › [AGENT4] Stable 2/4 (1,060 chars)
  [02:02:58.203] › [AGENT4] Stable 3/4 (1,060 chars)
  [02:03:00.771] › [AGENT4] Stable 4/4 (1,060 chars)
  [02:03:00.772] ✓ [AGENT4] Response ready: 1,060 chars.
  [02:03:00.784] → [AGENT4] Sending 626 chars …
  [02:03:00.788] › [AGENT4] Found input box via: rich-textarea div[contenteditable='true']
  [02:03:00.788] › [AGENT4] Typing 626 chars …
  [02:03:01.107] › [AGENT4] Input verified: 643 chars placed
  [02:03:01.783] › [AGENT4] Send clicked via JS: button[aria-label='Send message']
  [02:03:01.783] ✓ [AGENT4] Dispatched.
  [02:03:01.784] ← [AGENT4] Waiting for response …
  [02:03:01.867] › [AGENT4] Response blocks before send: 28
  [02:03:01.943] › [AGENT4] Streaming started.
  [02:03:12.159] › [AGENT4] Stable 1/4 (1,086 chars)
  [02:03:14.723] › [AGENT4] tick=5 streaming=False len=1086 stable=1
  [02:03:14.723] › [AGENT4] Stable 2/4 (1,086 chars)
  [02:03:17.298] › [AGENT4] Stable 3/4 (1,086 chars)
  [02:03:19.858] › [AGENT4] Stable 4/4 (1,086 chars)
  [02:03:19.860] ✓ [AGENT4] Response ready: 1,086 chars.
  [02:03:19.872] → [AGENT4] Sending 577 chars …
  [02:03:19.876] › [AGENT4] Found input box via: rich-textarea div[contenteditable='true']
  [02:03:19.876] › [AGENT4] Typing 577 chars …
  [02:03:20.204] › [AGENT4] Input verified: 594 chars placed
  [02:03:20.891] › [AGENT4] Send clicked via JS: button[aria-label='Send message']
  [02:03:20.892] ✓ [AGENT4] Dispatched.
  [02:03:20.892] ← [AGENT4] Waiting for response …
  [02:03:20.979] › [AGENT4] Response blocks before send: 29
  [02:03:21.025] › [AGENT4] Streaming started.
  [02:03:31.226] › [AGENT4] Stable 1/4 (1,018 chars)
  [02:03:33.790] › [AGENT4] tick=5 streaming=False len=1018 stable=1
  [02:03:33.790] › [AGENT4] Stable 2/4 (1,018 chars)
  [02:03:36.358] › [AGENT4] Stable 3/4 (1,018 chars)
  [02:03:38.928] › [AGENT4] Stable 4/4 (1,018 chars)
  [02:03:38.929] ✓ [AGENT4] Response ready: 1,018 chars.
  [02:03:38.941] → [AGENT4] Sending 636 chars …
  [02:03:38.948] › [AGENT4] Found input box via: rich-textarea div[contenteditable='true']
  [02:03:38.948] › [AGENT4] Typing 636 chars …
  [02:03:39.374] › [AGENT4] Input verified: 653 chars placed
  [02:03:40.062] › [AGENT4] Send clicked via JS: button[aria-label='Send message']
  [02:03:40.062] ✓ [AGENT4] Dispatched.
  [02:03:40.065] ← [AGENT4] Waiting for response …
  [02:03:40.231] › [AGENT4] Response blocks before send: 30
  [02:03:40.364] › [AGENT4] Streaming started.
  [02:03:50.845] › [AGENT4] Stable 1/4 (1,165 chars)
  [02:03:53.418] › [AGENT4] tick=5 streaming=False len=1165 stable=1
  [02:03:53.418] › [AGENT4] Stable 2/4 (1,165 chars)
  [02:03:55.988] › [AGENT4] Stable 3/4 (1,165 chars)
  [02:03:58.544] › [AGENT4] Stable 4/4 (1,165 chars)
  [02:03:58.544] ✓ [AGENT4] Response ready: 1,165 chars.
  [02:03:58.555] → [AGENT4] Sending 603 chars …
  [02:03:58.560] › [AGENT4] Found input box via: rich-textarea div[contenteditable='true']
  [02:03:58.560] › [AGENT4] Typing 603 chars …
  [02:03:58.877] › [AGENT4] Input verified: 620 chars placed
  [02:03:59.539] › [AGENT4] Send clicked via JS: button[aria-label='Send message']
  [02:03:59.540] ✓ [AGENT4] Dispatched.
  [02:03:59.541] ← [AGENT4] Waiting for response …
  [02:03:59.575] › [AGENT4] Response blocks before send: 31
  [02:03:59.663] › [AGENT4] Streaming started.
  [02:04:09.895] › [AGENT4] Stable 1/4 (1,203 chars)
  [02:04:12.463] › [AGENT4] tick=5 streaming=False len=1203 stable=1
  [02:04:12.463] › [AGENT4] Stable 2/4 (1,203 chars)
  [02:04:15.026] › [AGENT4] Stable 3/4 (1,203 chars)
  [02:04:17.681] › [AGENT4] Stable 4/4 (1,203 chars)
  [02:04:17.682] ✓ [AGENT4] Response ready: 1,203 chars.
  [02:04:17.682] → [AGENT4] Sending 1,277 chars …
  [02:04:17.687] › [AGENT4] Found input box via: rich-textarea div[contenteditable='true']
  [02:04:17.688] › [AGENT4] Typing 1277 chars …
  [02:04:18.194] › [AGENT4] Input verified: 1338 chars placed
  [02:04:18.866] › [AGENT4] Send clicked via JS: button[aria-label='Send message']
  [02:04:18.866] ✓ [AGENT4] Dispatched.
  [02:04:18.867] ← [AGENT4] Waiting for response …
  [02:04:18.955] › [AGENT4] Response blocks before send: 32
  [02:04:18.979] › [AGENT4] Streaming started.
  [02:04:29.201] › [AGENT4] Stable 1/4 (1,203 chars)
  [02:04:31.754] › [AGENT4] tick=5 streaming=False len=1203 stable=1
  [02:04:31.754] › [AGENT4] Stable 2/4 (1,203 chars)
  [02:04:34.315] › [AGENT4] Stable 3/4 (1,203 chars)
  [02:04:36.869] › [AGENT4] Stable 4/4 (1,203 chars)
  [02:04:36.869] ✓ [AGENT4] Response ready: 1,203 chars.
  [02:04:36.881] → [AGENT4] Sending 614 chars …
  [02:04:36.886] › [AGENT4] Found input box via: rich-textarea div[contenteditable='true']
  [02:04:36.886] › [AGENT4] Typing 614 chars …
  [02:04:37.201] › [AGENT4] Input verified: 631 chars placed
  [02:04:37.867] › [AGENT4] Send clicked via JS: button[aria-label='Send message']
  [02:04:37.867] ✓ [AGENT4] Dispatched.
  [02:04:37.868] ← [AGENT4] Waiting for response …
  [02:04:37.898] › [AGENT4] Response blocks before send: 33
  [02:04:37.908] › [AGENT4] Streaming started.
  [02:04:48.219] › [AGENT4] Stable 1/4 (1,024 chars)
  [02:04:50.789] › [AGENT4] tick=5 streaming=False len=1024 stable=1
  [02:04:50.790] › [AGENT4] Stable 2/4 (1,024 chars)
  [02:04:53.345] › [AGENT4] Stable 3/4 (1,024 chars)
  [02:04:55.896] › [AGENT4] Stable 4/4 (1,024 chars)
  [02:04:55.898] ✓ [AGENT4] Response ready: 1,024 chars.
  [02:04:55.910] → [AGENT4] Sending 656 chars …
  [02:04:55.914] › [AGENT4] Found input box via: rich-textarea div[contenteditable='true']
  [02:04:55.915] › [AGENT4] Typing 656 chars …
  [02:04:56.266] › [AGENT4] Input verified: 673 chars placed
  [02:04:56.962] › [AGENT4] Send clicked via JS: button[aria-label='Send message']
  [02:04:56.962] ✓ [AGENT4] Dispatched.
  [02:04:56.963] ← [AGENT4] Waiting for response …
  [02:04:57.100] › [AGENT4] Response blocks before send: 34
  [02:04:57.140] › [AGENT4] Streaming started.
  [02:05:07.543] › [AGENT4] Stable 1/4 (1,023 chars)
  [02:05:10.105] › [AGENT4] tick=5 streaming=False len=1023 stable=1
  [02:05:10.105] › [AGENT4] Stable 2/4 (1,023 chars)
  [02:05:12.682] › [AGENT4] Stable 3/4 (1,023 chars)
  [02:05:15.418] › [AGENT4] Stable 4/4 (1,023 chars)
  [02:05:15.421] ✓ [AGENT4] Response ready: 1,023 chars.
  [02:05:15.457] → [AGENT4] Sending 657 chars …
  [02:05:15.469] › [AGENT4] Found input box via: rich-textarea div[contenteditable='true']
  [02:05:15.470] › [AGENT4] Typing 657 chars …
  [02:05:15.867] › [AGENT4] Input verified: 674 chars placed
  [02:05:16.544] › [AGENT4] Send clicked via JS: button[aria-label='Send message']
  [02:05:16.544] ✓ [AGENT4] Dispatched.
  [02:05:16.545] ← [AGENT4] Waiting for response …
  [02:05:16.645] › [AGENT4] Response blocks before send: 35
  [02:05:16.688] › [AGENT4] Streaming started.
  [02:05:26.921] › [AGENT4] Stable 1/4 (1,000 chars)
  [02:05:29.494] › [AGENT4] tick=5 streaming=False len=1000 stable=1
  [02:05:29.494] › [AGENT4] Stable 2/4 (1,000 chars)
  [02:05:32.067] › [AGENT4] Stable 3/4 (1,000 chars)
  [02:05:34.636] › [AGENT4] Stable 4/4 (1,000 chars)
  [02:05:34.637] ✓ [AGENT4] Response ready: 1,000 chars.
  [02:05:34.650] → [AGENT4] Sending 595 chars …
  [02:05:34.655] › [AGENT4] Found input box via: rich-textarea div[contenteditable='true']
  [02:05:34.655] › [AGENT4] Typing 595 chars …
  [02:05:34.969] › [AGENT4] Input verified: 612 chars placed
  [02:05:35.661] › [AGENT4] Send clicked via JS: button[aria-label='Send message']
  [02:05:35.661] ✓ [AGENT4] Dispatched.
  [02:05:35.662] ← [AGENT4] Waiting for response …
  [02:05:35.705] › [AGENT4] Response blocks before send: 36
  [02:05:35.850] › [AGENT4] Streaming started.
  [02:05:46.087] › [AGENT4] Stable 1/4 (914 chars)
  [02:05:48.663] › [AGENT4] tick=5 streaming=False len=914 stable=1
  [02:05:48.664] › [AGENT4] Stable 2/4 (914 chars)
  [02:05:51.242] › [AGENT4] Stable 3/4 (914 chars)
  [02:05:53.805] › [AGENT4] Stable 4/4 (914 chars)
  [02:05:53.805] ✓ [AGENT4] Response ready: 914 chars.
  [02:05:53.817] → [AGENT4] Sending 631 chars …
  [02:05:53.822] › [AGENT4] Found input box via: rich-textarea div[contenteditable='true']
  [02:05:53.822] › [AGENT4] Typing 631 chars …
  [02:05:54.167] › [AGENT4] Input verified: 648 chars placed
  [02:05:54.841] › [AGENT4] Send clicked via JS: button[aria-label='Send message']
  [02:05:54.842] ✓ [AGENT4] Dispatched.
  [02:05:54.843] ← [AGENT4] Waiting for response …
  [02:05:54.936] › [AGENT4] Response blocks before send: 37
  [02:05:54.960] › [AGENT4] Streaming started.
  [02:06:05.244] › [AGENT4] Stable 1/4 (1,135 chars)
  [02:06:07.810] › [AGENT4] tick=5 streaming=False len=1135 stable=1
  [02:06:07.811] › [AGENT4] Stable 2/4 (1,135 chars)
  [02:06:10.389] › [AGENT4] Stable 3/4 (1,135 chars)
  [02:06:12.961] › [AGENT4] Stable 4/4 (1,135 chars)
  [02:06:12.961] ✓ [AGENT4] Response ready: 1,135 chars.
  [02:06:12.998] → [AGENT1] Sending 481 chars …
  [02:06:13.302] › [AGENT1] Found input box via: rich-textarea div[contenteditable='true']
  [02:06:13.302] › [AGENT1] Typing 481 chars …
  [02:06:13.703] › [AGENT1] Input verified: 488 chars placed
  [02:06:14.377] › [AGENT1] Send clicked via JS: button.send-button
  [02:06:14.377] ✓ [AGENT1] Dispatched.
  [02:06:14.378] ← [AGENT1] Waiting for response …
  [02:06:14.387] › [AGENT1] Response blocks before send: 41
  [02:06:14.400] › [AGENT1] Streaming started.
  [02:06:27.212] › [AGENT1] tick=5 streaming=True len=751 stable=0
  [02:06:40.013] › [AGENT1] tick=10 streaming=True len=751 stable=0
  [02:06:52.910] › [AGENT1] tick=15 streaming=True len=751 stable=0
  [02:07:05.717] › [AGENT1] tick=20 streaming=True len=751 stable=0
  [02:07:18.519] › [AGENT1] tick=25 streaming=True len=751 stable=0
  [02:07:31.371] › [AGENT1] tick=30 streaming=True len=751 stable=0
  [02:07:44.170] › [AGENT1] tick=35 streaming=True len=751 stable=0
  [02:07:56.920] › [AGENT1] tick=40 streaming=True len=751 stable=0
  [02:08:09.727] › [AGENT1] tick=45 streaming=True len=751 stable=0
  [02:08:22.623] › [AGENT1] tick=50 streaming=True len=751 stable=0
  [02:08:35.416] › [AGENT1] tick=55 streaming=True len=751 stable=0
  [02:08:48.219] › [AGENT1] tick=60 streaming=True len=751 stable=0
  [02:09:01.615] › [AGENT1] tick=65 streaming=True len=751 stable=0
  [02:09:14.456] › [AGENT1] tick=70 streaming=True len=751 stable=0
  [02:09:14.457] ⚠ [AGENT1] Timed out — returning best capture.
  [02:09:14.459] → [AGENT1] Sending 897 chars …
  [02:09:14.472] › [AGENT1] Found input box via: rich-textarea div[contenteditable='true']
  [02:09:14.472] › [AGENT1] Typing 897 chars …
  [02:09:14.987] › [AGENT1] Input verified: 938 chars placed
  [02:09:15.669] › [AGENT1] Send clicked via JS: button.send-button
  [02:09:15.669] ✓ [AGENT1] Dispatched.
  [02:09:15.670] ← [AGENT1] Waiting for response …
  [02:09:15.680] › [AGENT1] Response blocks before send: 41
  [02:09:15.695] › [AGENT1] Streaming started.
  [02:09:28.475] › [AGENT1] tick=5 streaming=True len=751 stable=0
  [02:09:41.290] › [AGENT1] tick=10 streaming=True len=751 stable=0
  [02:09:54.174] › [AGENT1] tick=15 streaming=True len=751 stable=0
  [02:10:06.950] › [AGENT1] tick=20 streaming=True len=751 stable=0
  [02:10:19.783] › [AGENT1] tick=25 streaming=True len=751 stable=0
  [02:10:32.595] › [AGENT1] tick=30 streaming=True len=751 stable=0
  [02:10:45.382] › [AGENT1] tick=35 streaming=True len=751 stable=0
  [02:10:58.256] › [AGENT1] tick=40 streaming=True len=751 stable=0
  [02:11:10.987] › [AGENT1] tick=45 streaming=True len=751 stable=0
  [02:11:23.853] › [AGENT1] tick=50 streaming=True len=751 stable=0
  [02:11:36.642] › [AGENT1] tick=55 streaming=True len=751 stable=0
  [02:11:49.444] › [AGENT1] tick=60 streaming=True len=751 stable=0
  [02:12:02.222] › [AGENT1] tick=65 streaming=True len=751 stable=0
  [02:12:14.989] › [AGENT1] tick=70 streaming=True len=751 stable=0
  [02:12:17.572] ⚠ [AGENT1] Timed out — returning best capture.
  [02:12:17.572] ✓ [AGENT1] AGENT1 generated 0 candidate problems in cycle 5
  [02:12:17.600] → [AGENT2] Sending 481 chars …
  [02:12:17.740] › [AGENT2] Found input box via: rich-textarea div[contenteditable='true']
  [02:12:17.740] › [AGENT2] Typing 481 chars …
  [02:12:18.123] › [AGENT2] Input verified: 488 chars placed
  [02:12:18.808] › [AGENT2] Send clicked via JS: button.send-button
  [02:12:18.809] ✓ [AGENT2] Dispatched.
  [02:12:18.810] ← [AGENT2] Waiting for response …
  [02:12:18.818] › [AGENT2] Response blocks before send: 28
  [02:12:18.831] › [AGENT2] Streaming started.
  [02:12:31.661] › [AGENT2] tick=5 streaming=True len=907 stable=0
  [02:12:44.406] › [AGENT2] tick=10 streaming=True len=907 stable=0
  [02:12:57.151] › [AGENT2] tick=15 streaming=True len=907 stable=0
  [02:13:09.893] › [AGENT2] tick=20 streaming=True len=907 stable=0
  [02:13:22.614] › [AGENT2] tick=25 streaming=True len=907 stable=0
  [02:13:35.351] › [AGENT2] tick=30 streaming=True len=907 stable=0
  [02:13:48.097] › [AGENT2] tick=35 streaming=True len=907 stable=0
  [02:14:00.862] › [AGENT2] tick=40 streaming=True len=907 stable=0
  [02:14:13.631] › [AGENT2] tick=45 streaming=True len=907 stable=0
  [02:14:26.367] › [AGENT2] tick=50 streaming=True len=907 stable=0
  [02:14:39.082] › [AGENT2] tick=55 streaming=True len=907 stable=0
  [02:14:56.533] › [AGENT2] tick=60 streaming=True len=907 stable=0
  [02:15:09.296] › [AGENT2] tick=65 streaming=True len=907 stable=0
  [02:15:19.562] ⚠ [AGENT2] Timed out — returning best capture.
  [02:15:19.563] → [AGENT2] Sending 1,053 chars …
  [02:15:19.574] › [AGENT2] Found input box via: rich-textarea div[contenteditable='true']
  [02:15:19.574] › [AGENT2] Typing 1053 chars …
  [02:15:20.128] › [AGENT2] Input verified: 1100 chars placed
  [02:15:20.797] › [AGENT2] Send clicked via JS: button.send-button
  [02:15:20.797] ✓ [AGENT2] Dispatched.
  [02:15:20.798] ← [AGENT2] Waiting for response …
  [02:15:20.804] › [AGENT2] Response blocks before send: 28
  [02:15:20.813] › [AGENT2] Streaming started.
  [02:15:33.527] › [AGENT2] tick=5 streaming=True len=907 stable=0
  [02:15:46.279] › [AGENT2] tick=10 streaming=True len=907 stable=0
  [02:15:59.028] › [AGENT2] tick=15 streaming=True len=907 stable=0
  [02:16:11.785] › [AGENT2] tick=20 streaming=True len=907 stable=0
  [02:16:24.542] › [AGENT2] tick=25 streaming=True len=907 stable=0
  [02:16:37.323] › [AGENT2] tick=30 streaming=True len=907 stable=0
  [02:16:50.082] › [AGENT2] tick=35 streaming=True len=907 stable=0
  [02:17:02.843] › [AGENT2] tick=40 streaming=True len=907 stable=0
  [02:17:15.677] › [AGENT2] tick=45 streaming=True len=907 stable=0
  [02:17:29.202] › [AGENT2] tick=50 streaming=True len=907 stable=0
  [02:17:41.960] › [AGENT2] tick=55 streaming=True len=907 stable=0
  [02:17:54.714] › [AGENT2] tick=60 streaming=True len=907 stable=0
  [02:18:07.444] › [AGENT2] tick=65 streaming=True len=907 stable=0
  [02:18:20.221] › [AGENT2] tick=70 streaming=True len=907 stable=0
  [02:18:22.779] ⚠ [AGENT2] Timed out — returning best capture.
  [02:18:22.779] ✓ [AGENT2] AGENT2 generated 0 candidate problems in cycle 5
  [02:18:22.814] → [AGENT3] Sending 481 chars …
  [02:18:23.126] › [AGENT3] Found input box via: rich-textarea div[contenteditable='true']
  [02:18:23.126] › [AGENT3] Typing 481 chars …
  [02:18:23.490] › [AGENT3] Input verified: 488 chars placed
  [02:18:24.209] › [AGENT3] Send clicked via JS: button[aria-label='Send message']
  [02:18:24.209] ✓ [AGENT3] Dispatched.
  [02:18:24.210] ← [AGENT3] Waiting for response …
  [02:18:24.371] › [AGENT3] Response blocks before send: 63
  [02:18:24.475] › [AGENT3] Streaming started.
  [02:18:35.171] › [AGENT3] Stable 1/4 (1,419 chars)
  [02:18:37.814] › [AGENT3] tick=5 streaming=False len=1419 stable=1
  [02:18:37.814] › [AGENT3] Stable 2/4 (1,419 chars)
  [02:18:40.376] › [AGENT3] Stable 3/4 (1,419 chars)
  [02:18:42.939] › [AGENT3] Stable 4/4 (1,419 chars)
  [02:18:42.940] ✓ [AGENT3] Response ready: 1,419 chars.
  [02:18:42.940] ✓ [AGENT3] AGENT3 generated 10 candidate problems in cycle 5
  [02:18:42.941] → [AGENT3] Sending 643 chars …
  [02:18:42.946] › [AGENT3] Found input box via: rich-textarea div[contenteditable='true']
  [02:18:42.946] › [AGENT3] Typing 643 chars …
  [02:18:43.355] › [AGENT3] Input verified: 660 chars placed
  [02:18:44.082] › [AGENT3] Send clicked via JS: button[aria-label='Send message']
  [02:18:44.082] ✓ [AGENT3] Dispatched.
  [02:18:44.083] ← [AGENT3] Waiting for response …
  [02:18:44.231] › [AGENT3] Response blocks before send: 64
  [02:18:44.292] › [AGENT3] Streaming started.
  [02:18:54.748] › [AGENT3] Stable 1/4 (1,049 chars)
  [02:18:57.335] › [AGENT3] tick=5 streaming=False len=1049 stable=1
  [02:18:57.335] › [AGENT3] Stable 2/4 (1,049 chars)
  [02:18:59.927] › [AGENT3] Stable 3/4 (1,049 chars)
  [02:19:02.537] › [AGENT3] Stable 4/4 (1,049 chars)
  [02:19:02.539] ✓ [AGENT3] Response ready: 1,049 chars.
  [02:19:02.539] → [AGENT3] Sending 1,123 chars …
  [02:19:02.544] › [AGENT3] Found input box via: rich-textarea div[contenteditable='true']
  [02:19:02.544] › [AGENT3] Typing 1123 chars …
  [02:19:03.096] › [AGENT3] Input verified: 1176 chars placed
  [02:19:03.819] › [AGENT3] Send clicked via JS: button[aria-label='Send message']
  [02:19:03.819] ✓ [AGENT3] Dispatched.
  [02:19:03.820] ← [AGENT3] Waiting for response …
  [02:19:03.963] › [AGENT3] Response blocks before send: 65
  [02:19:04.022] › [AGENT3] Streaming started.
  [02:19:14.392] › [AGENT3] Stable 1/4 (1,049 chars)
  [02:19:17.018] › [AGENT3] tick=5 streaming=False len=1049 stable=1
  [02:19:17.019] › [AGENT3] Stable 2/4 (1,049 chars)
  [02:19:19.607] › [AGENT3] Stable 3/4 (1,049 chars)
  [02:19:22.205] › [AGENT3] Stable 4/4 (1,049 chars)
  [02:19:22.206] ✓ [AGENT3] Response ready: 1,049 chars.
  [02:19:22.226] → [AGENT3] Sending 628 chars …
  [02:19:22.232] › [AGENT3] Found input box via: rich-textarea div[contenteditable='true']
  [02:19:22.232] › [AGENT3] Typing 628 chars …
  [02:19:22.795] › [AGENT3] Input verified: 645 chars placed
  [02:19:23.514] › [AGENT3] Send clicked via JS: button[aria-label='Send message']
  [02:19:23.515] ✓ [AGENT3] Dispatched.
  [02:19:23.515] ← [AGENT3] Waiting for response …
  [02:19:23.714] › [AGENT3] Response blocks before send: 66
  [02:19:23.852] › [AGENT3] Streaming started.
  [02:19:34.266] › [AGENT3] Stable 1/4 (924 chars)
  [02:19:36.857] › [AGENT3] tick=5 streaming=False len=924 stable=1
  [02:19:36.858] › [AGENT3] Stable 2/4 (924 chars)
  [02:19:39.448] › [AGENT3] Stable 3/4 (924 chars)
  [02:19:42.042] › [AGENT3] Stable 4/4 (924 chars)
  [02:19:42.043] ✓ [AGENT3] Response ready: 924 chars.
  [02:19:42.044] → [AGENT3] Sending 998 chars …
  [02:19:42.050] › [AGENT3] Found input box via: rich-textarea div[contenteditable='true']
  [02:19:42.051] › [AGENT3] Typing 998 chars …
  [02:19:42.620] › [AGENT3] Input verified: 1047 chars placed
  [02:19:43.343] › [AGENT3] Send clicked via JS: button[aria-label='Send message']
  [02:19:43.344] ✓ [AGENT3] Dispatched.
  [02:19:43.345] ← [AGENT3] Waiting for response …
  [02:19:43.517] › [AGENT3] Response blocks before send: 67
  [02:19:43.661] › [AGENT3] Streaming started.
  [02:19:54.130] › [AGENT3] Stable 1/4 (924 chars)
  [02:19:56.722] › [AGENT3] tick=5 streaming=False len=924 stable=1
  [02:19:56.723] › [AGENT3] Stable 2/4 (924 chars)
  [02:19:59.311] › [AGENT3] Stable 3/4 (924 chars)
  [02:20:01.905] › [AGENT3] Stable 4/4 (924 chars)
  [02:20:01.905] ✓ [AGENT3] Response ready: 924 chars.
  [02:20:01.918] → [AGENT3] Sending 601 chars …
  [02:20:01.924] › [AGENT3] Found input box via: rich-textarea div[contenteditable='true']
  [02:20:01.924] › [AGENT3] Typing 601 chars …
  [02:20:02.364] › [AGENT3] Input verified: 618 chars placed
  [02:20:03.092] › [AGENT3] Send clicked via JS: button[aria-label='Send message']
  [02:20:03.093] ✓ [AGENT3] Dispatched.
  [02:20:03.093] ← [AGENT3] Waiting for response …
  [02:20:03.305] › [AGENT3] Response blocks before send: 68
  [02:20:03.457] › [AGENT3] Streaming started.
  [02:20:13.798] › [AGENT3] Stable 1/4 (970 chars)
  [02:20:16.417] › [AGENT3] tick=5 streaming=False len=970 stable=1
  [02:20:16.417] › [AGENT3] Stable 2/4 (970 chars)
  [02:20:19.003] › [AGENT3] Stable 3/4 (970 chars)
  [02:20:21.603] › [AGENT3] Stable 4/4 (970 chars)
  [02:20:21.603] ✓ [AGENT3] Response ready: 970 chars.
  [02:20:21.604] → [AGENT3] Sending 1,044 chars …
  [02:20:21.610] › [AGENT3] Found input box via: rich-textarea div[contenteditable='true']
  [02:20:21.610] › [AGENT3] Typing 1044 chars …
  [02:20:22.228] › [AGENT3] Input verified: 1100 chars placed
  [02:20:22.964] › [AGENT3] Send clicked via JS: button[aria-label='Send message']
  [02:20:22.964] ✓ [AGENT3] Dispatched.
  [02:20:22.965] ← [AGENT3] Waiting for response …
  [02:20:23.139] › [AGENT3] Response blocks before send: 69
  [02:20:23.274] › [AGENT3] Streaming started.
  [02:20:33.882] › [AGENT3] Stable 1/4 (970 chars)
  [02:20:36.490] › [AGENT3] tick=5 streaming=False len=970 stable=1
  [02:20:36.490] › [AGENT3] Stable 2/4 (970 chars)
  [02:20:39.079] › [AGENT3] Stable 3/4 (970 chars)
  [02:20:41.669] › [AGENT3] Stable 4/4 (970 chars)
  [02:20:41.669] ✓ [AGENT3] Response ready: 970 chars.
  [02:20:41.684] → [AGENT3] Sending 612 chars …
  [02:20:41.689] › [AGENT3] Found input box via: rich-textarea div[contenteditable='true']
  [02:20:41.689] › [AGENT3] Typing 612 chars …
  [02:20:42.068] › [AGENT3] Input verified: 629 chars placed
  [02:20:42.811] › [AGENT3] Send clicked via JS: button[aria-label='Send message']
  [02:20:42.812] ✓ [AGENT3] Dispatched.
  [02:20:42.813] ← [AGENT3] Waiting for response …
  [02:20:42.966] › [AGENT3] Response blocks before send: 70
  [02:20:43.100] › [AGENT3] Streaming started.
  [02:20:53.468] › [AGENT3] Stable 1/4 (987 chars)
  [02:20:56.067] › [AGENT3] tick=5 streaming=False len=987 stable=1
  [02:20:56.067] › [AGENT3] Stable 2/4 (987 chars)
  [02:20:58.884] › [AGENT3] Stable 3/4 (987 chars)
  [02:21:01.529] › [AGENT3] Stable 4/4 (987 chars)
  [02:21:01.529] ✓ [AGENT3] Response ready: 987 chars.
  [02:21:01.530] → [AGENT3] Sending 1,061 chars …
  [02:21:01.538] › [AGENT3] Found input box via: rich-textarea div[contenteditable='true']
  [02:21:01.538] › [AGENT3] Typing 1061 chars …
  [02:21:02.255] › [AGENT3] Input verified: 1122 chars placed
  [02:21:02.990] › [AGENT3] Send clicked via JS: button[aria-label='Send message']
  [02:21:02.990] ✓ [AGENT3] Dispatched.
  [02:21:02.991] ← [AGENT3] Waiting for response …
  [02:21:03.178] › [AGENT3] Response blocks before send: 71
  [02:21:03.304] › [AGENT3] Streaming started.
  [02:21:13.965] › [AGENT3] Stable 1/4 (987 chars)
  [02:21:16.618] › [AGENT3] tick=5 streaming=False len=987 stable=1
  [02:21:16.619] › [AGENT3] Stable 2/4 (987 chars)
  [02:21:19.223] › [AGENT3] Stable 3/4 (987 chars)
  [02:21:21.820] › [AGENT3] Stable 4/4 (987 chars)
  [02:21:21.821] ✓ [AGENT3] Response ready: 987 chars.
  [02:21:21.843] → [AGENT3] Sending 581 chars …
  [02:21:21.848] › [AGENT3] Found input box via: rich-textarea div[contenteditable='true']
  [02:21:21.848] › [AGENT3] Typing 581 chars …
  [02:21:22.239] › [AGENT3] Input verified: 598 chars placed
  [02:21:22.965] › [AGENT3] Send clicked via JS: button[aria-label='Send message']
  [02:21:22.966] ✓ [AGENT3] Dispatched.
  [02:21:22.967] ← [AGENT3] Waiting for response …
  [02:21:23.152] › [AGENT3] Response blocks before send: 72
  [02:21:23.236] › [AGENT3] Streaming started.
  [02:21:33.682] › [AGENT3] Stable 1/4 (930 chars)
  [02:21:36.264] › [AGENT3] tick=5 streaming=False len=930 stable=1
  [02:21:36.264] › [AGENT3] Stable 2/4 (930 chars)
  [02:21:38.849] › [AGENT3] Stable 3/4 (930 chars)
  [02:21:41.438] › [AGENT3] Stable 4/4 (930 chars)
  [02:21:41.438] ✓ [AGENT3] Response ready: 930 chars.
  [02:21:41.439] → [AGENT3] Sending 1,004 chars …
  [02:21:41.444] › [AGENT3] Found input box via: rich-textarea div[contenteditable='true']
  [02:21:41.445] › [AGENT3] Typing 1004 chars …
  [02:21:42.025] › [AGENT3] Input verified: 1053 chars placed
  [02:21:42.760] › [AGENT3] Send clicked via JS: button[aria-label='Send message']
  [02:21:42.760] ✓ [AGENT3] Dispatched.
  [02:21:42.761] ← [AGENT3] Waiting for response …
  [02:21:42.940] › [AGENT3] Response blocks before send: 73
  [02:21:43.079] › [AGENT3] Streaming started.
  [02:21:53.452] › [AGENT3] Stable 1/4 (930 chars)
  [02:21:56.026] › [AGENT3] tick=5 streaming=False len=930 stable=1
  [02:21:56.027] › [AGENT3] Stable 2/4 (930 chars)
  [02:21:58.622] › [AGENT3] Stable 3/4 (930 chars)
  [02:22:01.280] › [AGENT3] Stable 4/4 (930 chars)
  [02:22:01.280] ✓ [AGENT3] Response ready: 930 chars.
  [02:22:01.294] → [AGENT3] Sending 634 chars …
  [02:22:01.299] › [AGENT3] Found input box via: rich-textarea div[contenteditable='true']
  [02:22:01.300] › [AGENT3] Typing 634 chars …
  [02:22:01.769] › [AGENT3] Input verified: 651 chars placed
  [02:22:02.571] › [AGENT3] Send clicked via JS: button[aria-label='Send message']
  [02:22:02.573] ✓ [AGENT3] Dispatched.
  [02:22:02.575] ← [AGENT3] Waiting for response …
  [02:22:02.861] › [AGENT3] Response blocks before send: 74
  [02:22:02.989] › [AGENT3] Streaming started.
  [02:22:13.578] › [AGENT3] Stable 1/4 (964 chars)
  [02:22:16.179] › [AGENT3] tick=5 streaming=False len=964 stable=1
  [02:22:16.180] › [AGENT3] Stable 2/4 (964 chars)
  [02:22:18.759] › [AGENT3] Stable 3/4 (964 chars)
  [02:22:21.339] › [AGENT3] Stable 4/4 (964 chars)
  [02:22:21.340] ✓ [AGENT3] Response ready: 964 chars.
  [02:22:21.340] → [AGENT3] Sending 1,038 chars …
  [02:22:21.346] › [AGENT3] Found input box via: rich-textarea div[contenteditable='true']
  [02:22:21.346] › [AGENT3] Typing 1038 chars …
  [02:22:22.002] › [AGENT3] Input verified: 1088 chars placed
  [02:22:22.722] › [AGENT3] Send clicked via JS: button[aria-label='Send message']
  [02:22:22.723] ✓ [AGENT3] Dispatched.
  [02:22:22.724] ← [AGENT3] Waiting for response …
  [02:22:22.906] › [AGENT3] Response blocks before send: 75
  [02:22:23.002] › [AGENT3] Streaming started.
  [02:22:33.351] › [AGENT3] Stable 1/4 (964 chars)
  [02:22:35.935] › [AGENT3] tick=5 streaming=False len=964 stable=1
  [02:22:35.936] › [AGENT3] Stable 2/4 (964 chars)
  [02:22:38.509] › [AGENT3] Stable 3/4 (964 chars)
  [02:22:41.101] › [AGENT3] Stable 4/4 (964 chars)
  [02:22:41.102] ✓ [AGENT3] Response ready: 964 chars.
  [02:22:41.116] → [AGENT3] Sending 614 chars …
  [02:22:41.122] › [AGENT3] Found input box via: rich-textarea div[contenteditable='true']
  [02:22:41.122] › [AGENT3] Typing 614 chars …
  [02:22:41.587] › [AGENT3] Input verified: 631 chars placed
  [02:22:42.322] › [AGENT3] Send clicked via JS: button[aria-label='Send message']
  [02:22:42.322] ✓ [AGENT3] Dispatched.
  [02:22:42.323] ← [AGENT3] Waiting for response …
  [02:22:42.517] › [AGENT3] Response blocks before send: 76
  [02:22:42.617] › [AGENT3] Streaming started.
  [02:22:50.420] › [AGENT3] Stable 1/4 (713 chars)
  [02:22:53.012] › [AGENT3] Stable 2/4 (713 chars)
  [02:22:55.587] › [AGENT3] tick=5 streaming=False len=713 stable=2
  [02:22:55.587] › [AGENT3] Stable 3/4 (713 chars)
  [02:22:58.198] › [AGENT3] Stable 4/4 (713 chars)
  [02:22:58.199] ✓ [AGENT3] Response ready: 713 chars.
  [02:22:58.200] → [AGENT3] Sending 787 chars …
  [02:22:58.224] › [AGENT3] Found input box via: rich-textarea div[contenteditable='true']
  [02:22:58.224] › [AGENT3] Typing 787 chars …
  [02:22:58.781] › [AGENT3] Input verified: 829 chars placed
  [02:22:59.529] › [AGENT3] Send clicked via JS: button[aria-label='Send message']
  [02:22:59.529] ✓ [AGENT3] Dispatched.
  [02:22:59.531] ← [AGENT3] Waiting for response …
  [02:22:59.731] › [AGENT3] Response blocks before send: 77
  [02:22:59.806] › [AGENT3] Streaming started.
  [02:23:07.767] › [AGENT3] Stable 1/4 (713 chars)
  [02:23:10.352] › [AGENT3] Stable 2/4 (713 chars)
  [02:23:13.077] › [AGENT3] tick=5 streaming=False len=713 stable=2
  [02:23:13.077] › [AGENT3] Stable 3/4 (713 chars)
  [02:23:15.668] › [AGENT3] Stable 4/4 (713 chars)
  [02:23:15.669] ✓ [AGENT3] Response ready: 713 chars.
  [02:23:15.687] → [AGENT3] Sending 615 chars …
  [02:23:15.693] › [AGENT3] Found input box via: rich-textarea div[contenteditable='true']
  [02:23:15.693] › [AGENT3] Typing 615 chars …
  [02:23:16.257] › [AGENT3] Input verified: 632 chars placed
  [02:23:17.006] › [AGENT3] Send clicked via JS: button[aria-label='Send message']
  [02:23:17.006] ✓ [AGENT3] Dispatched.
  [02:23:17.007] ← [AGENT3] Waiting for response …
  [02:23:17.214] › [AGENT3] Response blocks before send: 78
  [02:23:17.287] › [AGENT3] Streaming started.
  [02:23:27.617] › [AGENT3] Stable 1/4 (936 chars)
  [02:23:30.202] › [AGENT3] tick=5 streaming=False len=936 stable=1
  [02:23:30.202] › [AGENT3] Stable 2/4 (936 chars)
  [02:23:32.787] › [AGENT3] Stable 3/4 (936 chars)
  [02:23:35.373] › [AGENT3] Stable 4/4 (936 chars)
  [02:23:35.374] ✓ [AGENT3] Response ready: 936 chars.
  [02:23:35.374] → [AGENT3] Sending 1,010 chars …
  [02:23:35.380] › [AGENT3] Found input box via: rich-textarea div[contenteditable='true']
  [02:23:35.380] › [AGENT3] Typing 1010 chars …
  [02:23:35.969] › [AGENT3] Input verified: 1059 chars placed
  [02:23:36.709] › [AGENT3] Send clicked via JS: button[aria-label='Send message']
  [02:23:36.709] ✓ [AGENT3] Dispatched.
  [02:23:36.710] ← [AGENT3] Waiting for response …
  [02:23:36.878] › [AGENT3] Response blocks before send: 79
  [02:23:36.930] › [AGENT3] Streaming started.
  [02:23:47.307] › [AGENT3] Stable 1/4 (936 chars)
  [02:23:49.921] › [AGENT3] tick=5 streaming=False len=936 stable=1
  [02:23:49.922] › [AGENT3] Stable 2/4 (936 chars)
  [02:23:52.503] › [AGENT3] Stable 3/4 (936 chars)
  [02:23:55.086] › [AGENT3] Stable 4/4 (936 chars)
  [02:23:55.087] ✓ [AGENT3] Response ready: 936 chars.
  [02:23:55.104] → [AGENT3] Sending 645 chars …
  [02:23:55.111] › [AGENT3] Found input box via: rich-textarea div[contenteditable='true']
  [02:23:55.111] › [AGENT3] Typing 645 chars …
  [02:23:55.570] › [AGENT3] Input verified: 662 chars placed
  [02:23:56.328] › [AGENT3] Send clicked via JS: button[aria-label='Send message']
  [02:23:56.328] ✓ [AGENT3] Dispatched.
  [02:23:56.329] ← [AGENT3] Waiting for response …
  [02:23:56.518] › [AGENT3] Response blocks before send: 80
  [02:23:56.606] › [AGENT3] Streaming started.
  [02:24:07.245] › [AGENT3] Stable 1/4 (977 chars)
  [02:24:09.835] › [AGENT3] tick=5 streaming=False len=977 stable=1
  [02:24:09.836] › [AGENT3] Stable 2/4 (977 chars)
  [02:24:12.431] › [AGENT3] Stable 3/4 (977 chars)
  [02:24:15.021] › [AGENT3] Stable 4/4 (977 chars)
  [02:24:15.023] ✓ [AGENT3] Response ready: 977 chars.
  [02:24:15.024] → [AGENT3] Sending 1,051 chars …
  [02:24:15.029] › [AGENT3] Found input box via: rich-textarea div[contenteditable='true']
  [02:24:15.029] › [AGENT3] Typing 1051 chars …
  [02:24:15.739] › [AGENT3] Input verified: 1103 chars placed
  [02:24:16.500] › [AGENT3] Send clicked via JS: button[aria-label='Send message']
  [02:24:16.500] ✓ [AGENT3] Dispatched.
  [02:24:16.501] ← [AGENT3] Waiting for response …
  [02:24:16.743] › [AGENT3] Response blocks before send: 81
  [02:24:16.853] › [AGENT3] Streaming started.
  [02:24:27.357] › [AGENT3] Stable 1/4 (977 chars)
  [02:24:29.938] › [AGENT3] tick=5 streaming=False len=977 stable=1
  [02:24:29.938] › [AGENT3] Stable 2/4 (977 chars)
  [02:24:32.522] › [AGENT3] Stable 3/4 (977 chars)
  [02:24:35.114] › [AGENT3] Stable 4/4 (977 chars)
  [02:24:35.114] ✓ [AGENT3] Response ready: 977 chars.
  [02:24:35.128] → [AGENT3] Sending 634 chars …
  [02:24:35.133] › [AGENT3] Found input box via: rich-textarea div[contenteditable='true']
  [02:24:35.134] › [AGENT3] Typing 634 chars …
  [02:24:35.570] › [AGENT3] Input verified: 651 chars placed
  [02:24:36.303] › [AGENT3] Send clicked via JS: button[aria-label='Send message']
  [02:24:36.304] ✓ [AGENT3] Dispatched.
  [02:24:36.305] ← [AGENT3] Waiting for response …
  [02:24:36.519] › [AGENT3] Response blocks before send: 82
  [02:24:36.600] › [AGENT3] Streaming started.
  [02:24:46.934] › [AGENT3] Stable 1/4 (1,021 chars)
  [02:24:49.522] › [AGENT3] tick=5 streaming=False len=1021 stable=1
  [02:24:49.522] › [AGENT3] Stable 2/4 (1,021 chars)
  [02:24:52.112] › [AGENT3] Stable 3/4 (1,021 chars)
  [02:24:54.702] › [AGENT3] Stable 4/4 (1,021 chars)
  [02:24:54.703] ✓ [AGENT3] Response ready: 1,021 chars.
  [02:24:54.703] → [AGENT3] Sending 1,095 chars …
  [02:24:54.709] › [AGENT3] Found input box via: rich-textarea div[contenteditable='true']
  [02:24:54.709] › [AGENT3] Typing 1095 chars …
  [02:24:55.294] › [AGENT3] Input verified: 1149 chars placed
  [02:24:56.009] › [AGENT3] Send clicked via JS: button[aria-label='Send message']
  [02:24:56.009] ✓ [AGENT3] Dispatched.
  [02:24:56.010] ← [AGENT3] Waiting for response …
  [02:24:56.196] › [AGENT3] Response blocks before send: 83
  [02:24:56.392] › [AGENT3] Streaming started.
  [02:25:06.797] › [AGENT3] Stable 1/4 (1,021 chars)
  [02:25:09.394] › [AGENT3] tick=5 streaming=False len=1021 stable=1
  [02:25:09.394] › [AGENT3] Stable 2/4 (1,021 chars)
  [02:25:12.001] › [AGENT3] Stable 3/4 (1,021 chars)
  [02:25:14.605] › [AGENT3] Stable 4/4 (1,021 chars)
  [02:25:14.606] ✓ [AGENT3] Response ready: 1,021 chars.
  [02:25:14.656] → [AGENT4] Sending 481 chars …
  [02:25:14.854] › [AGENT4] Found input box via: rich-textarea div[contenteditable='true']
  [02:25:14.855] › [AGENT4] Typing 481 chars …
  [02:25:15.215] › [AGENT4] Input verified: 488 chars placed
  [02:25:15.902] › [AGENT4] Send clicked via JS: button[aria-label='Send message']
  [02:25:15.902] ✓ [AGENT4] Dispatched.
  [02:25:15.903] ← [AGENT4] Waiting for response …
  [02:25:15.985] › [AGENT4] Response blocks before send: 38
  [02:25:16.019] › [AGENT4] Streaming started.
  [02:25:26.314] › [AGENT4] Stable 1/4 (1,525 chars)
  [02:25:28.865] › [AGENT4] tick=5 streaming=False len=1525 stable=1
  [02:25:28.865] › [AGENT4] Stable 2/4 (1,525 chars)
  [02:25:31.405] › [AGENT4] Stable 3/4 (1,525 chars)
  [02:25:33.963] › [AGENT4] Stable 4/4 (1,525 chars)
  [02:25:33.964] ✓ [AGENT4] Response ready: 1,525 chars.
  [02:25:33.964] ✓ [AGENT4] AGENT4 generated 10 candidate problems in cycle 5
  [02:25:33.965] → [AGENT4] Sending 644 chars …
  [02:25:33.970] › [AGENT4] Found input box via: rich-textarea div[contenteditable='true']
  [02:25:33.970] › [AGENT4] Typing 644 chars …
  [02:25:34.305] › [AGENT4] Input verified: 661 chars placed
  [02:25:34.988] › [AGENT4] Send clicked via JS: button[aria-label='Send message']
  [02:25:34.989] ✓ [AGENT4] Dispatched.
  [02:25:34.990] ← [AGENT4] Waiting for response …
  [02:25:35.065] › [AGENT4] Response blocks before send: 39
  [02:25:35.104] › [AGENT4] Streaming started.
  [02:25:45.329] › [AGENT4] Stable 1/4 (1,153 chars)
  [02:25:47.881] › [AGENT4] tick=5 streaming=False len=1153 stable=1
  [02:25:47.881] › [AGENT4] Stable 2/4 (1,153 chars)
  [02:25:50.599] › [AGENT4] Stable 3/4 (1,153 chars)
  [02:25:53.159] › [AGENT4] Stable 4/4 (1,153 chars)
  [02:25:53.160] ✓ [AGENT4] Response ready: 1,153 chars.
  [02:25:53.161] → [AGENT4] Sending 1,227 chars …
  [02:25:53.165] › [AGENT4] Found input box via: rich-textarea div[contenteditable='true']
  [02:25:53.165] › [AGENT4] Typing 1227 chars …
  [02:25:53.693] › [AGENT4] Input verified: 1280 chars placed
  [02:25:54.388] › [AGENT4] Send clicked via JS: button[aria-label='Send message']
  [02:25:54.390] ✓ [AGENT4] Dispatched.
  [02:25:54.393] ← [AGENT4] Waiting for response …
  [02:25:54.477] › [AGENT4] Response blocks before send: 40
  [02:25:54.494] › [AGENT4] Streaming started.
  [02:26:04.770] › [AGENT4] Stable 1/4 (1,153 chars)
  [02:26:07.328] › [AGENT4] tick=5 streaming=False len=1153 stable=1
  [02:26:07.328] › [AGENT4] Stable 2/4 (1,153 chars)
  [02:26:09.888] › [AGENT4] Stable 3/4 (1,153 chars)
  [02:26:12.434] › [AGENT4] Stable 4/4 (1,153 chars)
  [02:26:12.435] ✓ [AGENT4] Response ready: 1,153 chars.
  [02:26:12.449] → [AGENT4] Sending 576 chars …
  [02:26:12.454] › [AGENT4] Found input box via: rich-textarea div[contenteditable='true']
  [02:26:12.454] › [AGENT4] Typing 576 chars …
  [02:26:12.858] › [AGENT4] Input verified: 593 chars placed
  [02:26:13.545] › [AGENT4] Send clicked via JS: button[aria-label='Send message']
  [02:26:13.545] ✓ [AGENT4] Dispatched.
  [02:26:13.546] ← [AGENT4] Waiting for response …
  [02:26:13.639] › [AGENT4] Response blocks before send: 41
  [02:26:13.665] › [AGENT4] Streaming started.
  [02:26:21.330] › [AGENT4] Stable 1/4 (914 chars)
  [02:26:23.899] › [AGENT4] Stable 2/4 (914 chars)
  [02:26:26.463] › [AGENT4] tick=5 streaming=False len=914 stable=2
  [02:26:26.463] › [AGENT4] Stable 3/4 (914 chars)
  [02:26:29.026] › [AGENT4] Stable 4/4 (914 chars)
  [02:26:29.026] ✓ [AGENT4] Response ready: 914 chars.
  [02:26:29.040] → [AGENT4] Sending 644 chars …
  [02:26:29.045] › [AGENT4] Found input box via: rich-textarea div[contenteditable='true']
  [02:26:29.045] › [AGENT4] Typing 644 chars …
  [02:26:29.353] › [AGENT4] Input verified: 661 chars placed
  [02:26:30.051] › [AGENT4] Send clicked via JS: button[aria-label='Send message']
  [02:26:30.051] ✓ [AGENT4] Dispatched.
  [02:26:30.052] ← [AGENT4] Waiting for response …
  [02:26:30.161] › [AGENT4] Response blocks before send: 42
  [02:26:30.269] › [AGENT4] Streaming started.
  [02:26:40.567] › [AGENT4] Stable 1/4 (995 chars)
  [02:26:43.144] › [AGENT4] tick=5 streaming=False len=995 stable=1
  [02:26:43.145] › [AGENT4] Stable 2/4 (995 chars)
  [02:26:45.709] › [AGENT4] Stable 3/4 (995 chars)
  [02:26:48.277] › [AGENT4] Stable 4/4 (995 chars)
  [02:26:48.277] ✓ [AGENT4] Response ready: 995 chars.
  [02:26:48.291] → [AGENT4] Sending 640 chars …
  [02:26:48.296] › [AGENT4] Found input box via: rich-textarea div[contenteditable='true']
  [02:26:48.296] › [AGENT4] Typing 640 chars …
  [02:26:48.690] › [AGENT4] Input verified: 657 chars placed
  [02:26:49.369] › [AGENT4] Send clicked via JS: button[aria-label='Send message']
  [02:26:49.369] ✓ [AGENT4] Dispatched.
  [02:26:49.370] ← [AGENT4] Waiting for response …
  [02:26:49.421] › [AGENT4] Response blocks before send: 43
  [02:26:49.486] › [AGENT4] Streaming started.
  [02:26:59.698] › [AGENT4] Stable 1/4 (1,007 chars)
  [02:27:02.256] › [AGENT4] tick=5 streaming=False len=1007 stable=1
  [02:27:02.256] › [AGENT4] Stable 2/4 (1,007 chars)
  [02:27:04.814] › [AGENT4] Stable 3/4 (1,007 chars)
  [02:27:07.372] › [AGENT4] Stable 4/4 (1,007 chars)
  [02:27:07.373] ✓ [AGENT4] Response ready: 1,007 chars.
  [02:27:07.386] → [AGENT4] Sending 642 chars …
  [02:27:07.391] › [AGENT4] Found input box via: rich-textarea div[contenteditable='true']
  [02:27:07.391] › [AGENT4] Typing 642 chars …
  [02:27:07.782] › [AGENT4] Input verified: 659 chars placed
  [02:27:08.468] › [AGENT4] Send clicked via JS: button[aria-label='Send message']
  [02:27:08.469] ✓ [AGENT4] Dispatched.
  [02:27:08.469] ← [AGENT4] Waiting for response …
  [02:27:08.592] › [AGENT4] Response blocks before send: 44
  [02:27:08.678] › [AGENT4] Streaming started.
  [02:27:18.919] › [AGENT4] Stable 1/4 (1,030 chars)
  [02:27:21.479] › [AGENT4] tick=5 streaming=False len=1030 stable=1
  [02:27:21.479] › [AGENT4] Stable 2/4 (1,030 chars)
  [02:27:24.058] › [AGENT4] Stable 3/4 (1,030 chars)
  [02:27:26.620] › [AGENT4] Stable 4/4 (1,030 chars)
  [02:27:26.621] ✓ [AGENT4] Response ready: 1,030 chars.
  [02:27:26.621] → [AGENT4] Sending 1,104 chars …
  [02:27:26.626] › [AGENT4] Found input box via: rich-textarea div[contenteditable='true']
  [02:27:26.626] › [AGENT4] Typing 1104 chars …
  [02:27:27.104] › [AGENT4] Input verified: 1157 chars placed
  [02:27:27.805] › [AGENT4] Send clicked via JS: button[aria-label='Send message']
  [02:27:27.805] ✓ [AGENT4] Dispatched.
  [02:27:27.806] ← [AGENT4] Waiting for response …
  [02:27:27.925] › [AGENT4] Response blocks before send: 45
  [02:27:28.047] › [AGENT4] Streaming started.
  [02:27:38.262] › [AGENT4] Stable 1/4 (1,030 chars)
  [02:27:40.823] › [AGENT4] tick=5 streaming=False len=1030 stable=1
  [02:27:40.824] › [AGENT4] Stable 2/4 (1,030 chars)
  [02:27:43.385] › [AGENT4] Stable 3/4 (1,030 chars)
  [02:27:45.946] › [AGENT4] Stable 4/4 (1,030 chars)
  [02:27:45.947] ✓ [AGENT4] Response ready: 1,030 chars.
  [02:27:45.961] → [AGENT4] Sending 636 chars …
  [02:27:45.966] › [AGENT4] Found input box via: rich-textarea div[contenteditable='true']
  [02:27:45.966] › [AGENT4] Typing 636 chars …
  [02:27:46.302] › [AGENT4] Input verified: 653 chars placed
  [02:27:47.000] › [AGENT4] Send clicked via JS: button[aria-label='Send message']
  [02:27:47.000] ✓ [AGENT4] Dispatched.
  [02:27:47.001] ← [AGENT4] Waiting for response …
  [02:27:47.115] › [AGENT4] Response blocks before send: 46
  [02:27:47.152] › [AGENT4] Streaming started.
  [02:27:57.431] › [AGENT4] Stable 1/4 (917 chars)
  [02:28:00.007] › [AGENT4] tick=5 streaming=False len=917 stable=1
  [02:28:00.007] › [AGENT4] Stable 2/4 (917 chars)
  [02:28:02.594] › [AGENT4] Stable 3/4 (917 chars)
  [02:28:05.167] › [AGENT4] Stable 4/4 (917 chars)
  [02:28:05.167] ✓ [AGENT4] Response ready: 917 chars.
  [02:28:05.169] → [AGENT4] Sending 991 chars …
  [02:28:05.174] › [AGENT4] Found input box via: rich-textarea div[contenteditable='true']
  [02:28:05.177] › [AGENT4] Typing 991 chars …
  [02:28:05.667] › [AGENT4] Input verified: 1046 chars placed
  [02:28:06.348] › [AGENT4] Send clicked via JS: button[aria-label='Send message']
  [02:28:06.348] ✓ [AGENT4] Dispatched.
  [02:28:06.349] ← [AGENT4] Waiting for response …
  [02:28:06.470] › [AGENT4] Response blocks before send: 47
  [02:28:06.505] › [AGENT4] Streaming started.
  [02:28:16.808] › [AGENT4] Stable 1/4 (917 chars)
  [02:28:19.409] › [AGENT4] tick=5 streaming=False len=917 stable=1
  [02:28:19.409] › [AGENT4] Stable 2/4 (917 chars)
  [02:28:21.987] › [AGENT4] Stable 3/4 (917 chars)
  [02:28:24.569] › [AGENT4] Stable 4/4 (917 chars)
  [02:28:24.571] ✓ [AGENT4] Response ready: 917 chars.
  [02:28:24.658] → [AGENT4] Sending 632 chars …
  [02:28:24.665] › [AGENT4] Found input box via: rich-textarea div[contenteditable='true']
  [02:28:24.665] › [AGENT4] Typing 632 chars …
  [02:28:24.982] › [AGENT4] Input verified: 649 chars placed
  [02:28:25.660] › [AGENT4] Send clicked via JS: button[aria-label='Send message']
  [02:28:25.660] ✓ [AGENT4] Dispatched.
  [02:28:25.661] ← [AGENT4] Waiting for response …
  [02:28:25.764] › [AGENT4] Response blocks before send: 48
  [02:28:25.785] › [AGENT4] Streaming started.
  [02:28:33.430] › [AGENT4] Stable 1/4 (994 chars)
  [02:28:35.984] › [AGENT4] Stable 2/4 (994 chars)
  [02:28:38.540] › [AGENT4] tick=5 streaming=False len=994 stable=2
  [02:28:38.540] › [AGENT4] Stable 3/4 (994 chars)
  [02:28:41.097] › [AGENT4] Stable 4/4 (994 chars)
  [02:28:41.098] ✓ [AGENT4] Response ready: 994 chars.
  [02:28:41.111] → [AGENT4] Sending 612 chars …
  [02:28:41.115] › [AGENT4] Found input box via: rich-textarea div[contenteditable='true']
  [02:28:41.116] › [AGENT4] Typing 612 chars …
  [02:28:41.449] › [AGENT4] Input verified: 629 chars placed
  [02:28:42.135] › [AGENT4] Send clicked via JS: button[aria-label='Send message']
  [02:28:42.136] ✓ [AGENT4] Dispatched.
  [02:28:42.136] ← [AGENT4] Waiting for response …
  [02:28:42.221] › [AGENT4] Response blocks before send: 49
  [02:28:42.266] › [AGENT4] Streaming started.
  [02:28:52.533] › [AGENT4] Stable 1/4 (958 chars)
  [02:28:55.099] › [AGENT4] tick=5 streaming=False len=958 stable=1
  [02:28:55.099] › [AGENT4] Stable 2/4 (958 chars)
  [02:28:57.670] › [AGENT4] Stable 3/4 (958 chars)
  [02:29:00.238] › [AGENT4] Stable 4/4 (958 chars)
  [02:29:00.239] ✓ [AGENT4] Response ready: 958 chars.
  [02:29:00.256] → [AGENT4] Sending 667 chars …
  [02:29:00.262] › [AGENT4] Found input box via: rich-textarea div[contenteditable='true']
  [02:29:00.262] › [AGENT4] Typing 667 chars …
  [02:29:00.614] › [AGENT4] Input verified: 684 chars placed
  [02:29:01.283] › [AGENT4] Send clicked via JS: button[aria-label='Send message']
  [02:29:01.284] ✓ [AGENT4] Dispatched.
  [02:29:01.285] ← [AGENT4] Waiting for response …
  [02:29:01.405] › [AGENT4] Response blocks before send: 50
  [02:29:01.445] › [AGENT4] Streaming started.
  [02:29:11.692] › [AGENT4] Stable 1/4 (1,228 chars)
  [02:29:14.262] › [AGENT4] tick=5 streaming=False len=1228 stable=1
  [02:29:14.263] › [AGENT4] Stable 2/4 (1,228 chars)
  [02:29:16.861] › [AGENT4] Stable 3/4 (1,228 chars)
  [02:29:19.428] › [AGENT4] Stable 4/4 (1,228 chars)
  [02:29:19.428] ✓ [AGENT4] Response ready: 1,228 chars.
  [02:29:19.429] → [AGENT4] Sending 1,302 chars …
  [02:29:19.434] › [AGENT4] Found input box via: rich-textarea div[contenteditable='true']
  [02:29:19.434] › [AGENT4] Typing 1302 chars …
  [02:29:20.090] › [AGENT4] Input verified: 1358 chars placed
  [02:29:20.779] › [AGENT4] Send clicked via JS: button[aria-label='Send message']
  [02:29:20.780] ✓ [AGENT4] Dispatched.
  [02:29:20.780] ← [AGENT4] Waiting for response …
  [02:29:20.902] › [AGENT4] Response blocks before send: 51
  [02:29:20.935] › [AGENT4] Streaming started.
  [02:29:31.185] › [AGENT4] Stable 1/4 (1,228 chars)
  [02:29:33.743] › [AGENT4] tick=5 streaming=False len=1228 stable=1
  [02:29:33.743] › [AGENT4] Stable 2/4 (1,228 chars)
  [02:29:36.313] › [AGENT4] Stable 3/4 (1,228 chars)
  [02:29:38.892] › [AGENT4] Stable 4/4 (1,228 chars)
  [02:29:38.893] ✓ [AGENT4] Response ready: 1,228 chars.
  [02:29:38.908] → [AGENT4] Sending 620 chars …
  [02:29:38.913] › [AGENT4] Found input box via: rich-textarea div[contenteditable='true']
  [02:29:38.913] › [AGENT4] Typing 620 chars …
  [02:29:39.319] › [AGENT4] Input verified: 637 chars placed
  [02:29:40.028] › [AGENT4] Send clicked via JS: button[aria-label='Send message']
  [02:29:40.029] ✓ [AGENT4] Dispatched.
  [02:29:40.030] ← [AGENT4] Waiting for response …
  [02:29:40.157] › [AGENT4] Response blocks before send: 52
  [02:29:40.201] › [AGENT4] Streaming started.
  [02:29:50.454] › [AGENT4] Stable 1/4 (981 chars)
  [02:29:53.018] › [AGENT4] tick=5 streaming=False len=981 stable=1
  [02:29:53.019] › [AGENT4] Stable 2/4 (981 chars)
  [02:29:55.594] › [AGENT4] Stable 3/4 (981 chars)
  [02:29:58.164] › [AGENT4] Stable 4/4 (981 chars)
  [02:29:58.165] ✓ [AGENT4] Response ready: 981 chars.
  [02:29:58.209] → [AGENT1] Sending 481 chars …
  [02:29:58.437] › [AGENT1] Found input box via: rich-textarea div[contenteditable='true']
  [02:29:58.437] › [AGENT1] Typing 481 chars …
  [02:29:58.805] › [AGENT1] Input verified: 488 chars placed
  [02:29:59.488] › [AGENT1] Send clicked via JS: button.send-button
  [02:29:59.488] ✓ [AGENT1] Dispatched.
  [02:29:59.489] ← [AGENT1] Waiting for response …
  [02:29:59.499] › [AGENT1] Response blocks before send: 41
  [02:29:59.512] › [AGENT1] Streaming started.
  [02:30:12.432] › [AGENT1] tick=5 streaming=True len=751 stable=0
  [02:30:25.249] › [AGENT1] tick=10 streaming=True len=751 stable=0
  [02:30:38.022] › [AGENT1] tick=15 streaming=True len=751 stable=0
  [02:30:50.781] › [AGENT1] tick=20 streaming=True len=751 stable=0
  [02:31:03.550] › [AGENT1] tick=25 streaming=True len=751 stable=0
  [02:31:16.353] › [AGENT1] tick=30 streaming=True len=751 stable=0
  [02:31:29.222] › [AGENT1] tick=35 streaming=True len=751 stable=0
  [02:31:41.989] › [AGENT1] tick=40 streaming=True len=751 stable=0
  [02:31:54.800] › [AGENT1] tick=45 streaming=True len=751 stable=0
  [02:32:07.585] › [AGENT1] tick=50 streaming=True len=751 stable=0
  [02:32:20.644] › [AGENT1] tick=55 streaming=True len=751 stable=0
  [02:32:33.407] › [AGENT1] tick=60 streaming=True len=751 stable=0
  [02:32:46.258] › [AGENT1] tick=65 streaming=True len=751 stable=0
  [02:32:59.038] › [AGENT1] tick=70 streaming=True len=751 stable=0
  [02:33:01.600] ⚠ [AGENT1] Timed out — returning best capture.
  [02:33:01.635] → [AGENT1] Sending 897 chars …
  [02:33:01.682] › [AGENT1] Found input box via: rich-textarea div[contenteditable='true']
  [02:33:01.682] › [AGENT1] Typing 897 chars …
  [02:33:02.168] › [AGENT1] Input verified: 938 chars placed
  [02:33:02.854] › [AGENT1] Send clicked via JS: button.send-button
  [02:33:02.854] ✓ [AGENT1] Dispatched.
  [02:33:02.855] ← [AGENT1] Waiting for response …
  [02:33:02.861] › [AGENT1] Response blocks before send: 41
  [02:33:02.870] › [AGENT1] Streaming started.
  [02:33:15.726] › [AGENT1] tick=5 streaming=True len=751 stable=0
  [02:33:28.487] › [AGENT1] tick=10 streaming=True len=751 stable=0
  [02:33:41.335] › [AGENT1] tick=15 streaming=True len=751 stable=0
  [02:33:54.084] › [AGENT1] tick=20 streaming=True len=751 stable=0
  [02:34:06.910] › [AGENT1] tick=25 streaming=True len=751 stable=0
  [02:34:19.738] › [AGENT1] tick=30 streaming=True len=751 stable=0
  [02:34:32.543] › [AGENT1] tick=35 streaming=True len=751 stable=0
  [02:34:45.300] › [AGENT1] tick=40 streaming=True len=751 stable=0
  [02:34:58.102] › [AGENT1] tick=45 streaming=True len=751 stable=0
  [02:35:10.857] › [AGENT1] tick=50 streaming=True len=751 stable=0
  [02:35:23.702] › [AGENT1] tick=55 streaming=True len=751 stable=0
  [02:35:36.476] › [AGENT1] tick=60 streaming=True len=751 stable=0
  [02:35:49.295] › [AGENT1] tick=65 streaming=True len=751 stable=0
  [02:36:02.095] › [AGENT1] tick=70 streaming=True len=751 stable=0
  [02:36:04.655] ⚠ [AGENT1] Timed out — returning best capture.
  [02:36:04.655] ✓ [AGENT1] AGENT1 generated 0 candidate problems in cycle 6
  [02:36:04.692] → [AGENT2] Sending 481 chars …
  [02:36:04.832] › [AGENT2] Found input box via: rich-textarea div[contenteditable='true']
  [02:36:04.833] › [AGENT2] Typing 481 chars …
  [02:36:05.231] › [AGENT2] Input verified: 488 chars placed
  [02:36:05.918] › [AGENT2] Send clicked via JS: button.send-button
  [02:36:05.918] ✓ [AGENT2] Dispatched.
  [02:36:05.918] ← [AGENT2] Waiting for response …
  [02:36:05.928] › [AGENT2] Response blocks before send: 28
  [02:36:05.944] › [AGENT2] Streaming started.
  [02:36:18.749] › [AGENT2] tick=5 streaming=True len=907 stable=0
  [02:36:31.505] › [AGENT2] tick=10 streaming=True len=907 stable=0
  [02:36:44.249] › [AGENT2] tick=15 streaming=True len=907 stable=0
  [02:36:56.983] › [AGENT2] tick=20 streaming=True len=907 stable=0
  [02:37:09.749] › [AGENT2] tick=25 streaming=True len=907 stable=0
  [02:37:22.560] › [AGENT2] tick=30 streaming=True len=907 stable=0
  [02:37:35.327] › [AGENT2] tick=35 streaming=True len=907 stable=0
  [02:37:48.061] › [AGENT2] tick=40 streaming=True len=907 stable=0
  [02:38:00.894] › [AGENT2] tick=45 streaming=True len=907 stable=0
  [02:38:13.659] › [AGENT2] tick=50 streaming=True len=907 stable=0
  [02:38:26.498] › [AGENT2] tick=55 streaming=True len=907 stable=0
  [02:38:39.239] › [AGENT2] tick=60 streaming=True len=907 stable=0
  [02:38:52.054] › [AGENT2] tick=65 streaming=True len=907 stable=0
  [02:39:04.825] › [AGENT2] tick=70 streaming=True len=907 stable=0
  [02:39:07.362] ⚠ [AGENT2] Timed out — returning best capture.
  [02:39:07.363] → [AGENT2] Sending 1,053 chars …
  [02:39:07.372] › [AGENT2] Found input box via: rich-textarea div[contenteditable='true']
  [02:39:07.372] › [AGENT2] Typing 1053 chars …
  [02:39:07.858] › [AGENT2] Input verified: 1100 chars placed
  [02:39:08.542] › [AGENT2] Send clicked via JS: button.send-button
  [02:39:08.542] ✓ [AGENT2] Dispatched.
  [02:39:08.543] ← [AGENT2] Waiting for response …
  [02:39:08.549] › [AGENT2] Response blocks before send: 28
  [02:39:08.557] › [AGENT2] Streaming started.
  [02:39:21.290] › [AGENT2] tick=5 streaming=True len=907 stable=0
  [02:39:34.013] › [AGENT2] tick=10 streaming=True len=907 stable=0
  [02:39:46.783] › [AGENT2] tick=15 streaming=True len=907 stable=0
  [02:39:59.564] › [AGENT2] tick=20 streaming=True len=907 stable=0
  [02:40:12.324] › [AGENT2] tick=25 streaming=True len=907 stable=0
  [02:40:25.102] › [AGENT2] tick=30 streaming=True len=907 stable=0
  [02:40:37.859] › [AGENT2] tick=35 streaming=True len=907 stable=0
  [02:40:50.610] › [AGENT2] tick=40 streaming=True len=907 stable=0
  [02:41:03.366] › [AGENT2] tick=45 streaming=True len=907 stable=0
  [02:41:16.133] › [AGENT2] tick=50 streaming=True len=907 stable=0
  [02:41:28.912] › [AGENT2] tick=55 streaming=True len=907 stable=0
  [02:41:41.706] › [AGENT2] tick=60 streaming=True len=907 stable=0
  [02:41:54.486] › [AGENT2] tick=65 streaming=True len=907 stable=0
  [02:42:07.292] › [AGENT2] tick=70 streaming=True len=907 stable=0
  [02:42:09.841] ⚠ [AGENT2] Timed out — returning best capture.
  [02:42:09.841] ✓ [AGENT2] AGENT2 generated 0 candidate problems in cycle 6
  [02:42:09.865] → [AGENT3] Sending 481 chars …
  [02:42:10.508] › [AGENT3] Found input box via: rich-textarea div[contenteditable='true']
  [02:42:10.509] › [AGENT3] Typing 481 chars …
  [02:42:10.897] › [AGENT3] Input verified: 488 chars placed
  [02:42:11.642] › [AGENT3] Send clicked via JS: button[aria-label='Send message']
  [02:42:11.642] ✓ [AGENT3] Dispatched.
  [02:42:11.643] ← [AGENT3] Waiting for response …
  [02:42:11.853] › [AGENT3] Response blocks before send: 84
  [02:42:11.944] › [AGENT3] Streaming started.
  [02:42:24.772] › [AGENT3] tick=5 streaming=False len=1398 stable=0
  [02:42:27.327] › [AGENT3] Stable 1/4 (1,398 chars)
  [02:42:29.902] › [AGENT3] Stable 2/4 (1,398 chars)
  [02:42:32.464] › [AGENT3] Stable 3/4 (1,398 chars)
  [02:42:35.024] › [AGENT3] Stable 4/4 (1,398 chars)
  [02:42:35.024] ✓ [AGENT3] Response ready: 1,398 chars.
  [02:42:35.025] ✓ [AGENT3] AGENT3 generated 10 candidate problems in cycle 6
  [02:42:35.026] → [AGENT3] Sending 623 chars …
  [02:42:35.032] › [AGENT3] Found input box via: rich-textarea div[contenteditable='true']
  [02:42:35.032] › [AGENT3] Typing 623 chars …
  [02:42:35.530] › [AGENT3] Input verified: 640 chars placed
  [02:42:36.262] › [AGENT3] Send clicked via JS: button[aria-label='Send message']
  [02:42:36.263] ✓ [AGENT3] Dispatched.
  [02:42:36.263] ← [AGENT3] Waiting for response …
  [02:42:36.470] › [AGENT3] Response blocks before send: 85
  [02:42:36.625] › [AGENT3] Streaming started.
  [02:42:47.493] › [AGENT3] Stable 1/4 (965 chars)
  [02:42:50.086] › [AGENT3] tick=5 streaming=False len=965 stable=1
  [02:42:50.087] › [AGENT3] Stable 2/4 (965 chars)
  [02:42:52.674] › [AGENT3] Stable 3/4 (965 chars)
  [02:42:55.250] › [AGENT3] Stable 4/4 (965 chars)
  [02:42:55.250] ✓ [AGENT3] Response ready: 965 chars.
  [02:42:55.251] → [AGENT3] Sending 1,039 chars …
  [02:42:55.260] › [AGENT3] Found input box via: rich-textarea div[contenteditable='true']
  [02:42:55.260] › [AGENT3] Typing 1039 chars …
  [02:42:55.913] › [AGENT3] Input verified: 1088 chars placed
  [02:42:56.648] › [AGENT3] Send clicked via JS: button[aria-label='Send message']
  [02:42:56.648] ✓ [AGENT3] Dispatched.
  [02:42:56.651] ← [AGENT3] Waiting for response …
  [02:42:56.839] › [AGENT3] Response blocks before send: 86
  [02:42:56.927] › [AGENT3] Streaming started.
  [02:43:09.967] › [AGENT3] tick=5 streaming=False len=921 stable=0
  [02:43:12.545] › [AGENT3] Stable 1/4 (921 chars)
  [02:43:15.131] › [AGENT3] Stable 2/4 (921 chars)
  [02:43:17.732] › [AGENT3] Stable 3/4 (921 chars)
  [02:43:20.318] › [AGENT3] Stable 4/4 (921 chars)
  [02:43:20.319] ✓ [AGENT3] Response ready: 921 chars.
  [02:43:20.335] → [AGENT3] Sending 630 chars …
  [02:43:20.341] › [AGENT3] Found input box via: rich-textarea div[contenteditable='true']
  [02:43:20.342] › [AGENT3] Typing 630 chars …
  [02:43:20.883] › [AGENT3] Input verified: 647 chars placed
  [02:43:21.599] › [AGENT3] Send clicked via JS: button[aria-label='Send message']
  [02:43:21.599] ✓ [AGENT3] Dispatched.
  [02:43:21.600] ← [AGENT3] Waiting for response …
  [02:43:21.793] › [AGENT3] Response blocks before send: 87
  [02:43:21.890] › [AGENT3] Streaming started.
  [02:43:34.889] › [AGENT3] tick=5 streaming=False len=926 stable=0
  [02:43:37.476] › [AGENT3] Stable 1/4 (926 chars)
  [02:43:40.063] › [AGENT3] Stable 2/4 (926 chars)
  [02:43:42.647] › [AGENT3] Stable 3/4 (926 chars)
  [02:43:45.244] › [AGENT3] Stable 4/4 (926 chars)
  [02:43:45.244] ✓ [AGENT3] Response ready: 926 chars.
  [02:43:45.245] → [AGENT3] Sending 1,000 chars …
  [02:43:45.251] › [AGENT3] Found input box via: rich-textarea div[contenteditable='true']
  [02:43:45.251] › [AGENT3] Typing 1000 chars …
  [02:43:45.996] › [AGENT3] Input verified: 1057 chars placed
  [02:43:46.738] › [AGENT3] Send clicked via JS: button[aria-label='Send message']
  [02:43:46.738] ✓ [AGENT3] Dispatched.
  [02:43:46.739] ← [AGENT3] Waiting for response …
  [02:43:46.929] › [AGENT3] Response blocks before send: 88
  [02:43:47.023] › [AGENT3] Streaming started.
  [02:43:57.429] › [AGENT3] Stable 1/4 (926 chars)
  [02:44:00.024] › [AGENT3] tick=5 streaming=False len=926 stable=1
  [02:44:00.025] › [AGENT3] Stable 2/4 (926 chars)
  [02:44:02.630] › [AGENT3] Stable 3/4 (926 chars)
  [02:44:05.221] › [AGENT3] Stable 4/4 (926 chars)
  [02:44:05.222] ✓ [AGENT3] Response ready: 926 chars.
  [02:44:05.266] → [AGENT3] Sending 634 chars …
  [02:44:05.274] › [AGENT3] Found input box via: rich-textarea div[contenteditable='true']
  [02:44:05.275] › [AGENT3] Typing 634 chars …
  [02:44:05.817] › [AGENT3] Input verified: 651 chars placed
  [02:44:06.573] › [AGENT3] Send clicked via JS: button[aria-label='Send message']
  [02:44:06.573] ✓ [AGENT3] Dispatched.
  [02:44:06.574] ← [AGENT3] Waiting for response …
  [02:44:06.800] › [AGENT3] Response blocks before send: 89
  [02:44:06.828] › [AGENT3] Streaming started.
  [02:44:20.418] › [AGENT3] tick=5 streaming=True len=555 stable=0
  [02:44:25.578] › [AGENT3] Stable 1/4 (971 chars)
  [02:44:28.313] › [AGENT3] Stable 2/4 (971 chars)
  [02:44:30.888] › [AGENT3] Stable 3/4 (971 chars)
  [02:44:33.478] › [AGENT3] tick=10 streaming=False len=971 stable=3
  [02:44:33.478] › [AGENT3] Stable 4/4 (971 chars)
  [02:44:33.479] ✓ [AGENT3] Response ready: 971 chars.
  [02:44:33.480] → [AGENT3] Sending 1,045 chars …
  [02:44:33.487] › [AGENT3] Found input box via: rich-textarea div[contenteditable='true']
  [02:44:33.487] › [AGENT3] Typing 1045 chars …
  [02:44:34.174] › [AGENT3] Input verified: 1094 chars placed
  [02:44:34.946] › [AGENT3] Send clicked via JS: button[aria-label='Send message']
  [02:44:34.946] ✓ [AGENT3] Dispatched.
  [02:44:34.947] ← [AGENT3] Waiting for response …
  [02:44:35.137] › [AGENT3] Response blocks before send: 90
  [02:44:35.257] › [AGENT3] Streaming started.
  [02:44:46.097] › [AGENT3] Stable 1/4 (971 chars)
  [02:44:48.686] › [AGENT3] tick=5 streaming=False len=971 stable=1
  [02:44:48.686] › [AGENT3] Stable 2/4 (971 chars)
  [02:44:51.273] › [AGENT3] Stable 3/4 (971 chars)
  [02:44:53.860] › [AGENT3] Stable 4/4 (971 chars)
  [02:44:53.861] ✓ [AGENT3] Response ready: 971 chars.
  [02:44:53.876] → [AGENT3] Sending 603 chars …
  [02:44:53.882] › [AGENT3] Found input box via: rich-textarea div[contenteditable='true']
  [02:44:53.882] › [AGENT3] Typing 603 chars …
  [02:44:54.489] › [AGENT3] Input verified: 620 chars placed
  [02:44:55.228] › [AGENT3] Send clicked via JS: button[aria-label='Send message']
  [02:44:55.229] ✓ [AGENT3] Dispatched.
  [02:44:55.229] ← [AGENT3] Waiting for response …
  [02:44:55.475] › [AGENT3] Response blocks before send: 91
  [02:44:55.527] › [AGENT3] Streaming started.
  [02:45:05.845] › [AGENT3] Stable 1/4 (931 chars)
  [02:45:08.433] › [AGENT3] tick=5 streaming=False len=931 stable=1
  [02:45:08.433] › [AGENT3] Stable 2/4 (931 chars)
  [02:45:11.029] › [AGENT3] Stable 3/4 (931 chars)
  [02:45:13.624] › [AGENT3] Stable 4/4 (931 chars)
  [02:45:13.625] ✓ [AGENT3] Response ready: 931 chars.
  [02:45:13.626] → [AGENT3] Sending 1,005 chars …
  [02:45:13.631] › [AGENT3] Found input box via: rich-textarea div[contenteditable='true']
  [02:45:13.631] › [AGENT3] Typing 1005 chars …
  [02:45:14.261] › [AGENT3] Input verified: 1057 chars placed
  [02:45:14.995] › [AGENT3] Send clicked via JS: button[aria-label='Send message']
  [02:45:14.995] ✓ [AGENT3] Dispatched.
  [02:45:14.996] ← [AGENT3] Waiting for response …
  [02:45:15.350] › [AGENT3] Response blocks before send: 92
  [02:45:15.860] › [AGENT3] Streaming started.
  [02:45:29.078] › [AGENT3] tick=5 streaming=True len=810 stable=0
  [02:45:34.257] › [AGENT3] Stable 1/4 (929 chars)
  [02:45:36.850] › [AGENT3] Stable 2/4 (929 chars)
  [02:45:39.447] › [AGENT3] Stable 3/4 (929 chars)
  [02:45:42.035] › [AGENT3] tick=10 streaming=False len=929 stable=3
  [02:45:42.036] › [AGENT3] Stable 4/4 (929 chars)
  [02:45:42.036] ✓ [AGENT3] Response ready: 929 chars.
  [02:45:42.054] → [AGENT3] Sending 619 chars …
  [02:45:42.062] › [AGENT3] Found input box via: rich-textarea div[contenteditable='true']
  [02:45:42.063] › [AGENT3] Typing 619 chars …
  [02:45:42.620] › [AGENT3] Input verified: 636 chars placed
  [02:45:43.340] › [AGENT3] Send clicked via JS: button[aria-label='Send message']
  [02:45:43.341] ✓ [AGENT3] Dispatched.
  [02:45:43.342] ← [AGENT3] Waiting for response …
  [02:45:43.545] › [AGENT3] Response blocks before send: 93
  [02:45:43.639] › [AGENT3] Streaming started.
  [02:45:54.646] › [AGENT3] Stable 1/4 (949 chars)
  [02:45:57.235] › [AGENT3] tick=5 streaming=False len=949 stable=1
  [02:45:57.236] › [AGENT3] Stable 2/4 (949 chars)
  [02:45:59.819] › [AGENT3] Stable 3/4 (949 chars)
  [02:46:02.413] › [AGENT3] Stable 4/4 (949 chars)
  [02:46:02.415] ✓ [AGENT3] Response ready: 949 chars.
  [02:46:02.416] → [AGENT3] Sending 1,023 chars …
  [02:46:02.423] › [AGENT3] Found input box via: rich-textarea div[contenteditable='true']
  [02:46:02.423] › [AGENT3] Typing 1023 chars …
  [02:46:03.250] › [AGENT3] Input verified: 1072 chars placed
  [02:46:04.017] › [AGENT3] Send clicked via JS: button[aria-label='Send message']
  [02:46:04.017] ✓ [AGENT3] Dispatched.
  [02:46:04.018] ← [AGENT3] Waiting for response …
  [02:46:04.233] › [AGENT3] Response blocks before send: 94
  [02:46:04.321] › [AGENT3] Streaming started.
  [02:46:17.204] › [AGENT3] tick=5 streaming=False len=949 stable=0
  [02:46:17.205] › [AGENT3] Stable 1/4 (949 chars)
  [02:46:19.824] › [AGENT3] Stable 2/4 (949 chars)
  [02:46:22.453] › [AGENT3] Stable 3/4 (949 chars)
  [02:46:25.043] › [AGENT3] Stable 4/4 (949 chars)
  [02:46:25.043] ✓ [AGENT3] Response ready: 949 chars.
  [02:46:25.062] → [AGENT3] Sending 608 chars …
  [02:46:25.067] › [AGENT3] Found input box via: rich-textarea div[contenteditable='true']
  [02:46:25.068] › [AGENT3] Typing 608 chars …
  [02:46:25.554] › [AGENT3] Input verified: 625 chars placed
  [02:46:26.308] › [AGENT3] Send clicked via JS: button[aria-label='Send message']
  [02:46:26.308] ✓ [AGENT3] Dispatched.
  [02:46:26.370] ← [AGENT3] Waiting for response …
  [02:46:26.550] › [AGENT3] Response blocks before send: 95
  [02:46:26.594] › [AGENT3] Streaming started.
  [02:46:37.408] › [AGENT3] Stable 1/4 (957 chars)
  [02:46:39.999] › [AGENT3] tick=5 streaming=False len=957 stable=1
  [02:46:39.999] › [AGENT3] Stable 2/4 (957 chars)
  [02:46:42.641] › [AGENT3] Stable 3/4 (957 chars)
  [02:46:45.284] › [AGENT3] Stable 4/4 (957 chars)
  [02:46:45.285] ✓ [AGENT3] Response ready: 957 chars.
  [02:46:45.286] → [AGENT3] Sending 1,031 chars …
  [02:46:45.293] › [AGENT3] Found input box via: rich-textarea div[contenteditable='true']
  [02:46:45.294] › [AGENT3] Typing 1031 chars …
  [02:46:46.042] › [AGENT3] Input verified: 1086 chars placed
  [02:46:46.801] › [AGENT3] Send clicked via JS: button[aria-label='Send message']
  [02:46:46.802] ✓ [AGENT3] Dispatched.
  [02:46:46.803] ← [AGENT3] Waiting for response …
  [02:46:47.043] › [AGENT3] Response blocks before send: 96
  [02:46:47.108] › [AGENT3] Streaming started.
  [02:46:58.388] › [AGENT3] Stable 1/4 (919 chars)
  [02:47:00.985] › [AGENT3] tick=5 streaming=False len=919 stable=1
  [02:47:00.985] › [AGENT3] Stable 2/4 (919 chars)
  [02:47:03.581] › [AGENT3] Stable 3/4 (919 chars)
  [02:47:06.181] › [AGENT3] Stable 4/4 (919 chars)
  [02:47:06.181] ✓ [AGENT3] Response ready: 919 chars.
  [02:47:06.197] → [AGENT3] Sending 613 chars …
  [02:47:06.202] › [AGENT3] Found input box via: rich-textarea div[contenteditable='true']
  [02:47:06.202] › [AGENT3] Typing 613 chars …
  [02:47:06.679] › [AGENT3] Input verified: 630 chars placed
  [02:47:07.410] › [AGENT3] Send clicked via JS: button[aria-label='Send message']
  [02:47:07.410] ✓ [AGENT3] Dispatched.
  [02:47:07.411] ← [AGENT3] Waiting for response …
  [02:47:07.746] › [AGENT3] Response blocks before send: 97
  [02:47:08.098] › [AGENT3] Streaming started.
  [02:47:19.194] › [AGENT3] Stable 1/4 (804 chars)
  [02:47:21.790] › [AGENT3] tick=5 streaming=False len=804 stable=1
  [02:47:21.790] › [AGENT3] Stable 2/4 (804 chars)
  [02:47:24.385] › [AGENT3] Stable 3/4 (804 chars)
  [02:47:26.978] › [AGENT3] Stable 4/4 (804 chars)
  [02:47:26.979] ✓ [AGENT3] Response ready: 804 chars.
  [02:47:26.979] → [AGENT3] Sending 878 chars …
  [02:47:26.985] › [AGENT3] Found input box via: rich-textarea div[contenteditable='true']
  [02:47:26.985] › [AGENT3] Typing 878 chars …
  [02:47:27.749] › [AGENT3] Input verified: 923 chars placed
  [02:47:28.477] › [AGENT3] Send clicked via JS: button[aria-label='Send message']
  [02:47:28.478] ✓ [AGENT3] Dispatched.
  [02:47:28.478] ← [AGENT3] Waiting for response …
  [02:47:28.694] › [AGENT3] Response blocks before send: 98
  [02:47:28.771] › [AGENT3] Streaming started.
  [02:47:39.338] › [AGENT3] Stable 1/4 (764 chars)
  [02:47:41.937] › [AGENT3] tick=5 streaming=False len=764 stable=1
  [02:47:41.937] › [AGENT3] Stable 2/4 (764 chars)
  [02:47:44.532] › [AGENT3] Stable 3/4 (764 chars)
  [02:47:47.117] › [AGENT3] Stable 4/4 (764 chars)
  [02:47:47.118] ✓ [AGENT3] Response ready: 764 chars.
  [02:47:47.134] → [AGENT3] Sending 632 chars …
  [02:47:47.139] › [AGENT3] Found input box via: rich-textarea div[contenteditable='true']
  [02:47:47.139] › [AGENT3] Typing 632 chars …
  [02:47:47.649] › [AGENT3] Input verified: 649 chars placed
  [02:47:48.393] › [AGENT3] Send clicked via JS: button[aria-label='Send message']
  [02:47:48.393] ✓ [AGENT3] Dispatched.
  [02:47:48.394] ← [AGENT3] Waiting for response …
  [02:47:48.615] › [AGENT3] Response blocks before send: 99
  [02:47:48.639] › [AGENT3] Streaming started.
  [02:48:02.094] › [AGENT3] tick=5 streaming=False len=969 stable=0
  [02:48:04.686] › [AGENT3] Stable 1/4 (969 chars)
  [02:48:07.268] › [AGENT3] Stable 2/4 (969 chars)
  [02:48:09.850] › [AGENT3] Stable 3/4 (969 chars)
  [02:48:12.453] › [AGENT3] Stable 4/4 (969 chars)
  [02:48:12.453] ✓ [AGENT3] Response ready: 969 chars.
  [02:48:12.454] → [AGENT3] Sending 1,043 chars …
  [02:48:12.460] › [AGENT3] Found input box via: rich-textarea div[contenteditable='true']
  [02:48:12.460] › [AGENT3] Typing 1043 chars …
  [02:48:13.232] › [AGENT3] Input verified: 1095 chars placed
  [02:48:14.016] › [AGENT3] Send clicked via JS: button[aria-label='Send message']
  [02:48:14.016] ✓ [AGENT3] Dispatched.
  [02:48:14.017] ← [AGENT3] Waiting for response …
  [02:48:14.308] › [AGENT3] Response blocks before send: 100
  [02:48:14.498] › [AGENT3] Streaming started.
  [02:48:25.930] › [AGENT3] Stable 1/4 (969 chars)
  [02:48:28.528] › [AGENT3] tick=5 streaming=False len=969 stable=1
  [02:48:28.529] › [AGENT3] Stable 2/4 (969 chars)
  [02:48:31.124] › [AGENT3] Stable 3/4 (969 chars)
  [02:48:33.778] › [AGENT3] Stable 4/4 (969 chars)
  [02:48:33.779] ✓ [AGENT3] Response ready: 969 chars.
  [02:48:33.805] → [AGENT3] Sending 587 chars …
  [02:48:33.812] › [AGENT3] Found input box via: rich-textarea div[contenteditable='true']
  [02:48:33.812] › [AGENT3] Typing 587 chars …
  [02:48:34.377] › [AGENT3] Input verified: 604 chars placed
  [02:48:35.131] › [AGENT3] Send clicked via JS: button[aria-label='Send message']
  [02:48:35.132] ✓ [AGENT3] Dispatched.
  [02:48:35.132] ← [AGENT3] Waiting for response …
  [02:48:35.411] › [AGENT3] Response blocks before send: 101
  [02:48:35.795] › [AGENT3] Streaming started.
  [02:48:46.381] › [AGENT3] Stable 1/4 (906 chars)
  [02:48:48.950] › [AGENT3] tick=5 streaming=False len=906 stable=1
  [02:48:48.951] › [AGENT3] Stable 2/4 (906 chars)
  [02:48:51.540] › [AGENT3] Stable 3/4 (906 chars)
  [02:48:54.128] › [AGENT3] Stable 4/4 (906 chars)
  [02:48:54.128] ✓ [AGENT3] Response ready: 906 chars.
  [02:48:54.129] → [AGENT3] Sending 980 chars …
  [02:48:54.135] › [AGENT3] Found input box via: rich-textarea div[contenteditable='true']
  [02:48:54.135] › [AGENT3] Typing 980 chars …
  [02:48:54.750] › [AGENT3] Input verified: 1029 chars placed
  [02:48:55.508] › [AGENT3] Send clicked via JS: button[aria-label='Send message']
  [02:48:55.508] ✓ [AGENT3] Dispatched.
  [02:48:55.509] ← [AGENT3] Waiting for response …
  [02:48:55.730] › [AGENT3] Response blocks before send: 102
  [02:48:55.791] › [AGENT3] Streaming started.
  [02:49:06.753] › [AGENT3] Stable 1/4 (906 chars)
  [02:49:09.354] › [AGENT3] tick=5 streaming=False len=906 stable=1
  [02:49:09.355] › [AGENT3] Stable 2/4 (906 chars)
  [02:49:11.948] › [AGENT3] Stable 3/4 (906 chars)
  [02:49:14.538] › [AGENT3] Stable 4/4 (906 chars)
  [02:49:14.538] ✓ [AGENT3] Response ready: 906 chars.
  [02:49:14.555] → [AGENT3] Sending 617 chars …
  [02:49:14.561] › [AGENT3] Found input box via: rich-textarea div[contenteditable='true']
  [02:49:14.561] › [AGENT3] Typing 617 chars …
  [02:49:15.167] › [AGENT3] Input verified: 634 chars placed
  [02:49:15.995] › [AGENT3] Send clicked via JS: button[aria-label='Send message']
  [02:49:15.996] ✓ [AGENT3] Dispatched.
  [02:49:15.998] ← [AGENT3] Waiting for response …
  [02:49:16.233] › [AGENT3] Response blocks before send: 103
  [02:49:16.274] › [AGENT3] Streaming started.
  [02:49:26.733] › [AGENT3] Stable 1/4 (971 chars)
  [02:49:29.326] › [AGENT3] tick=5 streaming=False len=971 stable=1
  [02:49:29.326] › [AGENT3] Stable 2/4 (971 chars)
  [02:49:31.931] › [AGENT3] Stable 3/4 (971 chars)
  [02:49:34.537] › [AGENT3] Stable 4/4 (971 chars)
  [02:49:34.537] ✓ [AGENT3] Response ready: 971 chars.
  [02:49:34.538] → [AGENT3] Sending 1,045 chars …
  [02:49:34.544] › [AGENT3] Found input box via: rich-textarea div[contenteditable='true']
  [02:49:34.544] › [AGENT3] Typing 1045 chars …
  [02:49:35.233] › [AGENT3] Input verified: 1098 chars placed
  [02:49:35.994] › [AGENT3] Send clicked via JS: button[aria-label='Send message']
  [02:49:35.994] ✓ [AGENT3] Dispatched.
  [02:49:35.995] ← [AGENT3] Waiting for response …
  [02:49:36.222] › [AGENT3] Response blocks before send: 104
  [02:49:36.294] › [AGENT3] Streaming started.
  [02:49:49.749] › [AGENT3] tick=5 streaming=False len=937 stable=0
  [02:49:49.750] › [AGENT3] Stable 1/4 (937 chars)
  [02:49:52.343] › [AGENT3] Stable 2/4 (937 chars)
  [02:49:54.929] › [AGENT3] Stable 3/4 (937 chars)
  [02:49:57.510] › [AGENT3] Stable 4/4 (937 chars)
  [02:49:57.511] ✓ [AGENT3] Response ready: 937 chars.
  [02:49:57.575] → [AGENT4] Sending 481 chars …
  [02:49:57.810] › [AGENT4] Found input box via: rich-textarea div[contenteditable='true']
  [02:49:57.810] › [AGENT4] Typing 481 chars …
  [02:49:58.442] › [AGENT4] Input verified: 488 chars placed
  [02:49:59.148] › [AGENT4] Send clicked via JS: button[aria-label='Send message']
  [02:49:59.148] ✓ [AGENT4] Dispatched.
  [02:49:59.149] ← [AGENT4] Waiting for response …
  [02:49:59.305] › [AGENT4] Response blocks before send: 53
  [02:49:59.354] › [AGENT4] Streaming started.
  [02:50:09.919] › [AGENT4] Stable 1/4 (1,421 chars)
  [02:50:12.470] › [AGENT4] tick=5 streaming=False len=1421 stable=1
  [02:50:12.470] › [AGENT4] Stable 2/4 (1,421 chars)
  [02:50:15.030] › [AGENT4] Stable 3/4 (1,421 chars)
  [02:50:17.598] › [AGENT4] Stable 4/4 (1,421 chars)
  [02:50:17.599] ✓ [AGENT4] Response ready: 1,421 chars.
  [02:50:17.599] ✓ [AGENT4] AGENT4 generated 10 candidate problems in cycle 6
  [02:50:17.601] → [AGENT4] Sending 664 chars …
  [02:50:17.611] › [AGENT4] Found input box via: rich-textarea div[contenteditable='true']
  [02:50:17.612] › [AGENT4] Typing 664 chars …
  [02:50:18.072] › [AGENT4] Input verified: 681 chars placed
  [02:50:18.767] › [AGENT4] Send clicked via JS: button[aria-label='Send message']
  [02:50:18.767] ✓ [AGENT4] Dispatched.
  [02:50:18.768] ← [AGENT4] Waiting for response …
  [02:50:18.904] › [AGENT4] Response blocks before send: 54
  [02:50:18.952] › [AGENT4] Streaming started.
  [02:50:29.449] › [AGENT4] Stable 1/4 (929 chars)
  [02:50:32.010] › [AGENT4] tick=5 streaming=False len=929 stable=1
  [02:50:32.011] › [AGENT4] Stable 2/4 (929 chars)
  [02:50:34.563] › [AGENT4] Stable 3/4 (929 chars)
  [02:50:37.120] › [AGENT4] Stable 4/4 (929 chars)
  [02:50:37.121] ✓ [AGENT4] Response ready: 929 chars.
  [02:50:37.179] → [AGENT4] Sending 599 chars …
  [02:50:37.185] › [AGENT4] Found input box via: rich-textarea div[contenteditable='true']
  [02:50:37.185] › [AGENT4] Typing 599 chars …
  [02:50:37.523] › [AGENT4] Input verified: 616 chars placed
  [02:50:38.224] › [AGENT4] Send clicked via JS: button[aria-label='Send message']
  [02:50:38.224] ✓ [AGENT4] Dispatched.
  [02:50:38.226] ← [AGENT4] Waiting for response …
  [02:50:38.316] › [AGENT4] Response blocks before send: 55
  [02:50:38.511] › [AGENT4] Streaming started.
  [02:50:48.788] › [AGENT4] Stable 1/4 (951 chars)
  [02:50:51.339] › [AGENT4] tick=5 streaming=False len=951 stable=1
  [02:50:51.339] › [AGENT4] Stable 2/4 (951 chars)
  [02:50:53.903] › [AGENT4] Stable 3/4 (951 chars)
  [02:50:56.467] › [AGENT4] Stable 4/4 (951 chars)
  [02:50:56.468] ✓ [AGENT4] Response ready: 951 chars.
  [02:50:56.513] → [AGENT4] Sending 637 chars …
  [02:50:56.526] › [AGENT4] Found input box via: rich-textarea div[contenteditable='true']
  [02:50:56.527] › [AGENT4] Typing 637 chars …
  [02:50:56.878] › [AGENT4] Input verified: 654 chars placed
  [02:50:57.558] › [AGENT4] Send clicked via JS: button[aria-label='Send message']
  [02:50:57.558] ✓ [AGENT4] Dispatched.
  [02:50:57.560] ← [AGENT4] Waiting for response …
  [02:50:57.716] › [AGENT4] Response blocks before send: 56
  [02:50:57.770] › [AGENT4] Streaming started.
  [02:51:08.015] › [AGENT4] Stable 1/4 (1,079 chars)
  [02:51:10.584] › [AGENT4] tick=5 streaming=False len=1079 stable=1
  [02:51:10.584] › [AGENT4] Stable 2/4 (1,079 chars)
  [02:51:13.155] › [AGENT4] Stable 3/4 (1,079 chars)
  [02:51:15.721] › [AGENT4] Stable 4/4 (1,079 chars)
  [02:51:15.722] ✓ [AGENT4] Response ready: 1,079 chars.
  [02:51:15.746] → [AGENT4] Sending 623 chars …
  [02:51:15.752] › [AGENT4] Found input box via: rich-textarea div[contenteditable='true']
  [02:51:15.752] › [AGENT4] Typing 623 chars …
  [02:51:16.194] › [AGENT4] Input verified: 640 chars placed
  [02:51:16.886] › [AGENT4] Send clicked via JS: button[aria-label='Send message']
  [02:51:16.886] ✓ [AGENT4] Dispatched.
  [02:51:16.887] ← [AGENT4] Waiting for response …
  [02:51:17.003] › [AGENT4] Response blocks before send: 57
  [02:51:17.028] › [AGENT4] Streaming started.
  [02:51:27.320] › [AGENT4] Stable 1/4 (967 chars)
  [02:51:29.950] › [AGENT4] tick=5 streaming=False len=967 stable=1
  [02:51:29.951] › [AGENT4] Stable 2/4 (967 chars)
  [02:51:32.501] › [AGENT4] Stable 3/4 (967 chars)
  [02:51:35.081] › [AGENT4] Stable 4/4 (967 chars)
  [02:51:35.082] ✓ [AGENT4] Response ready: 967 chars.
  [02:51:35.097] → [AGENT4] Sending 614 chars …
  [02:51:35.103] › [AGENT4] Found input box via: rich-textarea div[contenteditable='true']
  [02:51:35.103] › [AGENT4] Typing 614 chars …
  [02:51:35.457] › [AGENT4] Input verified: 631 chars placed
  [02:51:36.232] › [AGENT4] Send clicked via JS: button[aria-label='Send message']
  [02:51:36.232] ✓ [AGENT4] Dispatched.
  [02:51:36.233] ← [AGENT4] Waiting for response …
  [02:51:36.405] › [AGENT4] Response blocks before send: 58
  [02:51:36.442] › [AGENT4] Streaming started.
  [02:51:44.113] › [AGENT4] Stable 1/4 (910 chars)
  [02:51:46.680] › [AGENT4] Stable 2/4 (910 chars)
  [02:51:49.249] › [AGENT4] tick=5 streaming=False len=910 stable=2
  [02:51:49.249] › [AGENT4] Stable 3/4 (910 chars)
  [02:51:51.813] › [AGENT4] Stable 4/4 (910 chars)
  [02:51:51.814] ✓ [AGENT4] Response ready: 910 chars.
  [02:51:51.829] → [AGENT4] Sending 584 chars …
  [02:51:51.834] › [AGENT4] Found input box via: rich-textarea div[contenteditable='true']
  [02:51:51.834] › [AGENT4] Typing 584 chars …
  [02:51:52.224] › [AGENT4] Input verified: 601 chars placed
  [02:51:52.952] › [AGENT4] Send clicked via JS: button[aria-label='Send message']
  [02:51:52.953] ✓ [AGENT4] Dispatched.
  [02:51:52.957] ← [AGENT4] Waiting for response …
  [02:51:53.059] › [AGENT4] Response blocks before send: 59
  [02:51:53.153] › [AGENT4] Streaming started.
  [02:52:03.436] › [AGENT4] Stable 1/4 (1,166 chars)
  [02:52:06.009] › [AGENT4] tick=5 streaming=False len=1166 stable=1
  [02:52:06.009] › [AGENT4] Stable 2/4 (1,166 chars)
  [02:52:08.572] › [AGENT4] Stable 3/4 (1,166 chars)
  [02:52:11.142] › [AGENT4] Stable 4/4 (1,166 chars)
  [02:52:11.143] ✓ [AGENT4] Response ready: 1,166 chars.
  [02:52:11.158] → [AGENT4] Sending 614 chars …
  [02:52:11.163] › [AGENT4] Found input box via: rich-textarea div[contenteditable='true']
  [02:52:11.163] › [AGENT4] Typing 614 chars …
  [02:52:11.540] › [AGENT4] Input verified: 631 chars placed
  [02:52:12.269] › [AGENT4] Send clicked via JS: button[aria-label='Send message']
  [02:52:12.269] ✓ [AGENT4] Dispatched.
  [02:52:12.270] ← [AGENT4] Waiting for response …
  [02:52:12.402] › [AGENT4] Response blocks before send: 60
  [02:52:12.442] › [AGENT4] Streaming started.
  [02:52:22.663] › [AGENT4] Stable 1/4 (1,041 chars)
  [02:52:25.247] › [AGENT4] tick=5 streaming=False len=1041 stable=1
  [02:52:25.248] › [AGENT4] Stable 2/4 (1,041 chars)
  [02:52:27.804] › [AGENT4] Stable 3/4 (1,041 chars)
  [02:52:30.368] › [AGENT4] Stable 4/4 (1,041 chars)
  [02:52:30.369] ✓ [AGENT4] Response ready: 1,041 chars.
  [02:52:30.384] → [AGENT4] Sending 649 chars …
  [02:52:30.389] › [AGENT4] Found input box via: rich-textarea div[contenteditable='true']
  [02:52:30.389] › [AGENT4] Typing 649 chars …
  [02:52:30.823] › [AGENT4] Input verified: 666 chars placed
  [02:52:31.519] › [AGENT4] Send clicked via JS: button[aria-label='Send message']
  [02:52:31.519] ✓ [AGENT4] Dispatched.
  [02:52:31.520] ← [AGENT4] Waiting for response …
  [02:52:31.656] › [AGENT4] Response blocks before send: 61
  [02:52:31.712] › [AGENT4] Streaming started.
  [02:52:46.259] › [AGENT4] tick=5 streaming=True len=965 stable=0
  [02:52:59.358] › [AGENT4] tick=10 streaming=True len=965 stable=0
  [02:53:12.300] › [AGENT4] tick=15 streaming=True len=965 stable=0
  [02:53:25.269] › [AGENT4] tick=20 streaming=True len=965 stable=0
  [02:53:38.303] › [AGENT4] tick=25 streaming=True len=965 stable=0
  [02:53:51.174] › [AGENT4] tick=30 streaming=True len=965 stable=0
  [02:54:04.128] › [AGENT4] tick=35 streaming=True len=965 stable=0
  [02:54:17.101] › [AGENT4] tick=40 streaming=True len=965 stable=0
  [02:54:30.041] › [AGENT4] tick=45 streaming=True len=965 stable=0
  [02:54:42.892] › [AGENT4] tick=50 streaming=True len=965 stable=0
  [02:54:55.847] › [AGENT4] tick=55 streaming=True len=965 stable=0
  [02:55:08.783] › [AGENT4] tick=60 streaming=True len=965 stable=0
  [02:55:21.721] › [AGENT4] tick=65 streaming=True len=965 stable=0
  [02:55:32.109] ⚠ [AGENT4] Timed out — returning best capture.
  [02:55:32.112] → [AGENT4] Sending 1,039 chars …
  [02:55:32.121] › [AGENT4] Found input box via: rich-textarea div[contenteditable='true']
  [02:55:32.122] › [AGENT4] Typing 1039 chars …
  [02:55:32.590] › [AGENT4] Input verified: 1094 chars placed
  [02:55:33.339] › [AGENT4] Send clicked via JS: button.send-button
  [02:55:33.339] ✓ [AGENT4] Dispatched.
  [02:55:33.340] ← [AGENT4] Waiting for response …
  [02:55:33.357] › [AGENT4] Response blocks before send: 62
  [02:55:33.370] › [AGENT4] Streaming started.
  [02:55:46.379] › [AGENT4] tick=5 streaming=True len=965 stable=0
  [02:55:59.277] › [AGENT4] tick=10 streaming=True len=965 stable=0
  [02:56:12.118] › [AGENT4] tick=15 streaming=True len=965 stable=0
  [02:56:25.120] › [AGENT4] tick=20 streaming=True len=965 stable=0
  [02:56:38.092] › [AGENT4] tick=25 streaming=True len=965 stable=0
  [02:56:51.014] › [AGENT4] tick=30 streaming=True len=965 stable=0
  [02:57:03.884] › [AGENT4] tick=35 streaming=True len=965 stable=0
  [02:57:16.856] › [AGENT4] tick=40 streaming=True len=965 stable=0
  [02:57:29.825] › [AGENT4] tick=45 streaming=True len=965 stable=0
  [02:57:42.726] › [AGENT4] tick=50 streaming=True len=965 stable=0
  [02:57:55.741] › [AGENT4] tick=55 streaming=True len=965 stable=0
  [02:58:08.753] › [AGENT4] tick=60 streaming=True len=965 stable=0
  [02:58:23.091] › [AGENT4] tick=65 streaming=True len=965 stable=0
  [02:58:33.411] ⚠ [AGENT4] Timed out — returning best capture.
  [02:58:33.435] → [AGENT4] Sending 600 chars …
  [02:58:33.445] › [AGENT4] Found input box via: rich-textarea div[contenteditable='true']
  [02:58:33.445] › [AGENT4] Typing 600 chars …
  [02:58:33.839] › [AGENT4] Input verified: 617 chars placed
  [02:58:34.530] › [AGENT4] Send clicked via JS: button.send-button
  [02:58:34.530] ✓ [AGENT4] Dispatched.
  [02:58:34.531] ← [AGENT4] Waiting for response …
  [02:58:34.539] › [AGENT4] Response blocks before send: 62
  [02:58:34.550] › [AGENT4] Streaming started.
  [02:58:47.419] › [AGENT4] tick=5 streaming=True len=965 stable=0
  [02:59:00.565] › [AGENT4] tick=10 streaming=True len=965 stable=0
  [02:59:13.466] › [AGENT4] tick=15 streaming=True len=965 stable=0
  [02:59:26.368] › [AGENT4] tick=20 streaming=True len=965 stable=0
  [02:59:39.297] › [AGENT4] tick=25 streaming=True len=965 stable=0
  [02:59:52.184] › [AGENT4] tick=30 streaming=True len=965 stable=0
  [03:00:05.062] › [AGENT4] tick=35 streaming=True len=965 stable=0
  [03:00:17.976] › [AGENT4] tick=40 streaming=True len=965 stable=0
  [03:00:30.905] › [AGENT4] tick=45 streaming=True len=965 stable=0
  [03:00:43.806] › [AGENT4] tick=50 streaming=True len=965 stable=0
  [03:00:56.690] › [AGENT4] tick=55 streaming=True len=965 stable=0
  [03:01:09.639] › [AGENT4] tick=60 streaming=True len=965 stable=0
  [03:01:22.603] › [AGENT4] tick=65 streaming=True len=965 stable=0
  [03:01:35.466] › [AGENT4] tick=70 streaming=True len=965 stable=0
  [03:01:35.467] ⚠ [AGENT4] Timed out — returning best capture.
  [03:01:35.468] → [AGENT4] Sending 1,039 chars …
  [03:01:35.475] › [AGENT4] Found input box via: rich-textarea div[contenteditable='true']
  [03:01:35.475] › [AGENT4] Typing 1039 chars …
  [03:01:35.965] › [AGENT4] Input verified: 1094 chars placed
  [03:01:36.643] › [AGENT4] Send clicked via JS: button.send-button
  [03:01:36.643] ✓ [AGENT4] Dispatched.
  [03:01:36.644] ← [AGENT4] Waiting for response …
  [03:01:36.652] › [AGENT4] Response blocks before send: 62
  [03:01:36.661] › [AGENT4] Streaming started.
  [03:01:49.618] › [AGENT4] tick=5 streaming=True len=965 stable=0
  [03:02:02.551] › [AGENT4] tick=10 streaming=True len=965 stable=0
  [03:02:15.506] › [AGENT4] tick=15 streaming=True len=965 stable=0
  [03:02:28.479] › [AGENT4] tick=20 streaming=True len=965 stable=0
  [03:02:41.355] › [AGENT4] tick=25 streaming=True len=965 stable=0
  [03:02:54.248] › [AGENT4] tick=30 streaming=True len=965 stable=0
  [03:03:07.160] › [AGENT4] tick=35 streaming=True len=965 stable=0
  [03:03:20.032] › [AGENT4] tick=40 streaming=True len=965 stable=0
  [03:03:32.983] › [AGENT4] tick=45 streaming=True len=965 stable=0
  [03:03:45.878] › [AGENT4] tick=50 streaming=True len=965 stable=0
  [03:03:58.776] › [AGENT4] tick=55 streaming=True len=965 stable=0
  [03:04:11.645] › [AGENT4] tick=60 streaming=True len=965 stable=0
  [03:04:24.696] › [AGENT4] tick=65 streaming=True len=965 stable=0
  [03:04:37.718] › [AGENT4] tick=70 streaming=True len=965 stable=0
  [03:04:37.718] ⚠ [AGENT4] Timed out — returning best capture.
  [03:04:37.735] → [AGENT4] Sending 625 chars …
  [03:04:37.743] › [AGENT4] Found input box via: rich-textarea div[contenteditable='true']
  [03:04:37.743] › [AGENT4] Typing 625 chars …
  [03:04:38.141] › [AGENT4] Input verified: 642 chars placed
  [03:04:38.842] › [AGENT4] Send clicked via JS: button.send-button
  [03:04:38.842] ✓ [AGENT4] Dispatched.
  [03:04:38.843] ← [AGENT4] Waiting for response …
  [03:04:38.851] › [AGENT4] Response blocks before send: 62
  [03:04:38.860] › [AGENT4] Streaming started.
  [03:04:51.807] › [AGENT4] tick=5 streaming=True len=965 stable=0
  [03:05:04.725] › [AGENT4] tick=10 streaming=True len=965 stable=0
  [03:05:17.785] › [AGENT4] tick=15 streaming=True len=965 stable=0
  [03:05:30.746] › [AGENT4] tick=20 streaming=True len=965 stable=0
  [03:05:43.739] › [AGENT4] tick=25 streaming=True len=965 stable=0
  [03:05:56.620] › [AGENT4] tick=30 streaming=True len=965 stable=0
  [03:06:09.568] › [AGENT4] tick=35 streaming=True len=965 stable=0
  [03:06:22.560] › [AGENT4] tick=40 streaming=True len=965 stable=0
  [03:06:35.463] › [AGENT4] tick=45 streaming=True len=965 stable=0
  [03:06:48.330] › [AGENT4] tick=50 streaming=True len=965 stable=0
  [03:07:01.266] › [AGENT4] tick=55 streaming=True len=965 stable=0
  [03:07:14.432] › [AGENT4] tick=60 streaming=True len=965 stable=0
  [03:07:27.371] › [AGENT4] tick=65 streaming=True len=965 stable=0
  [03:07:40.323] › [AGENT4] tick=70 streaming=True len=965 stable=0
  [03:07:40.325] ⚠ [AGENT4] Timed out — returning best capture.
  [03:07:40.325] → [AGENT4] Sending 1,039 chars …
  [03:07:40.334] › [AGENT4] Found input box via: rich-textarea div[contenteditable='true']
  [03:07:40.334] › [AGENT4] Typing 1039 chars …
  [03:07:40.818] › [AGENT4] Input verified: 1094 chars placed
  [03:07:41.504] › [AGENT4] Send clicked via JS: button.send-button
  [03:07:41.504] ✓ [AGENT4] Dispatched.
  [03:07:41.505] ← [AGENT4] Waiting for response …
  [03:07:41.514] › [AGENT4] Response blocks before send: 62
  [03:07:41.524] › [AGENT4] Streaming started.
  [03:07:54.416] › [AGENT4] tick=5 streaming=True len=965 stable=0
  [03:08:07.333] › [AGENT4] tick=10 streaming=True len=965 stable=0
  [03:08:20.331] › [AGENT4] tick=15 streaming=True len=965 stable=0
  [03:08:33.232] › [AGENT4] tick=20 streaming=True len=965 stable=0
  [03:08:46.151] › [AGENT4] tick=25 streaming=True len=965 stable=0
  [03:08:59.045] › [AGENT4] tick=30 streaming=True len=965 stable=0
  [03:09:11.938] › [AGENT4] tick=35 streaming=True len=965 stable=0
  [03:09:24.847] › [AGENT4] tick=40 streaming=True len=965 stable=0
  [03:09:37.753] › [AGENT4] tick=45 streaming=True len=965 stable=0
  [03:09:50.760] › [AGENT4] tick=50 streaming=True len=965 stable=0
  [03:10:03.647] › [AGENT4] tick=55 streaming=True len=965 stable=0
  [03:10:16.600] › [AGENT4] tick=60 streaming=True len=965 stable=0
  [03:10:29.568] › [AGENT4] tick=65 streaming=True len=965 stable=0
  [03:10:42.460] › [AGENT4] tick=70 streaming=True len=965 stable=0
  [03:10:42.461] ⚠ [AGENT4] Timed out — returning best capture.
  [03:10:42.614] → [AGENT1] Sending 481 chars …
  [03:10:43.185] › [AGENT1] Found input box via: rich-textarea div[contenteditable='true']
  [03:10:43.186] › [AGENT1] Typing 481 chars …
  [03:10:43.821] › [AGENT1] Input verified: 488 chars placed
  [03:10:44.626] › [AGENT1] Send clicked via JS: button.send-button
  [03:10:44.626] ✓ [AGENT1] Dispatched.
  [03:10:44.628] ← [AGENT1] Waiting for response …
  [03:10:44.652] › [AGENT1] Response blocks before send: 41
  [03:10:44.682] › [AGENT1] Streaming started.
  [03:10:57.535] › [AGENT1] tick=5 streaming=True len=751 stable=0
  [03:11:10.335] › [AGENT1] tick=10 streaming=True len=751 stable=0
  [03:11:23.197] › [AGENT1] tick=15 streaming=True len=751 stable=0
  [03:11:35.998] › [AGENT1] tick=20 streaming=True len=751 stable=0
  [03:11:48.864] › [AGENT1] tick=25 streaming=True len=751 stable=0
  [03:12:01.638] › [AGENT1] tick=30 streaming=True len=751 stable=0
  [03:12:14.461] › [AGENT1] tick=35 streaming=True len=751 stable=0
  [03:12:27.300] › [AGENT1] tick=40 streaming=True len=751 stable=0
  [03:12:40.184] › [AGENT1] tick=45 streaming=True len=751 stable=0
  [03:12:52.999] › [AGENT1] tick=50 streaming=True len=751 stable=0
  [03:13:05.819] › [AGENT1] tick=55 streaming=True len=751 stable=0
  [03:13:18.608] › [AGENT1] tick=60 streaming=True len=751 stable=0
  [03:13:31.460] › [AGENT1] tick=65 streaming=True len=751 stable=0
  [03:13:44.262] › [AGENT1] tick=70 streaming=True len=751 stable=0
  [03:13:46.824] ⚠ [AGENT1] Timed out — returning best capture.
  [03:13:46.827] → [AGENT1] Sending 897 chars …
  [03:13:46.837] › [AGENT1] Found input box via: rich-textarea div[contenteditable='true']
  [03:13:46.837] › [AGENT1] Typing 897 chars …
  [03:13:47.413] › [AGENT1] Input verified: 938 chars placed
  [03:13:48.100] › [AGENT1] Send clicked via JS: button.send-button
  [03:13:48.100] ✓ [AGENT1] Dispatched.
  [03:13:48.101] ← [AGENT1] Waiting for response …
  [03:13:48.107] › [AGENT1] Response blocks before send: 41
  [03:13:48.115] › [AGENT1] Streaming started.
  [03:14:00.898] › [AGENT1] tick=5 streaming=True len=751 stable=0
  [03:14:13.732] › [AGENT1] tick=10 streaming=True len=751 stable=0
  [03:14:26.574] › [AGENT1] tick=15 streaming=True len=751 stable=0
  [03:14:39.455] › [AGENT1] tick=20 streaming=True len=751 stable=0
  [03:14:52.273] › [AGENT1] tick=25 streaming=True len=751 stable=0
  [03:15:05.069] › [AGENT1] tick=30 streaming=True len=751 stable=0
  [03:15:17.946] › [AGENT1] tick=35 streaming=True len=751 stable=0
  [03:15:30.755] › [AGENT1] tick=40 streaming=True len=751 stable=0
  [03:15:43.588] › [AGENT1] tick=45 streaming=True len=751 stable=0
  [03:15:56.402] › [AGENT1] tick=50 streaming=True len=751 stable=0
  [03:16:09.231] › [AGENT1] tick=55 streaming=True len=751 stable=0
  [03:16:22.033] › [AGENT1] tick=60 streaming=True len=751 stable=0
  [03:16:34.863] › [AGENT1] tick=65 streaming=True len=751 stable=0
  [03:16:47.662] › [AGENT1] tick=70 streaming=True len=751 stable=0
  [03:16:50.209] ⚠ [AGENT1] Timed out — returning best capture.
  [03:16:50.210] ✓ [AGENT1] AGENT1 generated 0 candidate problems in cycle 7
  [03:16:50.291] → [AGENT2] Sending 481 chars …
  [03:16:50.793] › [AGENT2] Found input box via: rich-textarea div[contenteditable='true']
  [03:16:50.793] › [AGENT2] Typing 481 chars …
  [03:16:51.238] › [AGENT2] Input verified: 488 chars placed
  [03:16:51.945] › [AGENT2] Send clicked via JS: button.send-button
  [03:16:51.945] ✓ [AGENT2] Dispatched.
  [03:16:51.946] ← [AGENT2] Waiting for response …
  [03:16:51.955] › [AGENT2] Response blocks before send: 28
  [03:16:51.968] › [AGENT2] Streaming started.
  [03:17:04.790] › [AGENT2] tick=5 streaming=True len=907 stable=0
  [03:17:17.589] › [AGENT2] tick=10 streaming=True len=907 stable=0
  [03:17:30.377] › [AGENT2] tick=15 streaming=True len=907 stable=0
  [03:17:43.187] › [AGENT2] tick=20 streaming=True len=907 stable=0
  [03:17:55.979] › [AGENT2] tick=25 streaming=True len=907 stable=0
  [03:18:08.741] › [AGENT2] tick=30 streaming=True len=907 stable=0
  [03:18:21.540] › [AGENT2] tick=35 streaming=True len=907 stable=0
  [03:18:34.316] › [AGENT2] tick=40 streaming=True len=907 stable=0
  [03:18:47.105] › [AGENT2] tick=45 streaming=True len=907 stable=0
  [03:18:59.876] › [AGENT2] tick=50 streaming=True len=907 stable=0
  [03:19:12.661] › [AGENT2] tick=55 streaming=True len=907 stable=0
  [03:19:26.593] › [AGENT2] tick=60 streaming=True len=907 stable=0
  [03:19:39.383] › [AGENT2] tick=65 streaming=True len=907 stable=0
  [03:19:52.156] › [AGENT2] tick=70 streaming=True len=907 stable=0
  [03:19:52.157] ⚠ [AGENT2] Timed out — returning best capture.
  [03:19:52.158] → [AGENT2] Sending 1,053 chars …
  [03:19:52.165] › [AGENT2] Found input box via: rich-textarea div[contenteditable='true']
  [03:19:52.165] › [AGENT2] Typing 1053 chars …
  [03:19:52.629] › [AGENT2] Input verified: 1100 chars placed
  [03:19:53.300] › [AGENT2] Send clicked via JS: button.send-button
  [03:19:53.300] ✓ [AGENT2] Dispatched.
  [03:19:53.301] ← [AGENT2] Waiting for response …
  [03:19:53.306] › [AGENT2] Response blocks before send: 28
  [03:19:53.314] › [AGENT2] Streaming started.
  [03:20:06.064] › [AGENT2] tick=5 streaming=True len=907 stable=0
  [03:20:18.808] › [AGENT2] tick=10 streaming=True len=907 stable=0
  [03:20:31.569] › [AGENT2] tick=15 streaming=True len=907 stable=0
  [03:20:44.388] › [AGENT2] tick=20 streaming=True len=907 stable=0
  [03:20:57.150] › [AGENT2] tick=25 streaming=True len=907 stable=0
  [03:21:09.942] › [AGENT2] tick=30 streaming=True len=907 stable=0
  [03:21:22.707] › [AGENT2] tick=35 streaming=True len=907 stable=0
  [03:21:35.481] › [AGENT2] tick=40 streaming=True len=907 stable=0
  [03:21:48.266] › [AGENT2] tick=45 streaming=True len=907 stable=0
  [03:22:01.039] › [AGENT2] tick=50 streaming=True len=907 stable=0
  [03:22:13.807] › [AGENT2] tick=55 streaming=True len=907 stable=0
  [03:22:26.603] › [AGENT2] tick=60 streaming=True len=907 stable=0
  [03:22:39.373] › [AGENT2] tick=65 streaming=True len=907 stable=0
  [03:22:52.180] › [AGENT2] tick=70 streaming=True len=907 stable=0
  [03:22:54.736] ⚠ [AGENT2] Timed out — returning best capture.
  [03:22:54.736] ✓ [AGENT2] AGENT2 generated 0 candidate problems in cycle 7
  [03:22:54.795] → [AGENT3] Sending 481 chars …
  [03:22:55.445] › [AGENT3] Found input box via: rich-textarea div[contenteditable='true']
  [03:22:55.446] › [AGENT3] Typing 481 chars …
  [03:22:55.880] › [AGENT3] Input verified: 488 chars placed
  [03:22:56.688] › [AGENT3] Send clicked via JS: button[aria-label='Send message']
  [03:22:56.688] ✓ [AGENT3] Dispatched.
  [03:22:56.689] ← [AGENT3] Waiting for response …
  [03:22:56.952] › [AGENT3] Response blocks before send: 105
  [03:22:57.004] › [AGENT3] Streaming started.
  [03:23:07.991] › [AGENT3] Stable 1/4 (1,329 chars)
  [03:23:10.564] › [AGENT3] tick=5 streaming=False len=1329 stable=1
  [03:23:10.565] › [AGENT3] Stable 2/4 (1,329 chars)
  [03:23:13.133] › [AGENT3] Stable 3/4 (1,329 chars)
  [03:23:15.783] › [AGENT3] Stable 4/4 (1,329 chars)
  [03:23:15.785] ✓ [AGENT3] Response ready: 1,329 chars.
  [03:23:15.787] ✓ [AGENT3] AGENT3 generated 10 candidate problems in cycle 7
  [03:23:15.838] → [AGENT3] Sending 622 chars …
  [03:23:15.872] › [AGENT3] Found input box via: rich-textarea div[contenteditable='true']
  [03:23:15.872] › [AGENT3] Typing 622 chars …
  [03:23:16.304] › [AGENT3] Input verified: 639 chars placed
  [03:23:17.047] › [AGENT3] Send clicked via JS: button[aria-label='Send message']
  [03:23:17.047] ✓ [AGENT3] Dispatched.
  [03:23:17.048] ← [AGENT3] Waiting for response …
  [03:23:17.266] › [AGENT3] Response blocks before send: 106
  [03:23:17.350] › [AGENT3] Streaming started.
  [03:23:27.974] › [AGENT3] Stable 1/4 (830 chars)
  [03:23:30.566] › [AGENT3] tick=5 streaming=False len=830 stable=1
  [03:23:30.567] › [AGENT3] Stable 2/4 (830 chars)
  [03:23:33.155] › [AGENT3] Stable 3/4 (830 chars)
  [03:23:35.750] › [AGENT3] Stable 4/4 (830 chars)
  [03:23:35.751] ✓ [AGENT3] Response ready: 830 chars.
  [03:23:35.769] → [AGENT3] Sending 625 chars …
  [03:23:35.776] › [AGENT3] Found input box via: rich-textarea div[contenteditable='true']
  [03:23:35.776] › [AGENT3] Typing 625 chars …
  [03:23:36.357] › [AGENT3] Input verified: 642 chars placed
  [03:23:37.116] › [AGENT3] Send clicked via JS: button[aria-label='Send message']
  [03:23:37.116] ✓ [AGENT3] Dispatched.
  [03:23:37.117] ← [AGENT3] Waiting for response …
  [03:23:37.386] › [AGENT3] Response blocks before send: 107
  [03:23:37.436] › [AGENT3] Streaming started.
  [03:23:45.817] › [AGENT3] Stable 1/4 (802 chars)
  [03:23:48.414] › [AGENT3] Stable 2/4 (802 chars)
  [03:23:51.007] › [AGENT3] tick=5 streaming=False len=802 stable=2
  [03:23:51.007] › [AGENT3] Stable 3/4 (802 chars)
  [03:23:53.611] › [AGENT3] Stable 4/4 (802 chars)
  [03:23:53.612] ✓ [AGENT3] Response ready: 802 chars.
  [03:23:53.612] → [AGENT3] Sending 876 chars …
  [03:23:53.618] › [AGENT3] Found input box via: rich-textarea div[contenteditable='true']
  [03:23:53.618] › [AGENT3] Typing 876 chars …
  [03:23:54.305] › [AGENT3] Input verified: 919 chars placed
  [03:23:55.111] › [AGENT3] Send clicked via JS: button[aria-label='Send message']
  [03:23:55.111] ✓ [AGENT3] Dispatched.
  [03:23:55.112] ← [AGENT3] Waiting for response …
  [03:23:55.327] › [AGENT3] Response blocks before send: 108
  [03:23:55.386] › [AGENT3] Streaming started.
  [03:24:06.287] › [AGENT3] Stable 1/4 (757 chars)
  [03:24:08.876] › [AGENT3] tick=5 streaming=False len=757 stable=1
  [03:24:08.876] › [AGENT3] Stable 2/4 (757 chars)
  [03:24:11.470] › [AGENT3] Stable 3/4 (757 chars)
  [03:24:14.068] › [AGENT3] Stable 4/4 (757 chars)
  [03:24:14.068] ✓ [AGENT3] Response ready: 757 chars.
  [03:24:14.086] → [AGENT3] Sending 666 chars …
  [03:24:14.092] › [AGENT3] Found input box via: rich-textarea div[contenteditable='true']
  [03:24:14.092] › [AGENT3] Typing 666 chars …
  [03:24:14.648] › [AGENT3] Input verified: 683 chars placed
  [03:24:15.548] › [AGENT3] Send clicked via JS: button[aria-label='Send message']
  [03:24:15.548] ✓ [AGENT3] Dispatched.
  [03:24:15.550] ← [AGENT3] Waiting for response …
  [03:24:15.760] › [AGENT3] Response blocks before send: 109
  [03:24:15.779] › [AGENT3] Streaming started.
  [03:24:26.967] › [AGENT3] Stable 1/4 (1,273 chars)
  [03:24:29.609] › [AGENT3] tick=5 streaming=False len=1273 stable=1
  [03:24:29.609] › [AGENT3] Stable 2/4 (1,273 chars)
  [03:24:32.216] › [AGENT3] Stable 3/4 (1,273 chars)
  [03:24:34.822] › [AGENT3] Stable 4/4 (1,273 chars)
  [03:24:34.822] ✓ [AGENT3] Response ready: 1,273 chars.
  [03:24:34.823] → [AGENT3] Sending 1,347 chars …
  [03:24:34.829] › [AGENT3] Found input box via: rich-textarea div[contenteditable='true']
  [03:24:34.829] › [AGENT3] Typing 1347 chars …
  [03:24:35.629] › [AGENT3] Input verified: 1402 chars placed
  [03:24:36.396] › [AGENT3] Send clicked via JS: button[aria-label='Send message']
  [03:24:36.397] ✓ [AGENT3] Dispatched.
  [03:24:36.397] ← [AGENT3] Waiting for response …
  [03:24:36.627] › [AGENT3] Response blocks before send: 110
  [03:24:36.696] › [AGENT3] Streaming started.
  [03:24:47.643] › [AGENT3] Stable 1/4 (1,243 chars)
  [03:24:50.406] › [AGENT3] tick=5 streaming=False len=1243 stable=1
  [03:24:50.407] › [AGENT3] Stable 2/4 (1,243 chars)
  [03:24:53.058] › [AGENT3] Stable 3/4 (1,243 chars)
  [03:24:55.658] › [AGENT3] Stable 4/4 (1,243 chars)
  [03:24:55.658] ✓ [AGENT3] Response ready: 1,243 chars.
  [03:24:55.675] → [AGENT3] Sending 633 chars …
  [03:24:55.681] › [AGENT3] Found input box via: rich-textarea div[contenteditable='true']
  [03:24:55.681] › [AGENT3] Typing 633 chars …
  [03:24:56.168] › [AGENT3] Input verified: 650 chars placed
  [03:24:56.985] › [AGENT3] Send clicked via JS: button[aria-label='Send message']
  [03:24:56.986] ✓ [AGENT3] Dispatched.
  [03:24:56.986] ← [AGENT3] Waiting for response …
  [03:24:57.206] › [AGENT3] Response blocks before send: 111
  [03:24:57.263] › [AGENT3] Streaming started.
  [03:25:08.134] › [AGENT3] Stable 1/4 (1,033 chars)
  [03:25:10.730] › [AGENT3] tick=5 streaming=False len=1033 stable=1
  [03:25:10.730] › [AGENT3] Stable 2/4 (1,033 chars)
  [03:25:13.326] › [AGENT3] Stable 3/4 (1,033 chars)
  [03:25:15.944] › [AGENT3] Stable 4/4 (1,033 chars)
  [03:25:15.947] ✓ [AGENT3] Response ready: 1,033 chars.
  [03:25:15.948] → [AGENT3] Sending 1,107 chars …
  [03:25:15.954] › [AGENT3] Found input box via: rich-textarea div[contenteditable='true']
  [03:25:15.954] › [AGENT3] Typing 1107 chars …
  [03:25:16.767] › [AGENT3] Input verified: 1162 chars placed
  [03:25:17.526] › [AGENT3] Send clicked via JS: button[aria-label='Send message']
  [03:25:17.526] ✓ [AGENT3] Dispatched.
  [03:25:17.527] ← [AGENT3] Waiting for response …
  [03:25:17.787] › [AGENT3] Response blocks before send: 112
  [03:25:17.845] › [AGENT3] Streaming started.
  [03:25:29.877] › [AGENT3] Stable 1/4 (1,033 chars)
  [03:25:32.476] › [AGENT3] tick=5 streaming=False len=1033 stable=1
  [03:25:32.481] › [AGENT3] Stable 2/4 (1,033 chars)
  [03:25:35.072] › [AGENT3] Stable 3/4 (1,033 chars)
  [03:25:37.664] › [AGENT3] Stable 4/4 (1,033 chars)
  [03:25:37.664] ✓ [AGENT3] Response ready: 1,033 chars.
  [03:25:37.684] → [AGENT3] Sending 576 chars …
  [03:25:37.690] › [AGENT3] Found input box via: rich-textarea div[contenteditable='true']
  [03:25:37.691] › [AGENT3] Typing 576 chars …
  [03:25:38.213] › [AGENT3] Input verified: 593 chars placed
  [03:25:38.967] › [AGENT3] Send clicked via JS: button[aria-label='Send message']
  [03:25:38.967] ✓ [AGENT3] Dispatched.
  [03:25:38.968] ← [AGENT3] Waiting for response …
  [03:25:39.229] › [AGENT3] Response blocks before send: 113
  [03:25:39.296] › [AGENT3] Streaming started.
  [03:25:50.015] › [AGENT3] Stable 1/4 (839 chars)
  [03:25:52.606] › [AGENT3] tick=5 streaming=False len=839 stable=1
  [03:25:52.606] › [AGENT3] Stable 2/4 (839 chars)
  [03:25:55.203] › [AGENT3] Stable 3/4 (839 chars)
  [03:25:57.794] › [AGENT3] Stable 4/4 (839 chars)
  [03:25:57.794] ✓ [AGENT3] Response ready: 839 chars.
  [03:25:57.795] → [AGENT3] Sending 913 chars …
  [03:25:57.800] › [AGENT3] Found input box via: rich-textarea div[contenteditable='true']
  [03:25:57.800] › [AGENT3] Typing 913 chars …
  [03:25:58.428] › [AGENT3] Input verified: 957 chars placed
  [03:25:59.228] › [AGENT3] Send clicked via JS: button[aria-label='Send message']
  [03:25:59.228] ✓ [AGENT3] Dispatched.
  [03:25:59.229] ← [AGENT3] Waiting for response …
  [03:25:59.465] › [AGENT3] Response blocks before send: 114
  [03:25:59.514] › [AGENT3] Streaming started.
  [03:26:07.985] › [AGENT3] Stable 1/4 (839 chars)
  [03:26:10.577] › [AGENT3] Stable 2/4 (839 chars)
  [03:26:13.166] › [AGENT3] tick=5 streaming=False len=839 stable=2
  [03:26:13.166] › [AGENT3] Stable 3/4 (839 chars)
  [03:26:15.777] › [AGENT3] Stable 4/4 (839 chars)
  [03:26:15.777] ✓ [AGENT3] Response ready: 839 chars.
  [03:26:15.803] → [AGENT3] Sending 619 chars …
  [03:26:15.810] › [AGENT3] Found input box via: rich-textarea div[contenteditable='true']
  [03:26:15.810] › [AGENT3] Typing 619 chars …
  [03:26:16.477] › [AGENT3] Input verified: 636 chars placed
  [03:26:17.305] › [AGENT3] Send clicked via JS: button[aria-label='Send message']
  [03:26:17.305] ✓ [AGENT3] Dispatched.
  [03:26:17.306] ← [AGENT3] Waiting for response …
  [03:26:17.549] › [AGENT3] Response blocks before send: 115
  [03:26:17.680] › [AGENT3] Streaming started.
  [03:26:26.047] › [AGENT3] Stable 1/4 (798 chars)
  [03:26:28.645] › [AGENT3] Stable 2/4 (798 chars)
  [03:26:31.250] › [AGENT3] tick=5 streaming=False len=798 stable=2
  [03:26:31.250] › [AGENT3] Stable 3/4 (798 chars)
  [03:26:33.825] › [AGENT3] Stable 4/4 (798 chars)
  [03:26:33.826] ✓ [AGENT3] Response ready: 798 chars.
  [03:26:33.827] → [AGENT3] Sending 872 chars …
  [03:26:33.832] › [AGENT3] Found input box via: rich-textarea div[contenteditable='true']
  [03:26:33.832] › [AGENT3] Typing 872 chars …
  [03:26:34.485] › [AGENT3] Input verified: 914 chars placed
  [03:26:35.290] › [AGENT3] Send clicked via JS: button[aria-label='Send message']
  [03:26:35.290] ✓ [AGENT3] Dispatched.
  [03:26:35.291] ← [AGENT3] Waiting for response …
  [03:26:35.515] › [AGENT3] Response blocks before send: 116
  [03:26:35.575] › [AGENT3] Streaming started.
  [03:26:44.283] › [AGENT3] Stable 1/4 (798 chars)
  [03:26:46.868] › [AGENT3] Stable 2/4 (798 chars)
  [03:26:49.455] › [AGENT3] tick=5 streaming=False len=798 stable=2
  [03:26:49.455] › [AGENT3] Stable 3/4 (798 chars)
  [03:26:52.043] › [AGENT3] Stable 4/4 (798 chars)
  [03:26:52.043] ✓ [AGENT3] Response ready: 798 chars.
  [03:26:52.060] → [AGENT3] Sending 594 chars …
  [03:26:52.065] › [AGENT3] Found input box via: rich-textarea div[contenteditable='true']
  [03:26:52.065] › [AGENT3] Typing 594 chars …
  [03:26:52.601] › [AGENT3] Input verified: 611 chars placed
  [03:26:53.412] › [AGENT3] Send clicked via JS: button[aria-label='Send message']
  [03:26:53.412] ✓ [AGENT3] Dispatched.
  [03:26:53.413] ← [AGENT3] Waiting for response …
  [03:26:53.671] › [AGENT3] Response blocks before send: 117
  [03:26:53.730] › [AGENT3] Streaming started.
  [03:27:04.787] › [AGENT3] Stable 1/4 (984 chars)
  [03:27:07.395] › [AGENT3] tick=5 streaming=False len=984 stable=1
  [03:27:07.395] › [AGENT3] Stable 2/4 (984 chars)
  [03:27:09.992] › [AGENT3] Stable 3/4 (984 chars)
  [03:27:12.588] › [AGENT3] Stable 4/4 (984 chars)
  [03:27:12.589] ✓ [AGENT3] Response ready: 984 chars.
  [03:27:12.589] → [AGENT3] Sending 1,058 chars …
  [03:27:12.595] › [AGENT3] Found input box via: rich-textarea div[contenteditable='true']
  [03:27:12.595] › [AGENT3] Typing 1058 chars …
  [03:27:13.335] › [AGENT3] Input verified: 1114 chars placed
  [03:27:14.147] › [AGENT3] Send clicked via JS: button[aria-label='Send message']
  [03:27:14.148] ✓ [AGENT3] Dispatched.
  [03:27:14.149] ← [AGENT3] Waiting for response …
  [03:27:14.384] › [AGENT3] Response blocks before send: 118
  [03:27:14.440] › [AGENT3] Streaming started.
  [03:27:25.676] › [AGENT3] Stable 1/4 (984 chars)
  [03:27:28.276] › [AGENT3] tick=5 streaming=False len=984 stable=1
  [03:27:28.276] › [AGENT3] Stable 2/4 (984 chars)
  [03:27:30.878] › [AGENT3] Stable 3/4 (984 chars)
  [03:27:33.468] › [AGENT3] Stable 4/4 (984 chars)
  [03:27:33.468] ✓ [AGENT3] Response ready: 984 chars.
  [03:27:33.486] → [AGENT3] Sending 599 chars …
  [03:27:33.491] › [AGENT3] Found input box via: rich-textarea div[contenteditable='true']
  [03:27:33.491] › [AGENT3] Typing 599 chars …
  [03:27:34.018] › [AGENT3] Input verified: 616 chars placed
  [03:27:34.798] › [AGENT3] Send clicked via JS: button[aria-label='Send message']
  [03:27:34.798] ✓ [AGENT3] Dispatched.
  [03:27:34.799] ← [AGENT3] Waiting for response …
  [03:27:35.056] › [AGENT3] Response blocks before send: 119
  [03:27:35.090] › [AGENT3] Streaming started.
  [03:27:46.290] › [AGENT3] Stable 1/4 (979 chars)
  [03:27:48.872] › [AGENT3] tick=5 streaming=False len=979 stable=1
  [03:27:48.873] › [AGENT3] Stable 2/4 (979 chars)
  [03:27:51.463] › [AGENT3] Stable 3/4 (979 chars)
  [03:27:54.059] › [AGENT3] Stable 4/4 (979 chars)
  [03:27:54.060] ✓ [AGENT3] Response ready: 979 chars.
  [03:27:54.216] → [AGENT3] Sending 601 chars …
  [03:27:54.244] › [AGENT3] Found input box via: rich-textarea div[contenteditable='true']
  [03:27:54.245] › [AGENT3] Typing 601 chars …
  [03:27:54.757] › [AGENT3] Input verified: 618 chars placed
  [03:27:55.554] › [AGENT3] Send clicked via JS: button[aria-label='Send message']
  [03:27:55.555] ✓ [AGENT3] Dispatched.
  [03:27:55.556] ← [AGENT3] Waiting for response …
  [03:27:55.788] › [AGENT3] Response blocks before send: 120
  [03:27:55.859] › [AGENT3] Streaming started.
  [03:28:05.937] › [AGENT3] Stable 1/4 (901 chars)
  [03:28:08.528] › [AGENT3] Stable 2/4 (901 chars)
  [03:28:11.103] › [AGENT3] tick=5 streaming=False len=901 stable=2
  [03:28:11.104] › [AGENT3] Stable 3/4 (901 chars)
  [03:28:13.693] › [AGENT3] Stable 4/4 (901 chars)
  [03:28:13.693] ✓ [AGENT3] Response ready: 901 chars.
  [03:28:13.694] → [AGENT3] Sending 975 chars …
  [03:28:13.700] › [AGENT3] Found input box via: rich-textarea div[contenteditable='true']
  [03:28:13.700] › [AGENT3] Typing 975 chars …
  [03:28:14.392] › [AGENT3] Input verified: 1024 chars placed
  [03:28:15.141] › [AGENT3] Send clicked via JS: button[aria-label='Send message']
  [03:28:15.141] ✓ [AGENT3] Dispatched.
  [03:28:15.142] ← [AGENT3] Waiting for response …
  [03:28:15.512] › [AGENT3] Response blocks before send: 121
  [03:28:15.689] › [AGENT3] Streaming started.
  [03:28:24.184] › [AGENT3] Stable 1/4 (901 chars)
  [03:28:26.776] › [AGENT3] Stable 2/4 (901 chars)
  [03:28:29.343] › [AGENT3] tick=5 streaming=False len=901 stable=2
  [03:28:29.343] › [AGENT3] Stable 3/4 (901 chars)
  [03:28:31.934] › [AGENT3] Stable 4/4 (901 chars)
  [03:28:31.934] ✓ [AGENT3] Response ready: 901 chars.
  [03:28:31.951] → [AGENT3] Sending 602 chars …
  [03:28:31.957] › [AGENT3] Found input box via: rich-textarea div[contenteditable='true']
  [03:28:31.957] › [AGENT3] Typing 602 chars …
  [03:28:32.529] › [AGENT3] Input verified: 619 chars placed
  [03:28:33.398] › [AGENT3] Send clicked via JS: button[aria-label='Send message']
  [03:28:33.399] ✓ [AGENT3] Dispatched.
  [03:28:33.401] ← [AGENT3] Waiting for response …
  [03:28:33.709] › [AGENT3] Response blocks before send: 122
  [03:28:33.763] › [AGENT3] Streaming started.
  [03:28:42.416] › [AGENT3] Stable 1/4 (859 chars)
  [03:28:45.137] › [AGENT3] Stable 2/4 (859 chars)
  [03:28:47.732] › [AGENT3] tick=5 streaming=False len=859 stable=2
  [03:28:47.732] › [AGENT3] Stable 3/4 (859 chars)
  [03:28:50.323] › [AGENT3] Stable 4/4 (859 chars)
  [03:28:50.323] ✓ [AGENT3] Response ready: 859 chars.
  [03:28:50.324] → [AGENT3] Sending 933 chars …
  [03:28:50.330] › [AGENT3] Found input box via: rich-textarea div[contenteditable='true']
  [03:28:50.330] › [AGENT3] Typing 933 chars …
  [03:28:51.006] › [AGENT3] Input verified: 977 chars placed
  [03:28:51.846] › [AGENT3] Send clicked via JS: button[aria-label='Send message']
  [03:28:51.846] ✓ [AGENT3] Dispatched.
  [03:28:51.847] ← [AGENT3] Waiting for response …
  [03:28:52.074] › [AGENT3] Response blocks before send: 123
  [03:28:52.159] › [AGENT3] Streaming started.
  [03:29:00.865] › [AGENT3] Stable 1/4 (813 chars)
  [03:29:03.454] › [AGENT3] Stable 2/4 (813 chars)
  [03:29:06.041] › [AGENT3] tick=5 streaming=False len=813 stable=2
  [03:29:06.041] › [AGENT3] Stable 3/4 (813 chars)
  [03:29:08.983] › [AGENT3] Stable 4/4 (813 chars)
  [03:29:08.984] ✓ [AGENT3] Response ready: 813 chars.
  [03:29:09.016] → [AGENT4] Sending 481 chars …
  [03:29:09.325] › [AGENT4] Found input box via: rich-textarea div[contenteditable='true']
  [03:29:09.326] › [AGENT4] Typing 481 chars …
  [03:29:09.795] › [AGENT4] Input verified: 488 chars placed
  [03:29:10.492] › [AGENT4] Send clicked via JS: button.send-button
  [03:29:10.492] ✓ [AGENT4] Dispatched.
  [03:29:10.493] ← [AGENT4] Waiting for response …
  [03:29:10.503] › [AGENT4] Response blocks before send: 62
  [03:29:10.515] › [AGENT4] Streaming started.
  [03:29:23.378] › [AGENT4] tick=5 streaming=True len=965 stable=0
  [03:29:36.194] › [AGENT4] tick=10 streaming=True len=965 stable=0
  [03:29:48.996] › [AGENT4] tick=15 streaming=True len=965 stable=0
  [03:30:01.847] › [AGENT4] tick=20 streaming=True len=965 stable=0
  [03:30:14.672] › [AGENT4] tick=25 streaming=True len=965 stable=0
  [03:30:27.506] › [AGENT4] tick=30 streaming=True len=965 stable=0
  [03:30:40.317] › [AGENT4] tick=35 streaming=True len=965 stable=0
  [03:30:53.127] › [AGENT4] tick=40 streaming=True len=965 stable=0
  [03:31:05.953] › [AGENT4] tick=45 streaming=True len=965 stable=0
  [03:31:18.819] › [AGENT4] tick=50 streaming=True len=965 stable=0
  [03:31:32.049] › [AGENT4] tick=55 streaming=True len=965 stable=0
  [03:31:44.902] › [AGENT4] tick=60 streaming=True len=965 stable=0
  [03:31:57.732] › [AGENT4] tick=65 streaming=True len=965 stable=0
  [03:32:10.558] › [AGENT4] tick=70 streaming=True len=965 stable=0
  [03:32:10.559] ⚠ [AGENT4] Timed out — returning best capture.
  [03:32:10.560] → [AGENT4] Sending 1,111 chars …
  [03:32:10.568] › [AGENT4] Found input box via: rich-textarea div[contenteditable='true']
  [03:32:10.568] › [AGENT4] Typing 1111 chars …
  [03:32:11.189] › [AGENT4] Input verified: 1168 chars placed
  [03:32:11.870] › [AGENT4] Send clicked via JS: button.send-button
  [03:32:11.870] ✓ [AGENT4] Dispatched.
  [03:32:11.871] ← [AGENT4] Waiting for response …
  [03:32:11.879] › [AGENT4] Response blocks before send: 62
  [03:32:11.887] › [AGENT4] Streaming started.
  [03:32:24.692] › [AGENT4] tick=5 streaming=True len=965 stable=0
  [03:32:37.500] › [AGENT4] tick=10 streaming=True len=965 stable=0
  [03:32:50.316] › [AGENT4] tick=15 streaming=True len=965 stable=0
  [03:33:03.180] › [AGENT4] tick=20 streaming=True len=965 stable=0
  [03:33:16.040] › [AGENT4] tick=25 streaming=True len=965 stable=0
  [03:33:28.885] › [AGENT4] tick=30 streaming=True len=965 stable=0
  [03:33:42.166] › [AGENT4] tick=35 streaming=True len=965 stable=0
  [03:33:55.008] › [AGENT4] tick=40 streaming=True len=965 stable=0
  [03:34:07.876] › [AGENT4] tick=45 streaming=True len=965 stable=0
  [03:34:20.728] › [AGENT4] tick=50 streaming=True len=965 stable=0
  [03:34:33.530] › [AGENT4] tick=55 streaming=True len=965 stable=0
  [03:34:46.343] › [AGENT4] tick=60 streaming=True len=965 stable=0
  [03:34:59.172] › [AGENT4] tick=65 streaming=True len=965 stable=0
  [03:35:11.977] › [AGENT4] tick=70 streaming=True len=965 stable=0
  [03:35:11.979] ⚠ [AGENT4] Timed out — returning best capture.
  [03:35:11.980] ✓ [AGENT4] AGENT4 generated 0 candidate problems in cycle 7
  [03:35:12.005] → [AGENT1] Sending 481 chars …
  [03:35:12.462] › [AGENT1] Found input box via: rich-textarea div[contenteditable='true']
  [03:35:12.462] › [AGENT1] Typing 481 chars …
  [03:35:12.859] › [AGENT1] Input verified: 488 chars placed
  [03:35:13.560] › [AGENT1] Send clicked via JS: button.send-button
  [03:35:13.560] ✓ [AGENT1] Dispatched.
  [03:35:13.561] ← [AGENT1] Waiting for response …
  [03:35:13.570] › [AGENT1] Response blocks before send: 41
  [03:35:13.583] › [AGENT1] Streaming started.
  [03:35:26.444] › [AGENT1] tick=5 streaming=True len=751 stable=0
  [03:35:39.207] › [AGENT1] tick=10 streaming=True len=751 stable=0
  [03:35:51.991] › [AGENT1] tick=15 streaming=True len=751 stable=0
  [03:36:04.807] › [AGENT1] tick=20 streaming=True len=751 stable=0
  [03:36:17.609] › [AGENT1] tick=25 streaming=True len=751 stable=0
  [03:36:30.403] › [AGENT1] tick=30 streaming=True len=751 stable=0
  [03:36:43.198] › [AGENT1] tick=35 streaming=True len=751 stable=0
  [03:36:55.991] › [AGENT1] tick=40 streaming=True len=751 stable=0
  [03:37:08.799] › [AGENT1] tick=45 streaming=True len=751 stable=0
  [03:37:21.574] › [AGENT1] tick=50 streaming=True len=751 stable=0
  [03:37:34.452] › [AGENT1] tick=55 streaming=True len=751 stable=0
  [03:37:47.241] › [AGENT1] tick=60 streaming=True len=751 stable=0
  [03:38:00.099] › [AGENT1] tick=65 streaming=True len=751 stable=0
  [03:38:12.884] › [AGENT1] tick=70 streaming=True len=751 stable=0
  [03:38:15.458] ⚠ [AGENT1] Timed out — returning best capture.
  [03:38:15.464] → [AGENT1] Sending 897 chars …
  [03:38:15.475] › [AGENT1] Found input box via: rich-textarea div[contenteditable='true']
  [03:38:15.476] › [AGENT1] Typing 897 chars …
  [03:38:16.041] › [AGENT1] Input verified: 938 chars placed
  [03:38:16.731] › [AGENT1] Send clicked via JS: button.send-button
  [03:38:16.731] ✓ [AGENT1] Dispatched.
  [03:38:16.732] ← [AGENT1] Waiting for response …
  [03:38:16.738] › [AGENT1] Response blocks before send: 41
  [03:38:16.746] › [AGENT1] Streaming started.
  [03:38:29.575] › [AGENT1] tick=5 streaming=True len=751 stable=0
  [03:38:42.406] › [AGENT1] tick=10 streaming=True len=751 stable=0
  [03:38:55.215] › [AGENT1] tick=15 streaming=True len=751 stable=0
  [03:39:08.066] › [AGENT1] tick=20 streaming=True len=751 stable=0
  [03:39:20.883] › [AGENT1] tick=25 streaming=True len=751 stable=0
  [03:39:33.750] › [AGENT1] tick=30 streaming=True len=751 stable=0
  [03:39:46.526] › [AGENT1] tick=35 streaming=True len=751 stable=0
  [03:39:59.357] › [AGENT1] tick=40 streaming=True len=751 stable=0
  [03:40:12.130] › [AGENT1] tick=45 streaming=True len=751 stable=0
  [03:40:24.994] › [AGENT1] tick=50 streaming=True len=751 stable=0
  [03:40:37.786] › [AGENT1] tick=55 streaming=True len=751 stable=0
  [03:40:51.043] › [AGENT1] tick=60 streaming=True len=751 stable=0
  [03:41:03.836] › [AGENT1] tick=65 streaming=True len=751 stable=0
  [03:41:16.698] › [AGENT1] tick=70 streaming=True len=751 stable=0
  [03:41:19.248] ⚠ [AGENT1] Timed out — returning best capture.
  [03:41:19.248] ✓ [AGENT1] AGENT1 generated 0 candidate problems in cycle 8
  [03:41:19.280] → [AGENT2] Sending 481 chars …
  [03:41:19.431] › [AGENT2] Found input box via: rich-textarea div[contenteditable='true']
  [03:41:19.431] › [AGENT2] Typing 481 chars …
  [03:41:19.816] › [AGENT2] Input verified: 488 chars placed
  [03:41:20.499] › [AGENT2] Send clicked via JS: button.send-button
  [03:41:20.499] ✓ [AGENT2] Dispatched.
  [03:41:20.500] ← [AGENT2] Waiting for response …
  [03:41:20.508] › [AGENT2] Response blocks before send: 28
  [03:41:20.522] › [AGENT2] Streaming started.
  [03:41:33.290] › [AGENT2] tick=5 streaming=True len=907 stable=0
  [03:41:46.083] › [AGENT2] tick=10 streaming=True len=907 stable=0
  [03:41:58.862] › [AGENT2] tick=15 streaming=True len=907 stable=0
  [03:42:11.627] › [AGENT2] tick=20 streaming=True len=907 stable=0
  [03:42:24.405] › [AGENT2] tick=25 streaming=True len=907 stable=0
  [03:42:37.155] › [AGENT2] tick=30 streaming=True len=907 stable=0
  [03:42:49.911] › [AGENT2] tick=35 streaming=True len=907 stable=0
  [03:43:02.774] › [AGENT2] tick=40 streaming=True len=907 stable=0
  [03:43:15.531] › [AGENT2] tick=45 streaming=True len=907 stable=0
  [03:43:28.268] › [AGENT2] tick=50 streaming=True len=907 stable=0
  [03:43:41.078] › [AGENT2] tick=55 streaming=True len=907 stable=0
  [03:43:53.853] › [AGENT2] tick=60 streaming=True len=907 stable=0
  [03:44:06.663] › [AGENT2] tick=65 streaming=True len=907 stable=0
  [03:44:19.454] › [AGENT2] tick=70 streaming=True len=907 stable=0
  [03:44:22.017] ⚠ [AGENT2] Timed out — returning best capture.
  [03:44:22.018] → [AGENT2] Sending 1,053 chars …
  [03:44:22.027] › [AGENT2] Found input box via: rich-textarea div[contenteditable='true']
  [03:44:22.027] › [AGENT2] Typing 1053 chars …
  [03:44:22.542] › [AGENT2] Input verified: 1100 chars placed
  [03:44:23.220] › [AGENT2] Send clicked via JS: button.send-button
  [03:44:23.220] ✓ [AGENT2] Dispatched.
  [03:44:23.221] ← [AGENT2] Waiting for response …
  [03:44:23.227] › [AGENT2] Response blocks before send: 28
  [03:44:23.236] › [AGENT2] Streaming started.
  [03:44:36.003] › [AGENT2] tick=5 streaming=True len=907 stable=0
  [03:44:48.787] › [AGENT2] tick=10 streaming=True len=907 stable=0
  [03:45:01.543] › [AGENT2] tick=15 streaming=True len=907 stable=0
  [03:45:14.310] › [AGENT2] tick=20 streaming=True len=907 stable=0
  [03:45:27.088] › [AGENT2] tick=25 streaming=True len=907 stable=0
  [03:45:39.807] › [AGENT2] tick=30 streaming=True len=907 stable=0
  [03:45:52.572] › [AGENT2] tick=35 streaming=True len=907 stable=0
  [03:46:05.344] › [AGENT2] tick=40 streaming=True len=907 stable=0
  [03:46:18.130] › [AGENT2] tick=45 streaming=True len=907 stable=0
  [03:46:30.928] › [AGENT2] tick=50 streaming=True len=907 stable=0
  [03:46:43.682] › [AGENT2] tick=55 streaming=True len=907 stable=0
  [03:46:56.447] › [AGENT2] tick=60 streaming=True len=907 stable=0
  [03:47:09.207] › [AGENT2] tick=65 streaming=True len=907 stable=0
  [03:47:21.993] › [AGENT2] tick=70 streaming=True len=907 stable=0
  [03:47:24.548] ⚠ [AGENT2] Timed out — returning best capture.
  [03:47:24.549] ✓ [AGENT2] AGENT2 generated 0 candidate problems in cycle 8
  [03:47:24.566] → [AGENT3] Sending 481 chars …
  [03:47:25.116] › [AGENT3] Found input box via: rich-textarea div[contenteditable='true']
  [03:47:25.117] › [AGENT3] Typing 481 chars …
  [03:47:25.617] › [AGENT3] Input verified: 488 chars placed
  [03:47:26.376] › [AGENT3] Send clicked via JS: button[aria-label='Send message']
  [03:47:26.376] ✓ [AGENT3] Dispatched.
  [03:47:26.377] ← [AGENT3] Waiting for response …
  [03:47:26.650] › [AGENT3] Response blocks before send: 124
  [03:47:26.699] › [AGENT3] Streaming started.
  [03:47:37.896] › [AGENT3] Stable 1/4 (1,367 chars)
  [03:47:40.455] › [AGENT3] tick=5 streaming=False len=1367 stable=1
  [03:47:40.456] › [AGENT3] Stable 2/4 (1,367 chars)
  [03:47:43.047] › [AGENT3] Stable 3/4 (1,367 chars)
  [03:47:45.621] › [AGENT3] Stable 4/4 (1,367 chars)
  [03:47:45.621] ✓ [AGENT3] Response ready: 1,367 chars.
  [03:47:45.622] ✓ [AGENT3] AGENT3 generated 10 candidate problems in cycle 8
  [03:47:45.622] → [AGENT3] Sending 627 chars …
  [03:47:45.629] › [AGENT3] Found input box via: rich-textarea div[contenteditable='true']
  [03:47:45.629] › [AGENT3] Typing 627 chars …
  [03:47:46.150] › [AGENT3] Input verified: 644 chars placed
  [03:47:46.943] › [AGENT3] Send clicked via JS: button[aria-label='Send message']
  [03:47:46.944] ✓ [AGENT3] Dispatched.
  [03:47:46.944] ← [AGENT3] Waiting for response …
  [03:47:47.189] › [AGENT3] Response blocks before send: 125
  [03:47:47.243] › [AGENT3] Streaming started.
  [03:47:55.615] › [AGENT3] Stable 1/4 (807 chars)
  [03:47:58.201] › [AGENT3] Stable 2/4 (807 chars)
  [03:48:00.789] › [AGENT3] tick=5 streaming=False len=807 stable=2
  [03:48:00.789] › [AGENT3] Stable 3/4 (807 chars)
  [03:48:03.363] › [AGENT3] Stable 4/4 (807 chars)
  [03:48:03.364] ✓ [AGENT3] Response ready: 807 chars.
  [03:48:03.467] → [AGENT3] Sending 611 chars …
  [03:48:03.479] › [AGENT3] Found input box via: rich-textarea div[contenteditable='true']
  [03:48:03.479] › [AGENT3] Typing 611 chars …
  [03:48:04.012] › [AGENT3] Input verified: 628 chars placed
  [03:48:04.846] › [AGENT3] Send clicked via JS: button[aria-label='Send message']
  [03:48:04.846] ✓ [AGENT3] Dispatched.
  [03:48:04.847] ← [AGENT3] Waiting for response …
  [03:48:05.100] › [AGENT3] Response blocks before send: 126
  [03:48:05.146] › [AGENT3] Streaming started.
  [03:48:16.533] › [AGENT3] Stable 1/4 (1,008 chars)
  [03:48:19.161] › [AGENT3] tick=5 streaming=False len=1008 stable=1
  [03:48:19.161] › [AGENT3] Stable 2/4 (1,008 chars)
  [03:48:21.744] › [AGENT3] Stable 3/4 (1,008 chars)
  [03:48:24.334] › [AGENT3] Stable 4/4 (1,008 chars)
  [03:48:24.335] ✓ [AGENT3] Response ready: 1,008 chars.
  [03:48:24.336] → [AGENT3] Sending 1,082 chars …
  [03:48:24.341] › [AGENT3] Found input box via: rich-textarea div[contenteditable='true']
  [03:48:24.341] › [AGENT3] Typing 1082 chars …
  [03:48:25.075] › [AGENT3] Input verified: 1138 chars placed
  [03:48:25.917] › [AGENT3] Send clicked via JS: button[aria-label='Send message']
  [03:48:25.917] ✓ [AGENT3] Dispatched.
  [03:48:25.918] ← [AGENT3] Waiting for response …
  [03:48:26.147] › [AGENT3] Response blocks before send: 127
  [03:48:26.185] › [AGENT3] Streaming started.
  [03:48:37.597] › [AGENT3] Stable 1/4 (1,006 chars)
  [03:48:40.198] › [AGENT3] tick=5 streaming=False len=1006 stable=1
  [03:48:40.198] › [AGENT3] Stable 2/4 (1,006 chars)
  [03:48:42.791] › [AGENT3] Stable 3/4 (1,006 chars)
  [03:48:45.395] › [AGENT3] Stable 4/4 (1,006 chars)
  [03:48:45.395] ✓ [AGENT3] Response ready: 1,006 chars.
  [03:48:45.412] → [AGENT3] Sending 626 chars …
  [03:48:45.418] › [AGENT3] Found input box via: rich-textarea div[contenteditable='true']
  [03:48:45.418] › [AGENT3] Typing 626 chars …
  [03:48:45.990] › [AGENT3] Input verified: 643 chars placed
  [03:48:46.832] › [AGENT3] Send clicked via JS: button[aria-label='Send message']
  [03:48:46.832] ✓ [AGENT3] Dispatched.
  [03:48:46.833] ← [AGENT3] Waiting for response …
  [03:48:47.089] › [AGENT3] Response blocks before send: 128
  [03:48:47.115] › [AGENT3] Streaming started.
  [03:48:58.405] › [AGENT3] Stable 1/4 (828 chars)
  [03:49:01.003] › [AGENT3] tick=5 streaming=False len=828 stable=1
  [03:49:01.003] › [AGENT3] Stable 2/4 (828 chars)
  [03:49:03.604] › [AGENT3] Stable 3/4 (828 chars)
  [03:49:06.199] › [AGENT3] Stable 4/4 (828 chars)
  [03:49:06.200] ✓ [AGENT3] Response ready: 828 chars.
  [03:49:06.201] → [AGENT3] Sending 902 chars …
  [03:49:06.206] › [AGENT3] Found input box via: rich-textarea div[contenteditable='true']
  [03:49:06.206] › [AGENT3] Typing 902 chars …
  [03:49:06.917] › [AGENT3] Input verified: 944 chars placed
  [03:49:07.721] › [AGENT3] Send clicked via JS: button[aria-label='Send message']
  [03:49:07.721] ✓ [AGENT3] Dispatched.
  [03:49:07.722] ← [AGENT3] Waiting for response …
  [03:49:07.997] › [AGENT3] Response blocks before send: 129
  [03:49:08.029] › [AGENT3] Streaming started.
  [03:49:16.570] › [AGENT3] Stable 1/4 (828 chars)
  [03:49:19.190] › [AGENT3] Stable 2/4 (828 chars)
  [03:49:21.777] › [AGENT3] tick=5 streaming=False len=828 stable=2
  [03:49:21.778] › [AGENT3] Stable 3/4 (828 chars)
  [03:49:24.387] › [AGENT3] Stable 4/4 (828 chars)
  [03:49:24.387] ✓ [AGENT3] Response ready: 828 chars.
  [03:49:24.405] → [AGENT3] Sending 579 chars …
  [03:49:24.411] › [AGENT3] Found input box via: rich-textarea div[contenteditable='true']
  [03:49:24.411] › [AGENT3] Typing 579 chars …
  [03:49:25.039] › [AGENT3] Input verified: 596 chars placed
  [03:49:25.860] › [AGENT3] Send clicked via JS: button[aria-label='Send message']
  [03:49:25.861] ✓ [AGENT3] Dispatched.
  [03:49:25.862] ← [AGENT3] Waiting for response …
  [03:49:26.113] › [AGENT3] Response blocks before send: 130
  [03:49:26.161] › [AGENT3] Streaming started.
  [03:49:37.446] › [AGENT3] Stable 1/4 (979 chars)
  [03:49:40.047] › [AGENT3] tick=5 streaming=False len=979 stable=1
  [03:49:40.048] › [AGENT3] Stable 2/4 (979 chars)
  [03:49:42.647] › [AGENT3] Stable 3/4 (979 chars)
  [03:49:45.324] › [AGENT3] Stable 4/4 (979 chars)
  [03:49:45.324] ✓ [AGENT3] Response ready: 979 chars.
  [03:49:45.374] → [AGENT3] Sending 1,053 chars …
  [03:49:45.417] › [AGENT3] Found input box via: rich-textarea div[contenteditable='true']
  [03:49:45.417] › [AGENT3] Typing 1053 chars …
  [03:49:46.108] › [AGENT3] Input verified: 1102 chars placed
  [03:49:46.966] › [AGENT3] Send clicked via JS: button[aria-label='Send message']
  [03:49:46.967] ✓ [AGENT3] Dispatched.
  [03:49:46.968] ← [AGENT3] Waiting for response …
  [03:49:47.207] › [AGENT3] Response blocks before send: 131
  [03:49:47.265] › [AGENT3] Streaming started.
  [03:49:58.749] › [AGENT3] Stable 1/4 (979 chars)
  [03:50:01.355] › [AGENT3] tick=5 streaming=False len=979 stable=1
  [03:50:01.356] › [AGENT3] Stable 2/4 (979 chars)
  [03:50:04.242] › [AGENT3] Stable 3/4 (979 chars)
  [03:50:06.839] › [AGENT3] Stable 4/4 (979 chars)
  [03:50:06.839] ✓ [AGENT3] Response ready: 979 chars.
  [03:50:06.857] → [AGENT3] Sending 633 chars …
  [03:50:06.863] › [AGENT3] Found input box via: rich-textarea div[contenteditable='true']
  [03:50:06.863] › [AGENT3] Typing 633 chars …
  [03:50:07.398] › [AGENT3] Input verified: 650 chars placed
  [03:50:08.206] › [AGENT3] Send clicked via JS: button[aria-label='Send message']
  [03:50:08.206] ✓ [AGENT3] Dispatched.
  [03:50:08.207] ← [AGENT3] Waiting for response …
  [03:50:08.498] › [AGENT3] Response blocks before send: 132
  [03:50:08.532] › [AGENT3] Streaming started.
  [03:50:19.590] › [AGENT3] Stable 1/4 (1,098 chars)
  [03:50:22.189] › [AGENT3] tick=5 streaming=False len=1098 stable=1
  [03:50:22.190] › [AGENT3] Stable 2/4 (1,098 chars)
  [03:50:24.780] › [AGENT3] Stable 3/4 (1,098 chars)
  [03:50:27.377] › [AGENT3] Stable 4/4 (1,098 chars)
  [03:50:27.377] ✓ [AGENT3] Response ready: 1,098 chars.
  [03:50:27.378] → [AGENT3] Sending 1,172 chars …
  [03:50:27.384] › [AGENT3] Found input box via: rich-textarea div[contenteditable='true']
  [03:50:27.384] › [AGENT3] Typing 1172 chars …
  [03:50:28.219] › [AGENT3] Input verified: 1226 chars placed
  [03:50:29.005] › [AGENT3] Send clicked via JS: button[aria-label='Send message']
  [03:50:29.005] ✓ [AGENT3] Dispatched.
  [03:50:29.006] ← [AGENT3] Waiting for response …
  [03:50:29.254] › [AGENT3] Response blocks before send: 133
  [03:50:29.333] › [AGENT3] Streaming started.
  [03:50:40.732] › [AGENT3] Stable 1/4 (1,098 chars)
  [03:50:43.320] › [AGENT3] tick=5 streaming=False len=1098 stable=1
  [03:50:43.320] › [AGENT3] Stable 2/4 (1,098 chars)
  [03:50:45.920] › [AGENT3] Stable 3/4 (1,098 chars)
  [03:50:48.519] › [AGENT3] Stable 4/4 (1,098 chars)
  [03:50:48.519] ✓ [AGENT3] Response ready: 1,098 chars.
  [03:50:48.539] → [AGENT3] Sending 628 chars …
  [03:50:48.545] › [AGENT3] Found input box via: rich-textarea div[contenteditable='true']
  [03:50:48.545] › [AGENT3] Typing 628 chars …
  [03:50:49.146] › [AGENT3] Input verified: 645 chars placed
  [03:50:50.013] › [AGENT3] Send clicked via JS: button[aria-label='Send message']
  [03:50:50.013] ✓ [AGENT3] Dispatched.
  [03:50:50.014] ← [AGENT3] Waiting for response …
  [03:50:50.285] › [AGENT3] Response blocks before send: 134
  [03:50:50.481] › [AGENT3] Streaming started.
  [03:51:01.810] › [AGENT3] Stable 1/4 (1,080 chars)
  [03:51:04.414] › [AGENT3] tick=5 streaming=False len=1080 stable=1
  [03:51:04.414] › [AGENT3] Stable 2/4 (1,080 chars)
  [03:51:07.016] › [AGENT3] Stable 3/4 (1,080 chars)
  [03:51:09.622] › [AGENT3] Stable 4/4 (1,080 chars)
  [03:51:09.625] ✓ [AGENT3] Response ready: 1,080 chars.
  [03:51:09.672] → [AGENT3] Sending 1,154 chars …
  [03:51:09.735] › [AGENT3] Found input box via: rich-textarea div[contenteditable='true']
  [03:51:09.736] › [AGENT3] Typing 1154 chars …
  [03:51:10.514] › [AGENT3] Input verified: 1211 chars placed
  [03:51:11.345] › [AGENT3] Send clicked via JS: button[aria-label='Send message']
  [03:51:11.345] ✓ [AGENT3] Dispatched.
  [03:51:11.346] ← [AGENT3] Waiting for response …
  [03:51:11.591] › [AGENT3] Response blocks before send: 135
  [03:51:11.648] › [AGENT3] Streaming started.
  [03:51:20.907] › [AGENT3] Stable 1/4 (1,080 chars)
  [03:51:23.512] › [AGENT3] Stable 2/4 (1,080 chars)
  [03:51:26.120] › [AGENT3] tick=5 streaming=False len=1080 stable=2
  [03:51:26.120] › [AGENT3] Stable 3/4 (1,080 chars)
  [03:51:28.723] › [AGENT3] Stable 4/4 (1,080 chars)
  [03:51:28.723] ✓ [AGENT3] Response ready: 1,080 chars.
  [03:51:28.743] → [AGENT3] Sending 599 chars …
  [03:51:28.749] › [AGENT3] Found input box via: rich-textarea div[contenteditable='true']
  [03:51:28.749] › [AGENT3] Typing 599 chars …
  [03:51:29.387] › [AGENT3] Input verified: 616 chars placed
  [03:51:30.271] › [AGENT3] Send clicked via JS: button[aria-label='Send message']
  [03:51:30.272] ✓ [AGENT3] Dispatched.
  [03:51:30.273] ← [AGENT3] Waiting for response …
  [03:51:30.528] › [AGENT3] Response blocks before send: 136
  [03:51:30.564] › [AGENT3] Streaming started.
  [03:51:38.962] › [AGENT3] Stable 1/4 (759 chars)
  [03:51:41.562] › [AGENT3] Stable 2/4 (759 chars)
  [03:51:44.160] › [AGENT3] tick=5 streaming=False len=759 stable=2
  [03:51:44.161] › [AGENT3] Stable 3/4 (759 chars)
  [03:51:46.753] › [AGENT3] Stable 4/4 (759 chars)
  [03:51:46.754] ✓ [AGENT3] Response ready: 759 chars.
  [03:51:46.765] → [AGENT3] Sending 833 chars …
  [03:51:46.859] › [AGENT3] Found input box via: rich-textarea div[contenteditable='true']
  [03:51:46.860] › [AGENT3] Typing 833 chars …
  [03:51:47.594] › [AGENT3] Input verified: 875 chars placed
  [03:51:48.444] › [AGENT3] Send clicked via JS: button[aria-label='Send message']
  [03:51:48.444] ✓ [AGENT3] Dispatched.
  [03:51:48.445] ← [AGENT3] Waiting for response …
  [03:51:48.697] › [AGENT3] Response blocks before send: 137
  [03:51:48.779] › [AGENT3] Streaming started.
  [03:51:57.345] › [AGENT3] Stable 1/4 (759 chars)
  [03:51:59.937] › [AGENT3] Stable 2/4 (759 chars)
  [03:52:02.530] › [AGENT3] tick=5 streaming=False len=759 stable=2
  [03:52:02.530] › [AGENT3] Stable 3/4 (759 chars)
  [03:52:05.308] › [AGENT3] Stable 4/4 (759 chars)
  [03:52:05.309] ✓ [AGENT3] Response ready: 759 chars.
  [03:52:05.328] → [AGENT3] Sending 633 chars …
  [03:52:05.334] › [AGENT3] Found input box via: rich-textarea div[contenteditable='true']
  [03:52:05.334] › [AGENT3] Typing 633 chars …
  [03:52:05.869] › [AGENT3] Input verified: 650 chars placed
  [03:52:06.733] › [AGENT3] Send clicked via JS: button[aria-label='Send message']
  [03:52:06.734] ✓ [AGENT3] Dispatched.
  [03:52:06.735] ← [AGENT3] Waiting for response …
  [03:52:06.989] › [AGENT3] Response blocks before send: 138
  [03:52:07.032] › [AGENT3] Streaming started.
  [03:52:18.468] › [AGENT3] Stable 1/4 (995 chars)
  [03:52:21.082] › [AGENT3] tick=5 streaming=False len=995 stable=1
  [03:52:21.082] › [AGENT3] Stable 2/4 (995 chars)
  [03:52:23.702] › [AGENT3] Stable 3/4 (995 chars)
  [03:52:26.294] › [AGENT3] Stable 4/4 (995 chars)
  [03:52:26.295] ✓ [AGENT3] Response ready: 995 chars.
  [03:52:26.296] → [AGENT3] Sending 1,069 chars …
  [03:52:26.301] › [AGENT3] Found input box via: rich-textarea div[contenteditable='true']
  [03:52:26.302] › [AGENT3] Typing 1069 chars …
  [03:52:27.138] › [AGENT3] Input verified: 1123 chars placed
  [03:52:28.000] › [AGENT3] Send clicked via JS: button[aria-label='Send message']
  [03:52:28.000] ✓ [AGENT3] Dispatched.
  [03:52:28.001] ← [AGENT3] Waiting for response …
  [03:52:28.238] › [AGENT3] Response blocks before send: 139
  [03:52:28.288] › [AGENT3] Streaming started.
  [03:52:39.710] › [AGENT3] Stable 1/4 (995 chars)
  [03:52:42.291] › [AGENT3] tick=5 streaming=False len=995 stable=1
  [03:52:42.291] › [AGENT3] Stable 2/4 (995 chars)
  [03:52:44.906] › [AGENT3] Stable 3/4 (995 chars)
  [03:52:47.506] › [AGENT3] Stable 4/4 (995 chars)
  [03:52:47.506] ✓ [AGENT3] Response ready: 995 chars.
  [03:52:47.527] → [AGENT3] Sending 623 chars …
  [03:52:47.533] › [AGENT3] Found input box via: rich-textarea div[contenteditable='true']
  [03:52:47.533] › [AGENT3] Typing 623 chars …
  [03:52:48.118] › [AGENT3] Input verified: 640 chars placed
  [03:52:49.034] › [AGENT3] Send clicked via JS: button[aria-label='Send message']
  [03:52:49.035] ✓ [AGENT3] Dispatched.
  [03:52:49.036] ← [AGENT3] Waiting for response …
  [03:52:49.310] › [AGENT3] Response blocks before send: 140
  [03:52:49.364] › [AGENT3] Streaming started.
  [03:52:58.187] › [AGENT3] Stable 1/4 (809 chars)
  [03:53:00.783] › [AGENT3] Stable 2/4 (809 chars)
  [03:53:03.387] › [AGENT3] tick=5 streaming=False len=809 stable=2
  [03:53:03.387] › [AGENT3] Stable 3/4 (809 chars)
  [03:53:05.993] › [AGENT3] Stable 4/4 (809 chars)
  [03:53:05.994] ✓ [AGENT3] Response ready: 809 chars.
  [03:53:05.994] → [AGENT3] Sending 883 chars …
  [03:53:06.001] › [AGENT3] Found input box via: rich-textarea div[contenteditable='true']
  [03:53:06.001] › [AGENT3] Typing 883 chars …
  [03:53:06.827] › [AGENT3] Input verified: 925 chars placed
  [03:53:07.695] › [AGENT3] Send clicked via JS: button[aria-label='Send message']
  [03:53:07.695] ✓ [AGENT3] Dispatched.
  [03:53:07.696] ← [AGENT3] Waiting for response …
  [03:53:07.953] › [AGENT3] Response blocks before send: 141
  [03:53:07.980] › [AGENT3] Streaming started.
  [03:53:16.433] › [AGENT3] Stable 1/4 (809 chars)
  [03:53:19.040] › [AGENT3] Stable 2/4 (809 chars)
  [03:53:21.628] › [AGENT3] tick=5 streaming=False len=809 stable=2
  [03:53:21.629] › [AGENT3] Stable 3/4 (809 chars)
  [03:53:24.228] › [AGENT3] Stable 4/4 (809 chars)
  [03:53:24.229] ✓ [AGENT3] Response ready: 809 chars.
  [03:53:24.246] → [AGENT3] Sending 616 chars …
  [03:53:24.253] › [AGENT3] Found input box via: rich-textarea div[contenteditable='true']
  [03:53:24.253] › [AGENT3] Typing 616 chars …
  [03:53:24.918] › [AGENT3] Input verified: 633 chars placed
  [03:53:25.777] › [AGENT3] Send clicked via JS: button[aria-label='Send message']
  [03:53:25.777] ✓ [AGENT3] Dispatched.
  [03:53:25.778] ← [AGENT3] Waiting for response …
  [03:53:26.036] › [AGENT3] Response blocks before send: 142
  [03:53:26.286] › [AGENT3] Streaming started.
  [03:53:35.446] › [AGENT3] Stable 1/4 (1,046 chars)
  [03:53:38.057] › [AGENT3] Stable 2/4 (1,046 chars)
  [03:53:40.666] › [AGENT3] tick=5 streaming=False len=1046 stable=2
  [03:53:40.666] › [AGENT3] Stable 3/4 (1,046 chars)
  [03:53:43.291] › [AGENT3] Stable 4/4 (1,046 chars)
  [03:53:43.291] ✓ [AGENT3] Response ready: 1,046 chars.
  [03:53:43.292] → [AGENT3] Sending 1,120 chars …
  [03:53:43.299] › [AGENT3] Found input box via: rich-textarea div[contenteditable='true']
  [03:53:43.299] › [AGENT3] Typing 1120 chars …
  [03:53:44.135] › [AGENT3] Input verified: 1181 chars placed
  [03:53:44.999] › [AGENT3] Send clicked via JS: button[aria-label='Send message']
  [03:53:44.999] ✓ [AGENT3] Dispatched.
  [03:53:45.000] ← [AGENT3] Waiting for response …
  [03:53:45.283] › [AGENT3] Response blocks before send: 143
  [03:53:45.344] › [AGENT3] Streaming started.
  [03:53:54.717] › [AGENT3] Stable 1/4 (1,046 chars)
  [03:53:57.330] › [AGENT3] Stable 2/4 (1,046 chars)
  [03:53:59.949] › [AGENT3] tick=5 streaming=False len=1046 stable=2
  [03:53:59.950] › [AGENT3] Stable 3/4 (1,046 chars)
  [03:54:02.564] › [AGENT3] Stable 4/4 (1,046 chars)
  [03:54:02.564] ✓ [AGENT3] Response ready: 1,046 chars.
  [03:54:02.599] → [AGENT4] Sending 481 chars …
  [03:54:02.797] › [AGENT4] Found input box via: rich-textarea div[contenteditable='true']
  [03:54:02.797] › [AGENT4] Typing 481 chars …
  [03:54:03.323] › [AGENT4] Input verified: 488 chars placed
  [03:54:04.022] › [AGENT4] Send clicked via JS: button.send-button
  [03:54:04.022] ✓ [AGENT4] Dispatched.
  [03:54:04.023] ← [AGENT4] Waiting for response …
  [03:54:04.033] › [AGENT4] Response blocks before send: 62
  [03:54:04.048] › [AGENT4] Streaming started.
  [03:54:16.877] › [AGENT4] tick=5 streaming=True len=965 stable=0
  [03:54:29.677] › [AGENT4] tick=10 streaming=True len=965 stable=0
  [03:54:42.519] › [AGENT4] tick=15 streaming=True len=965 stable=0
  [03:54:55.379] › [AGENT4] tick=20 streaming=True len=965 stable=0
  [03:55:08.211] › [AGENT4] tick=25 streaming=True len=965 stable=0
  [03:55:21.026] › [AGENT4] tick=30 streaming=True len=965 stable=0
  [03:55:33.864] › [AGENT4] tick=35 streaming=True len=965 stable=0
  [03:55:46.637] › [AGENT4] tick=40 streaming=True len=965 stable=0
  [03:55:59.418] › [AGENT4] tick=45 streaming=True len=965 stable=0
  [03:56:12.179] › [AGENT4] tick=50 streaming=True len=965 stable=0
  [03:56:25.053] › [AGENT4] tick=55 streaming=True len=965 stable=0
  [03:56:37.906] › [AGENT4] tick=60 streaming=True len=965 stable=0
  [03:56:50.703] › [AGENT4] tick=65 streaming=True len=965 stable=0
  [03:57:03.494] › [AGENT4] tick=70 streaming=True len=965 stable=0
  [03:57:06.088] ⚠ [AGENT4] Timed out — returning best capture.
  [03:57:06.089] → [AGENT4] Sending 1,111 chars …
  [03:57:06.097] › [AGENT4] Found input box via: rich-textarea div[contenteditable='true']
  [03:57:06.097] › [AGENT4] Typing 1111 chars …
  [03:57:06.644] › [AGENT4] Input verified: 1168 chars placed
  [03:57:07.342] › [AGENT4] Send clicked via JS: button.send-button
  [03:57:07.342] ✓ [AGENT4] Dispatched.
  [03:57:07.343] ← [AGENT4] Waiting for response …
  [03:57:07.351] › [AGENT4] Response blocks before send: 62
  [03:57:07.360] › [AGENT4] Streaming started.
  [03:57:20.228] › [AGENT4] tick=5 streaming=True len=965 stable=0
  [03:57:33.060] › [AGENT4] tick=10 streaming=True len=965 stable=0
  [03:57:45.888] › [AGENT4] tick=15 streaming=True len=965 stable=0
  [03:57:58.699] › [AGENT4] tick=20 streaming=True len=965 stable=0
  [03:58:11.518] › [AGENT4] tick=25 streaming=True len=965 stable=0
  [03:58:24.400] › [AGENT4] tick=30 streaming=True len=965 stable=0
  [03:58:37.198] › [AGENT4] tick=35 streaming=True len=965 stable=0
  [03:58:50.040] › [AGENT4] tick=40 streaming=True len=965 stable=0
  [03:59:02.873] › [AGENT4] tick=45 streaming=True len=965 stable=0
  [03:59:15.690] › [AGENT4] tick=50 streaming=True len=965 stable=0
  [03:59:28.541] › [AGENT4] tick=55 streaming=True len=965 stable=0
  [03:59:41.360] › [AGENT4] tick=60 streaming=True len=965 stable=0
  [03:59:54.171] › [AGENT4] tick=65 streaming=True len=965 stable=0
  [04:00:06.953] › [AGENT4] tick=70 streaming=True len=965 stable=0
  [04:00:09.519] ⚠ [AGENT4] Timed out — returning best capture.
  [04:00:09.520] ✓ [AGENT4] AGENT4 generated 0 candidate problems in cycle 8
  [04:00:09.545] → [AGENT1] Sending 481 chars …
  [04:00:09.767] › [AGENT1] Found input box via: rich-textarea div[contenteditable='true']
  [04:00:09.768] › [AGENT1] Typing 481 chars …
  [04:00:10.243] › [AGENT1] Input verified: 488 chars placed
  [04:00:10.940] › [AGENT1] Send clicked via JS: button.send-button
  [04:00:10.941] ✓ [AGENT1] Dispatched.
  [04:00:10.941] ← [AGENT1] Waiting for response …
  [04:00:10.951] › [AGENT1] Response blocks before send: 41
  [04:00:10.964] › [AGENT1] Streaming started.
  [04:00:23.786] › [AGENT1] tick=5 streaming=True len=751 stable=0
  [04:00:36.593] › [AGENT1] tick=10 streaming=True len=751 stable=0
  [04:00:49.399] › [AGENT1] tick=15 streaming=True len=751 stable=0
  [04:01:02.292] › [AGENT1] tick=20 streaming=True len=751 stable=0
  [04:01:15.123] › [AGENT1] tick=25 streaming=True len=751 stable=0
  [04:01:27.933] › [AGENT1] tick=30 streaming=True len=751 stable=0
  [04:01:40.793] › [AGENT1] tick=35 streaming=True len=751 stable=0
  [04:01:53.557] › [AGENT1] tick=40 streaming=True len=751 stable=0
  [04:02:06.361] › [AGENT1] tick=45 streaming=True len=751 stable=0
  [04:02:19.176] › [AGENT1] tick=50 streaming=True len=751 stable=0
  [04:02:31.995] › [AGENT1] tick=55 streaming=True len=751 stable=0
  [04:02:44.775] › [AGENT1] tick=60 streaming=True len=751 stable=0
  [04:02:57.617] › [AGENT1] tick=65 streaming=True len=751 stable=0
  [04:03:10.409] › [AGENT1] tick=70 streaming=True len=751 stable=0
  [04:03:12.975] ⚠ [AGENT1] Timed out — returning best capture.
  [04:03:12.976] → [AGENT1] Sending 897 chars …
  [04:03:12.984] › [AGENT1] Found input box via: rich-textarea div[contenteditable='true']
  [04:03:12.984] › [AGENT1] Typing 897 chars …
  [04:03:13.481] › [AGENT1] Input verified: 938 chars placed
  [04:03:14.169] › [AGENT1] Send clicked via JS: button.send-button
  [04:03:14.169] ✓ [AGENT1] Dispatched.
  [04:03:14.170] ← [AGENT1] Waiting for response …
  [04:03:14.176] › [AGENT1] Response blocks before send: 41
  [04:03:14.185] › [AGENT1] Streaming started.
  [04:03:27.018] › [AGENT1] tick=5 streaming=True len=751 stable=0
  [04:03:39.821] › [AGENT1] tick=10 streaming=True len=751 stable=0
  [04:03:52.596] › [AGENT1] tick=15 streaming=True len=751 stable=0
  [04:04:05.417] › [AGENT1] tick=20 streaming=True len=751 stable=0
  [04:04:18.249] › [AGENT1] tick=25 streaming=True len=751 stable=0
  [04:04:31.063] › [AGENT1] tick=30 streaming=True len=751 stable=0
  [04:04:43.837] › [AGENT1] tick=35 streaming=True len=751 stable=0
  [04:04:56.670] › [AGENT1] tick=40 streaming=True len=751 stable=0
  [04:05:09.485] › [AGENT1] tick=45 streaming=True len=751 stable=0
  [04:05:22.351] › [AGENT1] tick=50 streaming=True len=751 stable=0
  [04:05:35.144] › [AGENT1] tick=55 streaming=True len=751 stable=0
  [04:05:47.996] › [AGENT1] tick=60 streaming=True len=751 stable=0
  [04:06:00.823] › [AGENT1] tick=65 streaming=True len=751 stable=0
  [04:06:13.663] › [AGENT1] tick=70 streaming=True len=751 stable=0
  [04:06:16.251] ⚠ [AGENT1] Timed out — returning best capture.
  [04:06:16.251] ✓ [AGENT1] AGENT1 generated 0 candidate problems in cycle 9
  [04:06:16.277] → [AGENT2] Sending 481 chars …
  [04:06:16.395] › [AGENT2] Found input box via: rich-textarea div[contenteditable='true']
  [04:06:16.395] › [AGENT2] Typing 481 chars …
  [04:06:16.773] › [AGENT2] Input verified: 488 chars placed
  [04:06:17.482] › [AGENT2] Send clicked via JS: button.send-button
  [04:06:17.482] ✓ [AGENT2] Dispatched.
  [04:06:17.483] ← [AGENT2] Waiting for response …
  [04:06:17.493] › [AGENT2] Response blocks before send: 28
  [04:06:17.507] › [AGENT2] Streaming started.
  [04:06:30.300] › [AGENT2] tick=5 streaming=True len=907 stable=0
  [04:06:43.119] › [AGENT2] tick=10 streaming=True len=907 stable=0
  [04:06:55.899] › [AGENT2] tick=15 streaming=True len=907 stable=0
  [04:07:08.682] › [AGENT2] tick=20 streaming=True len=907 stable=0
  [04:07:21.475] › [AGENT2] tick=25 streaming=True len=907 stable=0
  [04:07:34.265] › [AGENT2] tick=30 streaming=True len=907 stable=0
  [04:07:47.050] › [AGENT2] tick=35 streaming=True len=907 stable=0
  [04:07:59.826] › [AGENT2] tick=40 streaming=True len=907 stable=0
  [04:08:12.613] › [AGENT2] tick=45 streaming=True len=907 stable=0
  [04:08:25.381] › [AGENT2] tick=50 streaming=True len=907 stable=0
  [04:08:38.187] › [AGENT2] tick=55 streaming=True len=907 stable=0
  [04:08:50.983] › [AGENT2] tick=60 streaming=True len=907 stable=0
  [04:09:03.773] › [AGENT2] tick=65 streaming=True len=907 stable=0
  [04:09:16.556] › [AGENT2] tick=70 streaming=True len=907 stable=0
  [04:09:19.115] ⚠ [AGENT2] Timed out — returning best capture.
  [04:09:19.115] → [AGENT2] Sending 1,053 chars …
  [04:09:19.123] › [AGENT2] Found input box via: rich-textarea div[contenteditable='true']
  [04:09:19.123] › [AGENT2] Typing 1053 chars …
  [04:09:19.581] › [AGENT2] Input verified: 1100 chars placed
  [04:09:20.261] › [AGENT2] Send clicked via JS: button.send-button
  [04:09:20.261] ✓ [AGENT2] Dispatched.
  [04:09:20.262] ← [AGENT2] Waiting for response …
  [04:09:20.269] › [AGENT2] Response blocks before send: 28
  [04:09:20.279] › [AGENT2] Streaming started.
  [04:09:33.026] › [AGENT2] tick=5 streaming=True len=907 stable=0
  [04:09:45.820] › [AGENT2] tick=10 streaming=True len=907 stable=0
  [04:09:58.593] › [AGENT2] tick=15 streaming=True len=907 stable=0
  [04:10:11.394] › [AGENT2] tick=20 streaming=True len=907 stable=0
  [04:10:24.173] › [AGENT2] tick=25 streaming=True len=907 stable=0
  [04:10:36.947] › [AGENT2] tick=30 streaming=True len=907 stable=0
  [04:10:49.715] › [AGENT2] tick=35 streaming=True len=907 stable=0
  [04:11:02.489] › [AGENT2] tick=40 streaming=True len=907 stable=0
  [04:11:15.312] › [AGENT2] tick=45 streaming=True len=907 stable=0
  [04:11:28.084] › [AGENT2] tick=50 streaming=True len=907 stable=0
  [04:11:40.858] › [AGENT2] tick=55 streaming=True len=907 stable=0
  [04:11:53.638] › [AGENT2] tick=60 streaming=True len=907 stable=0
  [04:12:06.425] › [AGENT2] tick=65 streaming=True len=907 stable=0
  [04:12:19.204] › [AGENT2] tick=70 streaming=True len=907 stable=0
  [04:12:21.762] ⚠ [AGENT2] Timed out — returning best capture.
  [04:12:21.763] ✓ [AGENT2] AGENT2 generated 0 candidate problems in cycle 9
  [04:12:21.814] → [AGENT3] Sending 481 chars …
  [04:12:22.321] › [AGENT3] Found input box via: rich-textarea div[contenteditable='true']
  [04:12:22.321] › [AGENT3] Typing 481 chars …
  [04:12:22.869] › [AGENT3] Input verified: 488 chars placed
  [04:12:23.707] › [AGENT3] Send clicked via JS: button[aria-label='Send message']
  [04:12:23.708] ✓ [AGENT3] Dispatched.
  [04:12:23.708] ← [AGENT3] Waiting for response …
  [04:12:23.990] › [AGENT3] Response blocks before send: 144
  [04:12:24.041] › [AGENT3] Streaming started.
  [04:12:35.674] › [AGENT3] Stable 1/4 (1,406 chars)
  [04:12:38.261] › [AGENT3] tick=5 streaming=False len=1406 stable=1
  [04:12:38.261] › [AGENT3] Stable 2/4 (1,406 chars)
  [04:12:40.834] › [AGENT3] Stable 3/4 (1,406 chars)
  [04:12:43.414] › [AGENT3] Stable 4/4 (1,406 chars)
  [04:12:43.415] ✓ [AGENT3] Response ready: 1,406 chars.
  [04:12:43.415] ✓ [AGENT3] AGENT3 generated 10 candidate problems in cycle 9
  [04:12:43.416] → [AGENT3] Sending 621 chars …
  [04:12:43.422] › [AGENT3] Found input box via: rich-textarea div[contenteditable='true']
  [04:12:43.422] › [AGENT3] Typing 621 chars …
  [04:12:43.990] › [AGENT3] Input verified: 638 chars placed
  [04:12:44.826] › [AGENT3] Send clicked via JS: button[aria-label='Send message']
  [04:12:44.826] ✓ [AGENT3] Dispatched.
  [04:12:44.827] ← [AGENT3] Waiting for response …
  [04:12:45.076] › [AGENT3] Response blocks before send: 145
  [04:12:45.262] › [AGENT3] Streaming started.
  [04:12:54.213] › [AGENT3] Stable 1/4 (945 chars)
  [04:12:56.796] › [AGENT3] Stable 2/4 (945 chars)
  [04:12:59.397] › [AGENT3] tick=5 streaming=False len=945 stable=2
  [04:12:59.397] › [AGENT3] Stable 3/4 (945 chars)
  [04:13:02.000] › [AGENT3] Stable 4/4 (945 chars)
  [04:13:02.001] ✓ [AGENT3] Response ready: 945 chars.
  [04:13:02.001] → [AGENT3] Sending 1,019 chars …
  [04:13:02.007] › [AGENT3] Found input box via: rich-textarea div[contenteditable='true']
  [04:13:02.007] › [AGENT3] Typing 1019 chars …
  [04:13:02.748] › [AGENT3] Input verified: 1066 chars placed
  [04:13:03.595] › [AGENT3] Send clicked via JS: button[aria-label='Send message']
  [04:13:03.595] ✓ [AGENT3] Dispatched.
  [04:13:03.596] ← [AGENT3] Waiting for response …
  [04:13:03.836] › [AGENT3] Response blocks before send: 146
  [04:13:03.875] › [AGENT3] Streaming started.
  [04:13:12.806] › [AGENT3] Stable 1/4 (945 chars)
  [04:13:15.429] › [AGENT3] Stable 2/4 (945 chars)
  [04:13:18.050] › [AGENT3] tick=5 streaming=False len=945 stable=2
  [04:13:18.051] › [AGENT3] Stable 3/4 (945 chars)
  [04:13:20.645] › [AGENT3] Stable 4/4 (945 chars)
  [04:13:20.645] ✓ [AGENT3] Response ready: 945 chars.
  [04:13:20.669] → [AGENT3] Sending 607 chars …
  [04:13:20.675] › [AGENT3] Found input box via: rich-textarea div[contenteditable='true']
  [04:13:20.676] › [AGENT3] Typing 607 chars …
  [04:13:21.377] › [AGENT3] Input verified: 624 chars placed
  [04:13:22.264] › [AGENT3] Send clicked via JS: button[aria-label='Send message']
  [04:13:22.264] ✓ [AGENT3] Dispatched.
  [04:13:22.265] ← [AGENT3] Waiting for response …
  [04:13:22.549] › [AGENT3] Response blocks before send: 147
  [04:13:22.636] › [AGENT3] Streaming started.
  [04:13:31.626] › [AGENT3] Stable 1/4 (953 chars)
  [04:13:34.220] › [AGENT3] Stable 2/4 (953 chars)
  [04:13:36.814] › [AGENT3] tick=5 streaming=False len=953 stable=2
  [04:13:36.814] › [AGENT3] Stable 3/4 (953 chars)
  [04:13:39.405] › [AGENT3] Stable 4/4 (953 chars)
  [04:13:39.405] ✓ [AGENT3] Response ready: 953 chars.
  [04:13:39.406] → [AGENT3] Sending 1,027 chars …
  [04:13:39.412] › [AGENT3] Found input box via: rich-textarea div[contenteditable='true']
  [04:13:39.412] › [AGENT3] Typing 1027 chars …
  [04:13:40.233] › [AGENT3] Input verified: 1076 chars placed
  [04:13:41.141] › [AGENT3] Send clicked via JS: button[aria-label='Send message']
  [04:13:41.142] ✓ [AGENT3] Dispatched.
  [04:13:41.143] ← [AGENT3] Waiting for response …
  [04:13:41.405] › [AGENT3] Response blocks before send: 148
  [04:13:41.443] › [AGENT3] Streaming started.
  [04:13:50.526] › [AGENT3] Stable 1/4 (953 chars)
  [04:13:53.101] › [AGENT3] Stable 2/4 (953 chars)
  [04:13:55.679] › [AGENT3] tick=5 streaming=False len=953 stable=2
  [04:13:55.680] › [AGENT3] Stable 3/4 (953 chars)
  [04:13:58.259] › [AGENT3] Stable 4/4 (953 chars)
  [04:13:58.260] ✓ [AGENT3] Response ready: 953 chars.
  [04:13:58.279] → [AGENT3] Sending 620 chars …
  [04:13:58.285] › [AGENT3] Found input box via: rich-textarea div[contenteditable='true']
  [04:13:58.285] › [AGENT3] Typing 620 chars …
  [04:13:58.951] › [AGENT3] Input verified: 637 chars placed
  [04:13:59.845] › [AGENT3] Send clicked via JS: button[aria-label='Send message']
  [04:13:59.845] ✓ [AGENT3] Dispatched.
  [04:13:59.846] ← [AGENT3] Waiting for response …
  [04:14:00.140] › [AGENT3] Response blocks before send: 149
  [04:14:00.226] › [AGENT3] Streaming started.
  [04:14:11.976] › [AGENT3] Stable 1/4 (1,078 chars)
  [04:14:14.574] › [AGENT3] tick=5 streaming=False len=1078 stable=1
  [04:14:14.574] › [AGENT3] Stable 2/4 (1,078 chars)
  [04:14:17.212] › [AGENT3] Stable 3/4 (1,078 chars)
  [04:14:19.820] › [AGENT3] Stable 4/4 (1,078 chars)
  [04:14:19.821] ✓ [AGENT3] Response ready: 1,078 chars.
  [04:14:19.822] → [AGENT3] Sending 1,152 chars …
  [04:14:19.828] › [AGENT3] Found input box via: rich-textarea div[contenteditable='true']
  [04:14:19.828] › [AGENT3] Typing 1152 chars …
  [04:14:20.669] › [AGENT3] Input verified: 1208 chars placed
  [04:14:21.523] › [AGENT3] Send clicked via JS: button[aria-label='Send message']
  [04:14:21.523] ✓ [AGENT3] Dispatched.
  [04:14:21.524] ← [AGENT3] Waiting for response …
  [04:14:21.807] › [AGENT3] Response blocks before send: 150
  [04:14:21.858] › [AGENT3] Streaming started.
  [04:14:30.992] › [AGENT3] Stable 1/4 (1,078 chars)
  [04:14:33.602] › [AGENT3] Stable 2/4 (1,078 chars)
  [04:14:36.216] › [AGENT3] tick=5 streaming=False len=1078 stable=2
  [04:14:36.216] › [AGENT3] Stable 3/4 (1,078 chars)
  [04:14:38.831] › [AGENT3] Stable 4/4 (1,078 chars)
  [04:14:38.832] ✓ [AGENT3] Response ready: 1,078 chars.
  [04:14:38.850] → [AGENT3] Sending 585 chars …
  [04:14:38.856] › [AGENT3] Found input box via: rich-textarea div[contenteditable='true']
  [04:14:38.856] › [AGENT3] Typing 585 chars …
  [04:14:39.400] › [AGENT3] Input verified: 602 chars placed
  [04:14:40.229] › [AGENT3] Send clicked via JS: button[aria-label='Send message']
  [04:14:40.229] ✓ [AGENT3] Dispatched.
  [04:14:40.230] ← [AGENT3] Waiting for response …
  [04:14:40.544] › [AGENT3] Response blocks before send: 151
  [04:14:40.695] › [AGENT3] Streaming started.
  [04:14:49.805] › [AGENT3] Stable 1/4 (872 chars)
  [04:14:52.412] › [AGENT3] Stable 2/4 (872 chars)
  [04:14:55.009] › [AGENT3] tick=5 streaming=False len=872 stable=2
  [04:14:55.010] › [AGENT3] Stable 3/4 (872 chars)
  [04:14:57.604] › [AGENT3] Stable 4/4 (872 chars)
  [04:14:57.604] ✓ [AGENT3] Response ready: 872 chars.
  [04:14:57.605] → [AGENT3] Sending 946 chars …
  [04:14:57.611] › [AGENT3] Found input box via: rich-textarea div[contenteditable='true']
  [04:14:57.611] › [AGENT3] Typing 946 chars …
  [04:14:58.349] › [AGENT3] Input verified: 990 chars placed
  [04:14:59.225] › [AGENT3] Send clicked via JS: button[aria-label='Send message']
  [04:14:59.225] ✓ [AGENT3] Dispatched.
  [04:14:59.226] ← [AGENT3] Waiting for response …
  [04:14:59.507] › [AGENT3] Response blocks before send: 152
  [04:14:59.557] › [AGENT3] Streaming started.
  [04:15:08.734] › [AGENT3] Stable 1/4 (872 chars)
  [04:15:11.336] › [AGENT3] Stable 2/4 (872 chars)
  [04:15:13.927] › [AGENT3] tick=5 streaming=False len=872 stable=2
  [04:15:13.927] › [AGENT3] Stable 3/4 (872 chars)
  [04:15:16.550] › [AGENT3] Stable 4/4 (872 chars)
  [04:15:16.551] ✓ [AGENT3] Response ready: 872 chars.
  [04:15:16.571] → [AGENT3] Sending 635 chars …
  [04:15:16.578] › [AGENT3] Found input box via: rich-textarea div[contenteditable='true']
  [04:15:16.578] › [AGENT3] Typing 635 chars …
  [04:15:17.203] › [AGENT3] Input verified: 652 chars placed
  [04:15:18.074] › [AGENT3] Send clicked via JS: button[aria-label='Send message']
  [04:15:18.074] ✓ [AGENT3] Dispatched.
  [04:15:18.075] ← [AGENT3] Waiting for response …
  [04:15:18.363] › [AGENT3] Response blocks before send: 153
  [04:15:18.529] › [AGENT3] Streaming started.
  [04:15:26.998] › [AGENT3] Stable 1/4 (688 chars)
  [04:15:29.589] › [AGENT3] Stable 2/4 (688 chars)
  [04:15:32.178] › [AGENT3] tick=5 streaming=False len=688 stable=2
  [04:15:32.179] › [AGENT3] Stable 3/4 (688 chars)
  [04:15:34.789] › [AGENT3] Stable 4/4 (688 chars)
  [04:15:34.790] ✓ [AGENT3] Response ready: 688 chars.
  [04:15:34.808] → [AGENT3] Sending 619 chars …
  [04:15:34.814] › [AGENT3] Found input box via: rich-textarea div[contenteditable='true']
  [04:15:34.814] › [AGENT3] Typing 619 chars …
  [04:15:35.371] › [AGENT3] Input verified: 636 chars placed
  [04:15:36.258] › [AGENT3] Send clicked via JS: button[aria-label='Send message']
  [04:15:36.259] ✓ [AGENT3] Dispatched.
  [04:15:36.260] ← [AGENT3] Waiting for response …
  [04:15:36.634] › [AGENT3] Response blocks before send: 154
  [04:15:36.711] › [AGENT3] Streaming started.
  [04:15:48.705] › [AGENT3] Stable 1/4 (1,158 chars)
  [04:15:51.301] › [AGENT3] tick=5 streaming=False len=1158 stable=1
  [04:15:51.302] › [AGENT3] Stable 2/4 (1,158 chars)
  [04:15:53.904] › [AGENT3] Stable 3/4 (1,158 chars)
  [04:15:56.512] › [AGENT3] Stable 4/4 (1,158 chars)
  [04:15:56.513] ✓ [AGENT3] Response ready: 1,158 chars.
  [04:15:56.513] → [AGENT3] Sending 1,232 chars …
  [04:15:56.520] › [AGENT3] Found input box via: rich-textarea div[contenteditable='true']
  [04:15:56.520] › [AGENT3] Typing 1232 chars …
  [04:15:57.757] › [AGENT3] Input verified: 1291 chars placed
  [04:15:58.635] › [AGENT3] Send clicked via JS: button[aria-label='Send message']
  [04:15:58.635] ✓ [AGENT3] Dispatched.
  [04:15:58.636] ← [AGENT3] Waiting for response …
  [04:15:58.920] › [AGENT3] Response blocks before send: 155
  [04:15:58.958] › [AGENT3] Streaming started.
  [04:16:10.696] › [AGENT3] Stable 1/4 (1,159 chars)
  [04:16:13.311] › [AGENT3] tick=5 streaming=False len=1159 stable=1
  [04:16:13.311] › [AGENT3] Stable 2/4 (1,159 chars)
  [04:16:15.961] › [AGENT3] Stable 3/4 (1,159 chars)
  [04:16:18.561] › [AGENT3] Stable 4/4 (1,159 chars)
  [04:16:18.561] ✓ [AGENT3] Response ready: 1,159 chars.
  [04:16:18.581] → [AGENT3] Sending 637 chars …
  [04:16:18.587] › [AGENT3] Found input box via: rich-textarea div[contenteditable='true']
  [04:16:18.587] › [AGENT3] Typing 637 chars …
  [04:16:19.135] › [AGENT3] Input verified: 654 chars placed
  [04:16:19.949] › [AGENT3] Send clicked via JS: button[aria-label='Send message']
  [04:16:19.950] ✓ [AGENT3] Dispatched.
  [04:16:19.951] ← [AGENT3] Waiting for response …
  [04:16:20.230] › [AGENT3] Response blocks before send: 156
  [04:16:20.342] › [AGENT3] Streaming started.
  [04:16:32.141] › [AGENT3] Stable 1/4 (1,043 chars)
  [04:16:34.740] › [AGENT3] tick=5 streaming=False len=1043 stable=1
  [04:16:34.741] › [AGENT3] Stable 2/4 (1,043 chars)
  [04:16:37.313] › [AGENT3] Stable 3/4 (1,043 chars)
  [04:16:39.944] › [AGENT3] Stable 4/4 (1,043 chars)
  [04:16:39.946] ✓ [AGENT3] Response ready: 1,043 chars.
  [04:16:39.961] → [AGENT3] Sending 1,117 chars …
  [04:16:40.052] › [AGENT3] Found input box via: rich-textarea div[contenteditable='true']
  [04:16:40.053] › [AGENT3] Typing 1117 chars …
  [04:16:40.858] › [AGENT3] Input verified: 1171 chars placed
  [04:16:41.721] › [AGENT3] Send clicked via JS: button[aria-label='Send message']
  [04:16:41.721] ✓ [AGENT3] Dispatched.
  [04:16:41.722] ← [AGENT3] Waiting for response …
  [04:16:41.986] › [AGENT3] Response blocks before send: 157
  [04:16:42.027] › [AGENT3] Streaming started.
  [04:16:53.883] › [AGENT3] Stable 1/4 (1,043 chars)
  [04:16:56.486] › [AGENT3] tick=5 streaming=False len=1043 stable=1
  [04:16:56.486] › [AGENT3] Stable 2/4 (1,043 chars)
  [04:16:59.084] › [AGENT3] Stable 3/4 (1,043 chars)
  [04:17:01.697] › [AGENT3] Stable 4/4 (1,043 chars)
  [04:17:01.700] ✓ [AGENT3] Response ready: 1,043 chars.
  [04:17:01.799] → [AGENT3] Sending 628 chars …
  [04:17:01.818] › [AGENT3] Found input box via: rich-textarea div[contenteditable='true']
  [04:17:01.818] › [AGENT3] Typing 628 chars …
  [04:17:02.386] › [AGENT3] Input verified: 645 chars placed
  [04:17:03.258] › [AGENT3] Send clicked via JS: button[aria-label='Send message']
  [04:17:03.258] ✓ [AGENT3] Dispatched.
  [04:17:03.259] ← [AGENT3] Waiting for response …
  [04:17:03.535] › [AGENT3] Response blocks before send: 158
  [04:17:03.577] › [AGENT3] Streaming started.
  [04:17:12.414] › [AGENT3] Stable 1/4 (855 chars)
  [04:17:14.987] › [AGENT3] Stable 2/4 (855 chars)
  [04:17:17.598] › [AGENT3] tick=5 streaming=False len=855 stable=2
  [04:17:17.598] › [AGENT3] Stable 3/4 (855 chars)
  [04:17:20.205] › [AGENT3] Stable 4/4 (855 chars)
  [04:17:20.205] ✓ [AGENT3] Response ready: 855 chars.
  [04:17:20.206] → [AGENT3] Sending 929 chars …
  [04:17:20.253] › [AGENT3] Found input box via: rich-textarea div[contenteditable='true']
  [04:17:20.254] › [AGENT3] Typing 929 chars …
  [04:17:21.050] › [AGENT3] Input verified: 973 chars placed
  [04:17:21.918] › [AGENT3] Send clicked via JS: button[aria-label='Send message']
  [04:17:21.919] ✓ [AGENT3] Dispatched.
  [04:17:21.919] ← [AGENT3] Waiting for response …
  [04:17:22.168] › [AGENT3] Response blocks before send: 159
  [04:17:22.221] › [AGENT3] Streaming started.
  [04:17:31.112] › [AGENT3] Stable 1/4 (855 chars)
  [04:17:33.708] › [AGENT3] Stable 2/4 (855 chars)
  [04:17:36.294] › [AGENT3] tick=5 streaming=False len=855 stable=2
  [04:17:36.296] › [AGENT3] Stable 3/4 (855 chars)
  [04:17:38.891] › [AGENT3] Stable 4/4 (855 chars)
  [04:17:38.892] ✓ [AGENT3] Response ready: 855 chars.
  [04:17:38.911] → [AGENT3] Sending 632 chars …
  [04:17:38.921] › [AGENT3] Found input box via: rich-textarea div[contenteditable='true']
  [04:17:38.922] › [AGENT3] Typing 632 chars …
  [04:17:39.590] › [AGENT3] Input verified: 649 chars placed
  [04:17:40.461] › [AGENT3] Send clicked via JS: button[aria-label='Send message']
  [04:17:40.461] ✓ [AGENT3] Dispatched.
  [04:17:40.462] ← [AGENT3] Waiting for response …
  [04:17:40.732] › [AGENT3] Response blocks before send: 160
  [04:17:40.763] › [AGENT3] Streaming started.
  [04:17:52.576] › [AGENT3] Stable 1/4 (1,078 chars)
  [04:17:55.169] › [AGENT3] tick=5 streaming=False len=1078 stable=1
  [04:17:55.170] › [AGENT3] Stable 2/4 (1,078 chars)
  [04:17:57.774] › [AGENT3] Stable 3/4 (1,078 chars)
  [04:18:00.381] › [AGENT3] Stable 4/4 (1,078 chars)
  [04:18:00.381] ✓ [AGENT3] Response ready: 1,078 chars.
  [04:18:00.405] → [AGENT3] Sending 610 chars …
  [04:18:00.413] › [AGENT3] Found input box via: rich-textarea div[contenteditable='true']
  [04:18:00.414] › [AGENT3] Typing 610 chars …
  [04:18:01.291] › [AGENT3] Input verified: 627 chars placed
  [04:18:02.126] › [AGENT3] Send clicked via JS: button[aria-label='Send message']
  [04:18:02.127] ✓ [AGENT3] Dispatched.
  [04:18:02.128] ← [AGENT3] Waiting for response …
  [04:18:02.511] › [AGENT3] Response blocks before send: 161
  [04:18:02.660] › [AGENT3] Streaming started.
  [04:18:11.290] › [AGENT3] Stable 1/4 (905 chars)
  [04:18:13.870] › [AGENT3] Stable 2/4 (905 chars)
  [04:18:16.464] › [AGENT3] tick=5 streaming=False len=905 stable=2
  [04:18:16.465] › [AGENT3] Stable 3/4 (905 chars)
  [04:18:19.059] › [AGENT3] Stable 4/4 (905 chars)
  [04:18:19.059] ✓ [AGENT3] Response ready: 905 chars.
  [04:18:19.060] → [AGENT3] Sending 979 chars …
  [04:18:19.066] › [AGENT3] Found input box via: rich-textarea div[contenteditable='true']
  [04:18:19.066] › [AGENT3] Typing 979 chars …
  [04:18:19.895] › [AGENT3] Input verified: 1023 chars placed
  [04:18:20.791] › [AGENT3] Send clicked via JS: button[aria-label='Send message']
  [04:18:20.791] ✓ [AGENT3] Dispatched.
  [04:18:20.792] ← [AGENT3] Waiting for response …
  [04:18:21.078] › [AGENT3] Response blocks before send: 162
  [04:18:21.324] › [AGENT3] Streaming started.
  [04:18:30.086] › [AGENT3] Stable 1/4 (905 chars)
  [04:18:32.659] › [AGENT3] Stable 2/4 (905 chars)
  [04:18:35.257] › [AGENT3] tick=5 streaming=False len=905 stable=2
  [04:18:35.258] › [AGENT3] Stable 3/4 (905 chars)
  [04:18:37.851] › [AGENT3] Stable 4/4 (905 chars)
  [04:18:37.852] ✓ [AGENT3] Response ready: 905 chars.
  [04:18:37.895] → [AGENT4] Sending 481 chars …
  [04:18:38.063] › [AGENT4] Found input box via: rich-textarea div[contenteditable='true']
  [04:18:38.064] › [AGENT4] Typing 481 chars …
  [04:18:38.527] › [AGENT4] Input verified: 488 chars placed
  [04:18:39.203] › [AGENT4] Send clicked via JS: button.send-button
  [04:18:39.203] ✓ [AGENT4] Dispatched.
  [04:18:39.204] ← [AGENT4] Waiting for response …
  [04:18:39.214] › [AGENT4] Response blocks before send: 62
  [04:18:39.235] › [AGENT4] Streaming started.
  [04:18:52.050] › [AGENT4] tick=5 streaming=True len=965 stable=0
  [04:19:04.854] › [AGENT4] tick=10 streaming=True len=965 stable=0
  [04:19:17.646] › [AGENT4] tick=15 streaming=True len=965 stable=0
  [04:19:30.453] › [AGENT4] tick=20 streaming=True len=965 stable=0
  [04:19:43.240] › [AGENT4] tick=25 streaming=True len=965 stable=0
  [04:19:56.084] › [AGENT4] tick=30 streaming=True len=965 stable=0
  [04:20:08.922] › [AGENT4] tick=35 streaming=True len=965 stable=0
  [04:20:21.751] › [AGENT4] tick=40 streaming=True len=965 stable=0
  [04:20:34.553] › [AGENT4] tick=45 streaming=True len=965 stable=0
  [04:20:47.348] › [AGENT4] tick=50 streaming=True len=965 stable=0
  [04:21:00.137] › [AGENT4] tick=55 streaming=True len=965 stable=0
  [04:21:12.954] › [AGENT4] tick=60 streaming=True len=965 stable=0
  [04:21:25.774] › [AGENT4] tick=65 streaming=True len=965 stable=0
  [04:21:38.618] › [AGENT4] tick=70 streaming=True len=965 stable=0
  [04:21:41.172] ⚠ [AGENT4] Timed out — returning best capture.
  [04:21:41.173] → [AGENT4] Sending 1,111 chars …
  [04:21:41.181] › [AGENT4] Found input box via: rich-textarea div[contenteditable='true']
  [04:21:41.181] › [AGENT4] Typing 1111 chars …
  [04:21:41.746] › [AGENT4] Input verified: 1168 chars placed
  [04:21:42.490] › [AGENT4] Send clicked via JS: button.send-button
  [04:21:42.491] ✓ [AGENT4] Dispatched.
  [04:21:42.492] ← [AGENT4] Waiting for response …
  [04:21:42.499] › [AGENT4] Response blocks before send: 62
  [04:21:42.508] › [AGENT4] Streaming started.
  [04:21:55.326] › [AGENT4] tick=5 streaming=True len=965 stable=0
  [04:22:08.150] › [AGENT4] tick=10 streaming=True len=965 stable=0
  [04:22:21.003] › [AGENT4] tick=15 streaming=True len=965 stable=0
  [04:22:33.839] › [AGENT4] tick=20 streaming=True len=965 stable=0
  [04:22:46.680] › [AGENT4] tick=25 streaming=True len=965 stable=0
  [04:22:59.510] › [AGENT4] tick=30 streaming=True len=965 stable=0
  [04:23:12.313] › [AGENT4] tick=35 streaming=True len=965 stable=0
  [04:23:25.150] › [AGENT4] tick=40 streaming=True len=965 stable=0
  [04:23:37.976] › [AGENT4] tick=45 streaming=True len=965 stable=0
  [04:23:50.792] › [AGENT4] tick=50 streaming=True len=965 stable=0
  [04:24:03.590] › [AGENT4] tick=55 streaming=True len=965 stable=0
  [04:24:16.417] › [AGENT4] tick=60 streaming=True len=965 stable=0
  [04:24:29.213] › [AGENT4] tick=65 streaming=True len=965 stable=0
  [04:24:42.021] › [AGENT4] tick=70 streaming=True len=965 stable=0
  [04:24:44.587] ⚠ [AGENT4] Timed out — returning best capture.
  [04:24:44.588] ✓ [AGENT4] AGENT4 generated 0 candidate problems in cycle 9
  [04:24:44.619] → [AGENT1] Sending 482 chars …
  [04:24:44.858] › [AGENT1] Found input box via: rich-textarea div[contenteditable='true']
  [04:24:44.858] › [AGENT1] Typing 482 chars …
  [04:24:45.258] › [AGENT1] Input verified: 489 chars placed
  [04:24:45.947] › [AGENT1] Send clicked via JS: button.send-button
  [04:24:45.948] ✓ [AGENT1] Dispatched.
  [04:24:45.948] ← [AGENT1] Waiting for response …
  [04:24:45.957] › [AGENT1] Response blocks before send: 41
  [04:24:45.970] › [AGENT1] Streaming started.
  [04:24:58.792] › [AGENT1] tick=5 streaming=True len=751 stable=0
  [04:25:11.750] › [AGENT1] tick=10 streaming=True len=751 stable=0
  [04:25:24.576] › [AGENT1] tick=15 streaming=True len=751 stable=0
  [04:25:37.354] › [AGENT1] tick=20 streaming=True len=751 stable=0
  [04:25:50.188] › [AGENT1] tick=25 streaming=True len=751 stable=0
  [04:26:02.965] › [AGENT1] tick=30 streaming=True len=751 stable=0
  [04:26:15.795] › [AGENT1] tick=35 streaming=True len=751 stable=0
  [04:26:28.585] › [AGENT1] tick=40 streaming=True len=751 stable=0
  [04:26:41.436] › [AGENT1] tick=45 streaming=True len=751 stable=0
  [04:26:54.198] › [AGENT1] tick=50 streaming=True len=751 stable=0
  [04:27:07.010] › [AGENT1] tick=55 streaming=True len=751 stable=0
  [04:27:19.796] › [AGENT1] tick=60 streaming=True len=751 stable=0
  [04:27:32.621] › [AGENT1] tick=65 streaming=True len=751 stable=0
  [04:27:45.424] › [AGENT1] tick=70 streaming=True len=751 stable=0
  [04:27:47.987] ⚠ [AGENT1] Timed out — returning best capture.
  [04:27:47.988] → [AGENT1] Sending 897 chars …
  [04:27:47.996] › [AGENT1] Found input box via: rich-textarea div[contenteditable='true']
  [04:27:47.996] › [AGENT1] Typing 897 chars …
  [04:27:48.502] › [AGENT1] Input verified: 938 chars placed
  [04:27:49.165] › [AGENT1] Send clicked via JS: button.send-button
  [04:27:49.165] ✓ [AGENT1] Dispatched.
  [04:27:49.166] ← [AGENT1] Waiting for response …
  [04:27:49.172] › [AGENT1] Response blocks before send: 41
  [04:27:49.180] › [AGENT1] Streaming started.
  [04:28:01.961] › [AGENT1] tick=5 streaming=True len=751 stable=0
  [04:28:14.772] › [AGENT1] tick=10 streaming=True len=751 stable=0
  [04:28:27.568] › [AGENT1] tick=15 streaming=True len=751 stable=0
  [04:28:40.440] › [AGENT1] tick=20 streaming=True len=751 stable=0
  [04:28:53.247] › [AGENT1] tick=25 streaming=True len=751 stable=0
  [04:29:06.058] › [AGENT1] tick=30 streaming=True len=751 stable=0
  [04:29:18.865] › [AGENT1] tick=35 streaming=True len=751 stable=0
  [04:29:31.685] › [AGENT1] tick=40 streaming=True len=751 stable=0
  [04:29:44.491] › [AGENT1] tick=45 streaming=True len=751 stable=0
  [04:29:57.295] › [AGENT1] tick=50 streaming=True len=751 stable=0
  [04:30:10.105] › [AGENT1] tick=55 streaming=True len=751 stable=0
  [04:30:23.042] › [AGENT1] tick=60 streaming=True len=751 stable=0
  [04:30:35.835] › [AGENT1] tick=65 streaming=True len=751 stable=0
  [04:30:48.661] › [AGENT1] tick=70 streaming=True len=751 stable=0
  [04:30:51.209] ⚠ [AGENT1] Timed out — returning best capture.
  [04:30:51.210] ✓ [AGENT1] AGENT1 generated 0 candidate problems in cycle 10
  [04:30:51.241] → [AGENT2] Sending 482 chars …
  [04:30:51.362] › [AGENT2] Found input box via: rich-textarea div[contenteditable='true']
  [04:30:51.362] › [AGENT2] Typing 482 chars …
  [04:30:51.746] › [AGENT2] Input verified: 489 chars placed
  [04:30:52.411] › [AGENT2] Send clicked via JS: button.send-button
  [04:30:52.411] ✓ [AGENT2] Dispatched.
  [04:30:52.412] ← [AGENT2] Waiting for response …
  [04:30:52.420] › [AGENT2] Response blocks before send: 28
  [04:30:52.433] › [AGENT2] Streaming started.
  [04:31:05.198] › [AGENT2] tick=5 streaming=True len=907 stable=0
  [04:31:17.958] › [AGENT2] tick=10 streaming=True len=907 stable=0
  [04:31:30.731] › [AGENT2] tick=15 streaming=True len=907 stable=0
  [04:31:43.524] › [AGENT2] tick=20 streaming=True len=907 stable=0
  [04:31:56.289] › [AGENT2] tick=25 streaming=True len=907 stable=0
  [04:32:09.064] › [AGENT2] tick=30 streaming=True len=907 stable=0
  [04:32:21.901] › [AGENT2] tick=35 streaming=True len=907 stable=0
  [04:32:34.714] › [AGENT2] tick=40 streaming=True len=907 stable=0
  [04:32:47.499] › [AGENT2] tick=45 streaming=True len=907 stable=0
  [04:33:00.288] › [AGENT2] tick=50 streaming=True len=907 stable=0
  [04:33:13.077] › [AGENT2] tick=55 streaming=True len=907 stable=0
  [04:33:25.866] › [AGENT2] tick=60 streaming=True len=907 stable=0
  [04:33:38.631] › [AGENT2] tick=65 streaming=True len=907 stable=0
  [04:33:51.389] › [AGENT2] tick=70 streaming=True len=907 stable=0
  [04:33:53.947] ⚠ [AGENT2] Timed out — returning best capture.
  [04:33:53.948] → [AGENT2] Sending 1,053 chars …
  [04:33:53.956] › [AGENT2] Found input box via: rich-textarea div[contenteditable='true']
  [04:33:53.956] › [AGENT2] Typing 1053 chars …
  [04:33:54.433] › [AGENT2] Input verified: 1100 chars placed
  [04:33:55.118] › [AGENT2] Send clicked via JS: button.send-button
  [04:33:55.119] ✓ [AGENT2] Dispatched.
  [04:33:55.119] ← [AGENT2] Waiting for response …
  [04:33:55.125] › [AGENT2] Response blocks before send: 28
  [04:33:55.133] › [AGENT2] Streaming started.
  [04:34:07.902] › [AGENT2] tick=5 streaming=True len=907 stable=0
  [04:34:20.661] › [AGENT2] tick=10 streaming=True len=907 stable=0
  [04:34:33.434] › [AGENT2] tick=15 streaming=True len=907 stable=0
  [04:34:46.208] › [AGENT2] tick=20 streaming=True len=907 stable=0
  [04:34:58.973] › [AGENT2] tick=25 streaming=True len=907 stable=0
  [04:35:11.753] › [AGENT2] tick=30 streaming=True len=907 stable=0
  [04:35:24.550] › [AGENT2] tick=35 streaming=True len=907 stable=0
  [04:35:37.333] › [AGENT2] tick=40 streaming=True len=907 stable=0
  [04:35:50.111] › [AGENT2] tick=45 streaming=True len=907 stable=0
  [04:36:02.896] › [AGENT2] tick=50 streaming=True len=907 stable=0
  [04:36:15.645] › [AGENT2] tick=55 streaming=True len=907 stable=0
  [04:36:28.452] › [AGENT2] tick=60 streaming=True len=907 stable=0
  [04:36:41.220] › [AGENT2] tick=65 streaming=True len=907 stable=0
  [04:36:53.990] › [AGENT2] tick=70 streaming=True len=907 stable=0
  [04:36:56.546] ⚠ [AGENT2] Timed out — returning best capture.
  [04:36:56.547] ✓ [AGENT2] AGENT2 generated 0 candidate problems in cycle 10
  [04:36:56.565] → [AGENT3] Sending 482 chars …
  [04:36:57.166] › [AGENT3] Found input box via: rich-textarea div[contenteditable='true']
  [04:36:57.166] › [AGENT3] Typing 482 chars …
  [04:36:57.724] › [AGENT3] Input verified: 489 chars placed
  [04:36:58.587] › [AGENT3] Send clicked via JS: button[aria-label='Send message']
  [04:36:58.588] ✓ [AGENT3] Dispatched.
  [04:36:58.588] ← [AGENT3] Waiting for response …
  [04:36:58.892] › [AGENT3] Response blocks before send: 163
  [04:36:58.972] › [AGENT3] Streaming started.
  [04:37:10.319] › [AGENT3] Stable 1/4 (1,391 chars)
  [04:37:12.903] › [AGENT3] tick=5 streaming=False len=1391 stable=1
  [04:37:12.903] › [AGENT3] Stable 2/4 (1,391 chars)
  [04:37:15.497] › [AGENT3] Stable 3/4 (1,391 chars)
  [04:37:18.094] › [AGENT3] Stable 4/4 (1,391 chars)
  [04:37:18.095] ✓ [AGENT3] Response ready: 1,391 chars.
  [04:37:18.095] ✓ [AGENT3] AGENT3 generated 10 candidate problems in cycle 10
  [04:37:18.096] → [AGENT3] Sending 597 chars …
  [04:37:18.103] › [AGENT3] Found input box via: rich-textarea div[contenteditable='true']
  [04:37:18.103] › [AGENT3] Typing 597 chars …
  [04:37:18.698] › [AGENT3] Input verified: 614 chars placed
  [04:37:19.565] › [AGENT3] Send clicked via JS: button[aria-label='Send message']
  [04:37:19.566] ✓ [AGENT3] Dispatched.
  [04:37:19.567] ← [AGENT3] Waiting for response …
  [04:37:19.842] › [AGENT3] Response blocks before send: 164
  [04:37:19.891] › [AGENT3] Streaming started.
  [04:37:29.192] › [AGENT3] Stable 1/4 (1,105 chars)
  [04:37:31.774] › [AGENT3] Stable 2/4 (1,105 chars)
  [04:37:34.380] › [AGENT3] tick=5 streaming=False len=1105 stable=2
  [04:37:34.380] › [AGENT3] Stable 3/4 (1,105 chars)
  [04:37:36.983] › [AGENT3] Stable 4/4 (1,105 chars)
  [04:37:36.984] ✓ [AGENT3] Response ready: 1,105 chars.
  [04:37:36.985] → [AGENT3] Sending 1,179 chars …
  [04:37:36.991] › [AGENT3] Found input box via: rich-textarea div[contenteditable='true']
  [04:37:36.991] › [AGENT3] Typing 1179 chars …
  [04:37:37.845] › [AGENT3] Input verified: 1238 chars placed
  [04:37:38.724] › [AGENT3] Send clicked via JS: button[aria-label='Send message']
  [04:37:38.724] ✓ [AGENT3] Dispatched.
  [04:37:38.725] ← [AGENT3] Waiting for response …
  [04:37:39.011] › [AGENT3] Response blocks before send: 165
  [04:37:39.096] › [AGENT3] Streaming started.
  [04:37:48.461] › [AGENT3] Stable 1/4 (1,105 chars)
  [04:37:51.067] › [AGENT3] Stable 2/4 (1,105 chars)
  [04:37:53.659] › [AGENT3] tick=5 streaming=False len=1105 stable=2
  [04:37:53.660] › [AGENT3] Stable 3/4 (1,105 chars)
  [04:37:56.245] › [AGENT3] Stable 4/4 (1,105 chars)
  [04:37:56.246] ✓ [AGENT3] Response ready: 1,105 chars.
  [04:37:56.265] → [AGENT3] Sending 619 chars …
  [04:37:56.271] › [AGENT3] Found input box via: rich-textarea div[contenteditable='true']
  [04:37:56.271] › [AGENT3] Typing 619 chars …
  [04:37:56.843] › [AGENT3] Input verified: 636 chars placed
  [04:37:57.726] › [AGENT3] Send clicked via JS: button[aria-label='Send message']
  [04:37:57.726] ✓ [AGENT3] Dispatched.
  [04:37:57.727] ← [AGENT3] Waiting for response …
  [04:37:58.008] › [AGENT3] Response blocks before send: 166
  [04:37:58.101] › [AGENT3] Streaming started.
  [04:38:07.275] › [AGENT3] Stable 1/4 (1,019 chars)
  [04:38:09.858] › [AGENT3] Stable 2/4 (1,019 chars)
  [04:38:12.458] › [AGENT3] tick=5 streaming=False len=1019 stable=2
  [04:38:12.458] › [AGENT3] Stable 3/4 (1,019 chars)
  [04:38:15.055] › [AGENT3] Stable 4/4 (1,019 chars)
  [04:38:15.056] ✓ [AGENT3] Response ready: 1,019 chars.
  [04:38:15.057] → [AGENT3] Sending 1,093 chars …
  [04:38:15.063] › [AGENT3] Found input box via: rich-textarea div[contenteditable='true']
  [04:38:15.063] › [AGENT3] Typing 1093 chars …
  [04:38:16.065] › [AGENT3] Input verified: 1143 chars placed
  [04:38:16.924] › [AGENT3] Send clicked via JS: button[aria-label='Send message']
  [04:38:16.924] ✓ [AGENT3] Dispatched.
  [04:38:16.925] ← [AGENT3] Waiting for response …
  [04:38:17.223] › [AGENT3] Response blocks before send: 167
  [04:38:17.299] › [AGENT3] Streaming started.
  [04:38:26.302] › [AGENT3] Stable 1/4 (1,019 chars)
  [04:38:28.895] › [AGENT3] Stable 2/4 (1,019 chars)
  [04:38:31.470] › [AGENT3] tick=5 streaming=False len=1019 stable=2
  [04:38:31.470] › [AGENT3] Stable 3/4 (1,019 chars)
  [04:38:34.070] › [AGENT3] Stable 4/4 (1,019 chars)
  [04:38:34.071] ✓ [AGENT3] Response ready: 1,019 chars.
  [04:38:34.090] → [AGENT3] Sending 621 chars …
  [04:38:34.096] › [AGENT3] Found input box via: rich-textarea div[contenteditable='true']
  [04:38:34.097] › [AGENT3] Typing 621 chars …
  [04:38:34.693] › [AGENT3] Input verified: 638 chars placed
  [04:38:35.575] › [AGENT3] Send clicked via JS: button[aria-label='Send message']
  [04:38:35.575] ✓ [AGENT3] Dispatched.
  [04:38:35.576] ← [AGENT3] Waiting for response …
  [04:38:35.877] › [AGENT3] Response blocks before send: 168
  [04:38:35.993] › [AGENT3] Streaming started.
  [04:38:45.631] › [AGENT3] Stable 1/4 (1,150 chars)
  [04:38:48.242] › [AGENT3] Stable 2/4 (1,150 chars)
  [04:38:50.852] › [AGENT3] tick=5 streaming=False len=1150 stable=2
  [04:38:50.853] › [AGENT3] Stable 3/4 (1,150 chars)
  [04:38:53.463] › [AGENT3] Stable 4/4 (1,150 chars)
  [04:38:53.464] ✓ [AGENT3] Response ready: 1,150 chars.
  [04:38:53.464] → [AGENT3] Sending 1,224 chars …
  [04:38:53.470] › [AGENT3] Found input box via: rich-textarea div[contenteditable='true']
  [04:38:53.470] › [AGENT3] Typing 1224 chars …
  [04:38:54.492] › [AGENT3] Input verified: 1283 chars placed
  [04:38:55.382] › [AGENT3] Send clicked via JS: button[aria-label='Send message']
  [04:38:55.382] ✓ [AGENT3] Dispatched.
  [04:38:55.383] ← [AGENT3] Waiting for response …
  [04:38:55.674] › [AGENT3] Response blocks before send: 169
  [04:38:55.745] › [AGENT3] Streaming started.
  [04:39:05.074] › [AGENT3] Stable 1/4 (1,150 chars)
  [04:39:07.683] › [AGENT3] Stable 2/4 (1,150 chars)
  [04:39:10.291] › [AGENT3] tick=5 streaming=False len=1150 stable=2
  [04:39:10.292] › [AGENT3] Stable 3/4 (1,150 chars)
  [04:39:12.905] › [AGENT3] Stable 4/4 (1,150 chars)
  [04:39:12.906] ✓ [AGENT3] Response ready: 1,150 chars.
  [04:39:12.926] → [AGENT3] Sending 627 chars …
  [04:39:12.934] › [AGENT3] Found input box via: rich-textarea div[contenteditable='true']
  [04:39:12.934] › [AGENT3] Typing 627 chars …
  [04:39:13.587] › [AGENT3] Input verified: 644 chars placed
  [04:39:14.500] › [AGENT3] Send clicked via JS: button[aria-label='Send message']
  [04:39:14.500] ✓ [AGENT3] Dispatched.
  [04:39:14.501] ← [AGENT3] Waiting for response …
  [04:39:14.788] › [AGENT3] Response blocks before send: 170
  [04:39:14.854] › [AGENT3] Streaming started.
  [04:39:24.574] › [AGENT3] Stable 1/4 (1,187 chars)
  [04:39:27.176] › [AGENT3] Stable 2/4 (1,187 chars)
  [04:39:29.792] › [AGENT3] tick=5 streaming=False len=1187 stable=2
  [04:39:29.792] › [AGENT3] Stable 3/4 (1,187 chars)
  [04:39:32.399] › [AGENT3] Stable 4/4 (1,187 chars)
  [04:39:32.400] ✓ [AGENT3] Response ready: 1,187 chars.
  [04:39:32.400] → [AGENT3] Sending 1,261 chars …
  [04:39:32.407] › [AGENT3] Found input box via: rich-textarea div[contenteditable='true']
  [04:39:32.407] › [AGENT3] Typing 1261 chars …
  [04:39:33.467] › [AGENT3] Input verified: 1320 chars placed
  [04:39:34.330] › [AGENT3] Send clicked via JS: button[aria-label='Send message']
  [04:39:34.330] ✓ [AGENT3] Dispatched.
  [04:39:34.331] ← [AGENT3] Waiting for response …
  [04:39:34.634] › [AGENT3] Response blocks before send: 171
  [04:39:34.675] › [AGENT3] Streaming started.
  [04:39:44.375] › [AGENT3] Stable 1/4 (1,187 chars)
  [04:39:46.955] › [AGENT3] Stable 2/4 (1,187 chars)
  [04:39:49.567] › [AGENT3] tick=5 streaming=False len=1187 stable=2
  [04:39:49.567] › [AGENT3] Stable 3/4 (1,187 chars)
  [04:39:52.169] › [AGENT3] Stable 4/4 (1,187 chars)
  [04:39:52.170] ✓ [AGENT3] Response ready: 1,187 chars.
  [04:39:52.188] → [AGENT3] Sending 583 chars …
  [04:39:52.194] › [AGENT3] Found input box via: rich-textarea div[contenteditable='true']
  [04:39:52.195] › [AGENT3] Typing 583 chars …
  [04:39:52.764] › [AGENT3] Input verified: 600 chars placed
  [04:39:53.671] › [AGENT3] Send clicked via JS: button[aria-label='Send message']
  [04:39:53.671] ✓ [AGENT3] Dispatched.
  [04:39:53.672] ← [AGENT3] Waiting for response …
  [04:39:53.948] › [AGENT3] Response blocks before send: 172
  [04:39:54.029] › [AGENT3] Streaming started.
  [04:40:03.266] › [AGENT3] Stable 1/4 (1,027 chars)
  [04:40:05.859] › [AGENT3] Stable 2/4 (1,027 chars)
  [04:40:08.457] › [AGENT3] tick=5 streaming=False len=1027 stable=2
  [04:40:08.458] › [AGENT3] Stable 3/4 (1,027 chars)
  [04:40:11.057] › [AGENT3] Stable 4/4 (1,027 chars)
  [04:40:11.058] ✓ [AGENT3] Response ready: 1,027 chars.
  [04:40:11.059] → [AGENT3] Sending 1,101 chars …
  [04:40:11.065] › [AGENT3] Found input box via: rich-textarea div[contenteditable='true']
  [04:40:11.065] › [AGENT3] Typing 1101 chars …
  [04:40:11.916] › [AGENT3] Input verified: 1150 chars placed
  [04:40:12.787] › [AGENT3] Send clicked via JS: button[aria-label='Send message']
  [04:40:12.787] ✓ [AGENT3] Dispatched.
  [04:40:12.788] ← [AGENT3] Waiting for response …
  [04:40:13.066] › [AGENT3] Response blocks before send: 173
  [04:40:13.109] › [AGENT3] Streaming started.
  [04:40:22.138] › [AGENT3] Stable 1/4 (1,027 chars)
  [04:40:24.734] › [AGENT3] Stable 2/4 (1,027 chars)
  [04:40:27.336] › [AGENT3] tick=5 streaming=False len=1027 stable=2
  [04:40:27.336] › [AGENT3] Stable 3/4 (1,027 chars)
  [04:40:29.940] › [AGENT3] Stable 4/4 (1,027 chars)
  [04:40:29.941] ✓ [AGENT3] Response ready: 1,027 chars.
  [04:40:30.117] → [AGENT3] Sending 662 chars …
  [04:40:30.146] › [AGENT3] Found input box via: rich-textarea div[contenteditable='true']
  [04:40:30.146] › [AGENT3] Typing 662 chars …
  [04:40:30.761] › [AGENT3] Input verified: 679 chars placed
  [04:40:31.624] › [AGENT3] Send clicked via JS: button[aria-label='Send message']
  [04:40:31.625] ✓ [AGENT3] Dispatched.
  [04:40:31.626] ← [AGENT3] Waiting for response …
  [04:40:31.944] › [AGENT3] Response blocks before send: 174
  [04:40:32.058] › [AGENT3] Streaming started.
  [04:40:41.206] › [AGENT3] Stable 1/4 (936 chars)
  [04:40:43.799] › [AGENT3] Stable 2/4 (936 chars)
  [04:40:46.389] › [AGENT3] tick=5 streaming=False len=936 stable=2
  [04:40:46.390] › [AGENT3] Stable 3/4 (936 chars)
  [04:40:49.997] › [AGENT3] Stable 4/4 (936 chars)
  [04:40:49.997] ✓ [AGENT3] Response ready: 936 chars.
  [04:40:50.016] → [AGENT3] Sending 616 chars …
  [04:40:50.023] › [AGENT3] Found input box via: rich-textarea div[contenteditable='true']
  [04:40:50.023] › [AGENT3] Typing 616 chars …
  [04:40:50.688] › [AGENT3] Input verified: 633 chars placed
  [04:40:51.618] › [AGENT3] Send clicked via JS: button[aria-label='Send message']
  [04:40:51.619] ✓ [AGENT3] Dispatched.
  [04:40:51.620] ← [AGENT3] Waiting for response …
  [04:40:51.914] › [AGENT3] Response blocks before send: 175
  [04:40:52.173] › [AGENT3] Streaming started.
  [04:41:01.183] › [AGENT3] Stable 1/4 (1,069 chars)
  [04:41:03.774] › [AGENT3] Stable 2/4 (1,069 chars)
  [04:41:06.371] › [AGENT3] tick=5 streaming=False len=1069 stable=2
  [04:41:06.371] › [AGENT3] Stable 3/4 (1,069 chars)
  [04:41:08.974] › [AGENT3] Stable 4/4 (1,069 chars)
  [04:41:08.975] ✓ [AGENT3] Response ready: 1,069 chars.
  [04:41:08.975] → [AGENT3] Sending 1,143 chars …
  [04:41:08.982] › [AGENT3] Found input box via: rich-textarea div[contenteditable='true']
  [04:41:08.982] › [AGENT3] Typing 1143 chars …
  [04:41:09.828] › [AGENT3] Input verified: 1196 chars placed
  [04:41:10.738] › [AGENT3] Send clicked via JS: button[aria-label='Send message']
  [04:41:10.739] ✓ [AGENT3] Dispatched.
  [04:41:10.740] ← [AGENT3] Waiting for response …
  [04:41:11.030] › [AGENT3] Response blocks before send: 176
  [04:41:11.488] › [AGENT3] Streaming started.
  [04:41:20.846] › [AGENT3] Stable 1/4 (1,069 chars)
  [04:41:23.456] › [AGENT3] Stable 2/4 (1,069 chars)
  [04:41:26.057] › [AGENT3] tick=5 streaming=False len=1069 stable=2
  [04:41:26.057] › [AGENT3] Stable 3/4 (1,069 chars)
  [04:41:28.659] › [AGENT3] Stable 4/4 (1,069 chars)
  [04:41:28.659] ✓ [AGENT3] Response ready: 1,069 chars.
  [04:41:28.679] → [AGENT3] Sending 617 chars …
  [04:41:28.685] › [AGENT3] Found input box via: rich-textarea div[contenteditable='true']
  [04:41:28.685] › [AGENT3] Typing 617 chars …
  [04:41:29.306] › [AGENT3] Input verified: 634 chars placed
  [04:41:30.329] › [AGENT3] Send clicked via JS: button[aria-label='Send message']
  [04:41:30.329] ✓ [AGENT3] Dispatched.
  [04:41:30.330] ← [AGENT3] Waiting for response …
  [04:41:30.619] › [AGENT3] Response blocks before send: 177
  [04:41:30.744] › [AGENT3] Streaming started.
  [04:41:40.425] › [AGENT3] Stable 1/4 (1,038 chars)
  [04:41:43.034] › [AGENT3] Stable 2/4 (1,038 chars)
  [04:41:45.640] › [AGENT3] tick=5 streaming=False len=1038 stable=2
  [04:41:45.640] › [AGENT3] Stable 3/4 (1,038 chars)
  [04:41:48.281] › [AGENT3] Stable 4/4 (1,038 chars)
  [04:41:48.282] ✓ [AGENT3] Response ready: 1,038 chars.
  [04:41:48.307] → [AGENT3] Sending 1,112 chars …
  [04:41:48.526] › [AGENT3] Found input box via: rich-textarea div[contenteditable='true']
  [04:41:48.526] › [AGENT3] Typing 1112 chars …
  [04:41:49.363] › [AGENT3] Input verified: 1161 chars placed
  [04:41:50.265] › [AGENT3] Send clicked via JS: button[aria-label='Send message']
  [04:41:50.265] ✓ [AGENT3] Dispatched.
  [04:41:50.266] ← [AGENT3] Waiting for response …
  [04:41:50.565] › [AGENT3] Response blocks before send: 178
  [04:41:50.611] › [AGENT3] Streaming started.
  [04:41:59.882] › [AGENT3] Stable 1/4 (1,038 chars)
  [04:42:02.487] › [AGENT3] Stable 2/4 (1,038 chars)
  [04:42:05.073] › [AGENT3] tick=5 streaming=False len=1038 stable=2
  [04:42:05.073] › [AGENT3] Stable 3/4 (1,038 chars)
  [04:42:07.678] › [AGENT3] Stable 4/4 (1,038 chars)
  [04:42:07.678] ✓ [AGENT3] Response ready: 1,038 chars.
  [04:42:07.697] → [AGENT3] Sending 625 chars …
  [04:42:07.703] › [AGENT3] Found input box via: rich-textarea div[contenteditable='true']
  [04:42:07.704] › [AGENT3] Typing 625 chars …
  [04:42:08.278] › [AGENT3] Input verified: 642 chars placed
  [04:42:09.311] › [AGENT3] Send clicked via JS: button[aria-label='Send message']
  [04:42:09.312] ✓ [AGENT3] Dispatched.
  [04:42:09.314] ← [AGENT3] Waiting for response …
  [04:42:09.923] › [AGENT3] Response blocks before send: 179
  [04:42:10.129] › [AGENT3] Streaming started.
  [04:42:18.781] › [AGENT3] Stable 1/4 (913 chars)
  [04:42:21.399] › [AGENT3] Stable 2/4 (913 chars)
  [04:42:23.998] › [AGENT3] tick=5 streaming=False len=913 stable=2
  [04:42:23.998] › [AGENT3] Stable 3/4 (913 chars)
  [04:42:26.604] › [AGENT3] Stable 4/4 (913 chars)
  [04:42:26.605] ✓ [AGENT3] Response ready: 913 chars.
  [04:42:26.606] → [AGENT3] Sending 987 chars …
  [04:42:26.612] › [AGENT3] Found input box via: rich-textarea div[contenteditable='true']
  [04:42:26.612] › [AGENT3] Typing 987 chars …
  [04:42:27.449] › [AGENT3] Input verified: 1037 chars placed
  [04:42:28.351] › [AGENT3] Send clicked via JS: button[aria-label='Send message']
  [04:42:28.352] ✓ [AGENT3] Dispatched.
  [04:42:28.353] ← [AGENT3] Waiting for response …
  [04:42:28.649] › [AGENT3] Response blocks before send: 180
  [04:42:28.696] › [AGENT3] Streaming started.
  [04:42:37.808] › [AGENT3] Stable 1/4 (913 chars)
  [04:42:40.416] › [AGENT3] Stable 2/4 (913 chars)
  [04:42:43.021] › [AGENT3] tick=5 streaming=False len=913 stable=2
  [04:42:43.021] › [AGENT3] Stable 3/4 (913 chars)
  [04:42:45.618] › [AGENT3] Stable 4/4 (913 chars)
  [04:42:45.619] ✓ [AGENT3] Response ready: 913 chars.
  [04:42:45.640] → [AGENT3] Sending 632 chars …
  [04:42:45.646] › [AGENT3] Found input box via: rich-textarea div[contenteditable='true']
  [04:42:45.647] › [AGENT3] Typing 632 chars …
  [04:42:46.383] › [AGENT3] Input verified: 649 chars placed
  [04:42:47.293] › [AGENT3] Send clicked via JS: button[aria-label='Send message']
  [04:42:47.294] ✓ [AGENT3] Dispatched.
  [04:42:47.295] ← [AGENT3] Waiting for response …
  [04:42:47.595] › [AGENT3] Response blocks before send: 181
  [04:42:47.679] › [AGENT3] Streaming started.
  [04:42:57.777] › [AGENT3] Stable 1/4 (1,132 chars)
  [04:43:00.395] › [AGENT3] Stable 2/4 (1,132 chars)
  [04:43:03.027] › [AGENT3] tick=5 streaming=False len=1132 stable=2
  [04:43:03.027] › [AGENT3] Stable 3/4 (1,132 chars)
  [04:43:05.658] › [AGENT3] Stable 4/4 (1,132 chars)
  [04:43:05.659] ✓ [AGENT3] Response ready: 1,132 chars.
  [04:43:05.660] → [AGENT3] Sending 1,206 chars …
  [04:43:05.667] › [AGENT3] Found input box via: rich-textarea div[contenteditable='true']
  [04:43:05.667] › [AGENT3] Typing 1206 chars …
  [04:43:06.834] › [AGENT3] Input verified: 1284 chars placed
  [04:43:07.789] › [AGENT3] Send clicked via JS: button[aria-label='Send message']
  [04:43:07.789] ✓ [AGENT3] Dispatched.
  [04:43:07.790] ← [AGENT3] Waiting for response …
  [04:43:08.075] › [AGENT3] Response blocks before send: 182
  [04:43:08.195] › [AGENT3] Streaming started.
  [04:43:18.521] › [AGENT3] Stable 1/4 (1,133 chars)
  [04:43:21.152] › [AGENT3] Stable 2/4 (1,133 chars)
  [04:43:23.784] › [AGENT3] tick=5 streaming=False len=1133 stable=2
  [04:43:23.785] › [AGENT3] Stable 3/4 (1,133 chars)
  [04:43:26.414] › [AGENT3] Stable 4/4 (1,133 chars)
  [04:43:26.414] ✓ [AGENT3] Response ready: 1,133 chars.
  [04:43:26.459] → [AGENT4] Sending 482 chars …
  [04:43:26.643] › [AGENT4] Found input box via: rich-textarea div[contenteditable='true']
  [04:43:26.644] › [AGENT4] Typing 482 chars …
  [04:43:27.159] › [AGENT4] Input verified: 489 chars placed
  [04:43:27.853] › [AGENT4] Send clicked via JS: button.send-button
  [04:43:27.853] ✓ [AGENT4] Dispatched.
  [04:43:27.854] ← [AGENT4] Waiting for response …
  [04:43:27.865] › [AGENT4] Response blocks before send: 62
  [04:43:27.880] › [AGENT4] Streaming started.
  [04:43:40.728] › [AGENT4] tick=5 streaming=True len=965 stable=0
  [04:43:53.687] › [AGENT4] tick=10 streaming=True len=965 stable=0
  [04:44:06.543] › [AGENT4] tick=15 streaming=True len=965 stable=0
  [04:44:19.344] › [AGENT4] tick=20 streaming=True len=965 stable=0
  [04:44:32.175] › [AGENT4] tick=25 streaming=True len=965 stable=0
  [04:44:44.945] › [AGENT4] tick=30 streaming=True len=965 stable=0
  [04:44:57.791] › [AGENT4] tick=35 streaming=True len=965 stable=0
  [04:45:10.706] › [AGENT4] tick=40 streaming=True len=965 stable=0
  [04:45:23.554] › [AGENT4] tick=45 streaming=True len=965 stable=0
  [04:45:36.381] › [AGENT4] tick=50 streaming=True len=965 stable=0
  [04:45:49.171] › [AGENT4] tick=55 streaming=True len=965 stable=0
  [04:46:02.004] › [AGENT4] tick=60 streaming=True len=965 stable=0
  [04:46:14.819] › [AGENT4] tick=65 streaming=True len=965 stable=0
  [04:46:27.674] › [AGENT4] tick=70 streaming=True len=965 stable=0
  [04:46:30.238] ⚠ [AGENT4] Timed out — returning best capture.
  [04:46:30.239] → [AGENT4] Sending 1,111 chars …
  [04:46:30.247] › [AGENT4] Found input box via: rich-textarea div[contenteditable='true']
  [04:46:30.247] › [AGENT4] Typing 1111 chars …
  [04:46:30.811] › [AGENT4] Input verified: 1168 chars placed
  [04:46:31.505] › [AGENT4] Send clicked via JS: button.send-button
  [04:46:31.505] ✓ [AGENT4] Dispatched.
  [04:46:31.506] ← [AGENT4] Waiting for response …
  [04:46:31.513] › [AGENT4] Response blocks before send: 62
  [04:46:31.521] › [AGENT4] Streaming started.
  [04:46:44.366] › [AGENT4] tick=5 streaming=True len=965 stable=0
  [04:46:57.184] › [AGENT4] tick=10 streaming=True len=965 stable=0
  [04:47:09.993] › [AGENT4] tick=15 streaming=True len=965 stable=0
  [04:47:22.809] › [AGENT4] tick=20 streaming=True len=965 stable=0
  [04:47:35.606] › [AGENT4] tick=25 streaming=True len=965 stable=0
  [04:47:48.431] › [AGENT4] tick=30 streaming=True len=965 stable=0
  [04:48:01.253] › [AGENT4] tick=35 streaming=True len=965 stable=0
  [04:48:14.068] › [AGENT4] tick=40 streaming=True len=965 stable=0
  [04:48:26.877] › [AGENT4] tick=45 streaming=True len=965 stable=0
  [04:48:39.708] › [AGENT4] tick=50 streaming=True len=965 stable=0
  [04:48:52.542] › [AGENT4] tick=55 streaming=True len=965 stable=0
  [04:49:05.362] › [AGENT4] tick=60 streaming=True len=965 stable=0
  [04:49:18.189] › [AGENT4] tick=65 streaming=True len=965 stable=0
  [04:49:30.996] › [AGENT4] tick=70 streaming=True len=965 stable=0
  [04:49:33.561] ⚠ [AGENT4] Timed out — returning best capture.
  [04:49:33.561] ✓ [AGENT4] AGENT4 generated 0 candidate problems in cycle 10
  [04:49:33.595] → [AGENT1] Sending 482 chars …
  [04:49:33.799] › [AGENT1] Found input box via: rich-textarea div[contenteditable='true']
  [04:49:33.800] › [AGENT1] Typing 482 chars …
  [04:49:34.210] › [AGENT1] Input verified: 489 chars placed
  [04:49:34.901] › [AGENT1] Send clicked via JS: button.send-button
  [04:49:34.901] ✓ [AGENT1] Dispatched.
  [04:49:34.902] ← [AGENT1] Waiting for response …
  [04:49:34.910] › [AGENT1] Response blocks before send: 41
  [04:49:34.923] › [AGENT1] Streaming started.
  [04:49:47.737] › [AGENT1] tick=5 streaming=True len=751 stable=0
  [04:50:00.523] › [AGENT1] tick=10 streaming=True len=751 stable=0
  [04:50:13.338] › [AGENT1] tick=15 streaming=True len=751 stable=0
  [04:50:26.145] › [AGENT1] tick=20 streaming=True len=751 stable=0
  [04:50:38.967] › [AGENT1] tick=25 streaming=True len=751 stable=0
  [04:50:51.769] › [AGENT1] tick=30 streaming=True len=751 stable=0
  [04:51:04.645] › [AGENT1] tick=35 streaming=True len=751 stable=0
  [04:51:17.445] › [AGENT1] tick=40 streaming=True len=751 stable=0
  [04:51:30.260] › [AGENT1] tick=45 streaming=True len=751 stable=0
  [04:51:43.039] › [AGENT1] tick=50 streaming=True len=751 stable=0
  [04:51:55.840] › [AGENT1] tick=55 streaming=True len=751 stable=0
  [04:52:08.644] › [AGENT1] tick=60 streaming=True len=751 stable=0
  [04:52:21.441] › [AGENT1] tick=65 streaming=True len=751 stable=0
  [04:52:34.244] › [AGENT1] tick=70 streaming=True len=751 stable=0
  [04:52:36.805] ⚠ [AGENT1] Timed out — returning best capture.
  [04:52:36.806] → [AGENT1] Sending 897 chars …
  [04:52:36.814] › [AGENT1] Found input box via: rich-textarea div[contenteditable='true']
  [04:52:36.814] › [AGENT1] Typing 897 chars …
  [04:52:37.336] › [AGENT1] Input verified: 938 chars placed
  [04:52:38.024] › [AGENT1] Send clicked via JS: button.send-button
  [04:52:38.024] ✓ [AGENT1] Dispatched.
  [04:52:38.025] ← [AGENT1] Waiting for response …
  [04:52:38.031] › [AGENT1] Response blocks before send: 41
  [04:52:38.039] › [AGENT1] Streaming started.
  [04:52:50.839] › [AGENT1] tick=5 streaming=True len=751 stable=0
  [04:53:03.647] › [AGENT1] tick=10 streaming=True len=751 stable=0
  [04:53:16.464] › [AGENT1] tick=15 streaming=True len=751 stable=0
  [04:53:29.257] › [AGENT1] tick=20 streaming=True len=751 stable=0
  [04:53:42.043] › [AGENT1] tick=25 streaming=True len=751 stable=0
  [04:53:54.876] › [AGENT1] tick=30 streaming=True len=751 stable=0
  [04:54:07.674] › [AGENT1] tick=35 streaming=True len=751 stable=0
  [04:54:20.486] › [AGENT1] tick=40 streaming=True len=751 stable=0
  [04:54:33.253] › [AGENT1] tick=45 streaming=True len=751 stable=0
  [04:54:46.487] › [AGENT1] tick=50 streaming=True len=751 stable=0
  [04:54:59.285] › [AGENT1] tick=55 streaming=True len=751 stable=0
  [04:55:12.121] › [AGENT1] tick=60 streaming=True len=751 stable=0
  [04:55:24.937] › [AGENT1] tick=65 streaming=True len=751 stable=0
  [04:55:37.773] › [AGENT1] tick=70 streaming=True len=751 stable=0
  [04:55:40.338] ⚠ [AGENT1] Timed out — returning best capture.
  [04:55:40.338] ✓ [AGENT1] AGENT1 generated 0 candidate problems in cycle 11
  [04:55:40.371] → [AGENT2] Sending 482 chars …
  [04:55:40.491] › [AGENT2] Found input box via: rich-textarea div[contenteditable='true']
  [04:55:40.491] › [AGENT2] Typing 482 chars …
  [04:55:40.867] › [AGENT2] Input verified: 489 chars placed
  [04:55:41.555] › [AGENT2] Send clicked via JS: button.send-button
  [04:55:41.555] ✓ [AGENT2] Dispatched.
  [04:55:41.556] ← [AGENT2] Waiting for response …
  [04:55:41.564] › [AGENT2] Response blocks before send: 28
  [04:55:41.577] › [AGENT2] Streaming started.
  [04:55:54.310] › [AGENT2] tick=5 streaming=True len=907 stable=0
  [04:56:07.104] › [AGENT2] tick=10 streaming=True len=907 stable=0
  [04:56:19.865] › [AGENT2] tick=15 streaming=True len=907 stable=0
  [04:56:32.624] › [AGENT2] tick=20 streaming=True len=907 stable=0
  [04:56:45.392] › [AGENT2] tick=25 streaming=True len=907 stable=0
  [04:56:58.628] › [AGENT2] tick=30 streaming=True len=907 stable=0
  [04:57:11.420] › [AGENT2] tick=35 streaming=True len=907 stable=0
  [04:57:24.217] › [AGENT2] tick=40 streaming=True len=907 stable=0
  [04:57:36.993] › [AGENT2] tick=45 streaming=True len=907 stable=0
  [04:57:49.748] › [AGENT2] tick=50 streaming=True len=907 stable=0
  [04:58:02.526] › [AGENT2] tick=55 streaming=True len=907 stable=0
  [04:58:15.390] › [AGENT2] tick=60 streaming=True len=907 stable=0
  [04:58:28.195] › [AGENT2] tick=65 streaming=True len=907 stable=0
  [04:58:40.983] › [AGENT2] tick=70 streaming=True len=907 stable=0
  [04:58:43.539] ⚠ [AGENT2] Timed out — returning best capture.
  [04:58:43.540] → [AGENT2] Sending 1,053 chars …
  [04:58:43.547] › [AGENT2] Found input box via: rich-textarea div[contenteditable='true']
  [04:58:43.547] › [AGENT2] Typing 1053 chars …
  [04:58:44.021] › [AGENT2] Input verified: 1100 chars placed
  [04:58:44.711] › [AGENT2] Send clicked via JS: button.send-button
  [04:58:44.711] ✓ [AGENT2] Dispatched.
  [04:58:44.712] ← [AGENT2] Waiting for response …
  [04:58:44.718] › [AGENT2] Response blocks before send: 28
  [04:58:44.726] › [AGENT2] Streaming started.
  [04:58:57.469] › [AGENT2] tick=5 streaming=True len=907 stable=0
  [04:59:10.271] › [AGENT2] tick=10 streaming=True len=907 stable=0
  [04:59:23.130] › [AGENT2] tick=15 streaming=True len=907 stable=0
  [04:59:35.878] › [AGENT2] tick=20 streaming=True len=907 stable=0
  [04:59:48.625] › [AGENT2] tick=25 streaming=True len=907 stable=0
  [05:00:01.436] › [AGENT2] tick=30 streaming=True len=907 stable=0
  [05:00:14.214] › [AGENT2] tick=35 streaming=True len=907 stable=0
  [05:00:27.048] › [AGENT2] tick=40 streaming=True len=907 stable=0
  [05:00:39.802] › [AGENT2] tick=45 streaming=True len=907 stable=0
  [05:00:52.608] › [AGENT2] tick=50 streaming=True len=907 stable=0
  [05:01:05.382] › [AGENT2] tick=55 streaming=True len=907 stable=0
  [05:01:18.201] › [AGENT2] tick=60 streaming=True len=907 stable=0
  [05:01:30.951] › [AGENT2] tick=65 streaming=True len=907 stable=0
  [05:01:43.747] › [AGENT2] tick=70 streaming=True len=907 stable=0
  [05:01:46.308] ⚠ [AGENT2] Timed out — returning best capture.
  [05:01:46.308] ✓ [AGENT2] AGENT2 generated 0 candidate problems in cycle 11
  [05:01:46.345] → [AGENT3] Sending 482 chars …
  [05:01:47.037] › [AGENT3] Found input box via: rich-textarea div[contenteditable='true']
  [05:01:47.037] › [AGENT3] Typing 482 chars …
  [05:01:47.634] › [AGENT3] Input verified: 489 chars placed
  [05:01:48.537] › [AGENT3] Send clicked via JS: button[aria-label='Send message']
  [05:01:48.537] ✓ [AGENT3] Dispatched.
  [05:01:48.538] ← [AGENT3] Waiting for response …
  [05:01:48.885] › [AGENT3] Response blocks before send: 183
  [05:01:48.976] › [AGENT3] Streaming started.
  [05:02:01.275] › [AGENT3] Stable 1/4 (1,500 chars)
  [05:02:03.867] › [AGENT3] tick=5 streaming=False len=1500 stable=1
  [05:02:03.867] › [AGENT3] Stable 2/4 (1,500 chars)
  [05:02:06.441] › [AGENT3] Stable 3/4 (1,500 chars)
  [05:02:09.030] › [AGENT3] Stable 4/4 (1,500 chars)
  [05:02:09.031] ✓ [AGENT3] Response ready: 1,500 chars.
  [05:02:09.031] ✓ [AGENT3] AGENT3 generated 10 candidate problems in cycle 11
  [05:02:09.032] → [AGENT3] Sending 663 chars …
  [05:02:09.039] › [AGENT3] Found input box via: rich-textarea div[contenteditable='true']
  [05:02:09.040] › [AGENT3] Typing 663 chars …
  [05:02:09.659] › [AGENT3] Input verified: 680 chars placed
  [05:02:10.554] › [AGENT3] Send clicked via JS: button[aria-label='Send message']
  [05:02:10.554] ✓ [AGENT3] Dispatched.
  [05:02:10.555] ← [AGENT3] Waiting for response …
  [05:02:10.857] › [AGENT3] Response blocks before send: 184
  [05:02:10.987] › [AGENT3] Streaming started.
  [05:02:21.086] › [AGENT3] Stable 1/4 (1,352 chars)
  [05:02:23.742] › [AGENT3] Stable 2/4 (1,352 chars)
  [05:02:26.360] › [AGENT3] tick=5 streaming=False len=1352 stable=2
  [05:02:26.361] › [AGENT3] Stable 3/4 (1,352 chars)
  [05:02:28.969] › [AGENT3] Stable 4/4 (1,352 chars)
  [05:02:28.969] ✓ [AGENT3] Response ready: 1,352 chars.
  [05:02:28.970] → [AGENT3] Sending 1,426 chars …
  [05:02:28.977] › [AGENT3] Found input box via: rich-textarea div[contenteditable='true']
  [05:02:28.977] › [AGENT3] Typing 1426 chars …
  [05:02:30.191] › [AGENT3] Input verified: 1490 chars placed
  [05:02:31.180] › [AGENT3] Send clicked via JS: button[aria-label='Send message']
  [05:02:31.181] ✓ [AGENT3] Dispatched.
  [05:02:31.182] ← [AGENT3] Waiting for response …
  [05:02:31.475] › [AGENT3] Response blocks before send: 185
  [05:02:31.575] › [AGENT3] Streaming started.
  [05:02:41.070] › [AGENT3] Stable 1/4 (1,353 chars)
  [05:02:43.677] › [AGENT3] Stable 2/4 (1,353 chars)
  [05:02:46.281] › [AGENT3] tick=5 streaming=False len=1353 stable=2
  [05:02:46.281] › [AGENT3] Stable 3/4 (1,353 chars)
  [05:02:48.898] › [AGENT3] Stable 4/4 (1,353 chars)
  [05:02:48.898] ✓ [AGENT3] Response ready: 1,353 chars.
  [05:02:48.919] → [AGENT3] Sending 607 chars …
  [05:02:48.926] › [AGENT3] Found input box via: rich-textarea div[contenteditable='true']
  [05:02:48.926] › [AGENT3] Typing 607 chars …
  [05:02:49.535] › [AGENT3] Input verified: 624 chars placed
  [05:02:50.501] › [AGENT3] Send clicked via JS: button[aria-label='Send message']
  [05:02:50.501] ✓ [AGENT3] Dispatched.
  [05:02:50.502] ← [AGENT3] Waiting for response …
  [05:02:50.996] › [AGENT3] Response blocks before send: 186
  [05:02:51.075] › [AGENT3] Streaming started.
  [05:02:59.952] › [AGENT3] Stable 1/4 (888 chars)
  [05:03:02.548] › [AGENT3] Stable 2/4 (888 chars)
  [05:03:05.149] › [AGENT3] tick=5 streaming=False len=888 stable=2
  [05:03:05.149] › [AGENT3] Stable 3/4 (888 chars)
  [05:03:07.750] › [AGENT3] Stable 4/4 (888 chars)
  [05:03:07.751] ✓ [AGENT3] Response ready: 888 chars.
  [05:03:07.752] → [AGENT3] Sending 962 chars …
  [05:03:07.759] › [AGENT3] Found input box via: rich-textarea div[contenteditable='true']
  [05:03:07.759] › [AGENT3] Typing 962 chars …
  [05:03:08.747] › [AGENT3] Input verified: 1009 chars placed
  [05:03:09.618] › [AGENT3] Send clicked via JS: button[aria-label='Send message']
  [05:03:09.618] ✓ [AGENT3] Dispatched.
  [05:03:09.619] ← [AGENT3] Waiting for response …
  [05:03:09.910] › [AGENT3] Response blocks before send: 187
  [05:03:09.993] › [AGENT3] Streaming started.
  [05:03:19.682] › [AGENT3] Stable 1/4 (888 chars)
  [05:03:22.291] › [AGENT3] Stable 2/4 (888 chars)
  [05:03:24.896] › [AGENT3] tick=5 streaming=False len=888 stable=2
  [05:03:24.897] › [AGENT3] Stable 3/4 (888 chars)
  [05:03:27.503] › [AGENT3] Stable 4/4 (888 chars)
  [05:03:27.504] ✓ [AGENT3] Response ready: 888 chars.
  [05:03:27.523] → [AGENT3] Sending 640 chars …
  [05:03:27.530] › [AGENT3] Found input box via: rich-textarea div[contenteditable='true']
  [05:03:27.530] › [AGENT3] Typing 640 chars …
  [05:03:28.182] › [AGENT3] Input verified: 657 chars placed
  [05:03:29.093] › [AGENT3] Send clicked via JS: button[aria-label='Send message']
  [05:03:29.094] ✓ [AGENT3] Dispatched.
  [05:03:29.095] ← [AGENT3] Waiting for response …
  [05:03:29.426] › [AGENT3] Response blocks before send: 188
  [05:03:29.526] › [AGENT3] Streaming started.
  [05:03:39.436] › [AGENT3] Stable 1/4 (1,157 chars)
  [05:03:42.045] › [AGENT3] Stable 2/4 (1,157 chars)
  [05:03:44.648] › [AGENT3] tick=5 streaming=False len=1157 stable=2
  [05:03:44.648] › [AGENT3] Stable 3/4 (1,157 chars)
  [05:03:47.264] › [AGENT3] Stable 4/4 (1,157 chars)
  [05:03:47.264] ✓ [AGENT3] Response ready: 1,157 chars.
  [05:03:47.265] → [AGENT3] Sending 1,231 chars …
  [05:03:47.273] › [AGENT3] Found input box via: rich-textarea div[contenteditable='true']
  [05:03:47.273] › [AGENT3] Typing 1231 chars …
  [05:03:48.314] › [AGENT3] Input verified: 1290 chars placed
  [05:03:49.259] › [AGENT3] Send clicked via JS: button[aria-label='Send message']
  [05:03:49.259] ✓ [AGENT3] Dispatched.
  [05:03:49.260] ← [AGENT3] Waiting for response …
  [05:03:49.572] › [AGENT3] Response blocks before send: 189
  [05:03:49.675] › [AGENT3] Streaming started.
  [05:04:02.704] › [AGENT3] tick=5 streaming=True len=1157 stable=0
  [05:04:15.742] › [AGENT3] tick=10 streaming=True len=1157 stable=0
  [05:04:27.963] › [AGENT3] Stable 1/4 (1,157 chars)
  [05:04:30.567] › [AGENT3] tick=15 streaming=False len=1157 stable=1
  [05:04:30.567] › [AGENT3] Stable 2/4 (1,157 chars)
  [05:04:33.173] › [AGENT3] Stable 3/4 (1,157 chars)
  [05:04:35.778] › [AGENT3] Stable 4/4 (1,157 chars)
  [05:04:35.779] ✓ [AGENT3] Response ready: 1,157 chars.
  [05:04:35.798] → [AGENT3] Sending 638 chars …
  [05:04:35.805] › [AGENT3] Found input box via: rich-textarea div[contenteditable='true']
  [05:04:35.805] › [AGENT3] Typing 638 chars …
  [05:04:36.563] › [AGENT3] Input verified: 655 chars placed
  [05:04:37.581] › [AGENT3] Send clicked via JS: button[aria-label='Send message']
  [05:04:37.581] ✓ [AGENT3] Dispatched.
  [05:04:37.583] ← [AGENT3] Waiting for response …
  [05:04:37.923] › [AGENT3] Response blocks before send: 190
  [05:04:38.039] › [AGENT3] Streaming started.
  [05:04:47.520] › [AGENT3] Stable 1/4 (1,129 chars)
  [05:04:50.123] › [AGENT3] Stable 2/4 (1,129 chars)
  [05:04:52.729] › [AGENT3] tick=5 streaming=False len=1129 stable=2
  [05:04:52.729] › [AGENT3] Stable 3/4 (1,129 chars)
  [05:04:55.334] › [AGENT3] Stable 4/4 (1,129 chars)
  [05:04:55.335] ✓ [AGENT3] Response ready: 1,129 chars.
  [05:04:55.336] → [AGENT3] Sending 1,203 chars …
  [05:04:55.343] › [AGENT3] Found input box via: rich-textarea div[contenteditable='true']
  [05:04:55.343] › [AGENT3] Typing 1203 chars …
  [05:04:56.451] › [AGENT3] Input verified: 1256 chars placed
  [05:04:57.346] › [AGENT3] Send clicked via JS: button[aria-label='Send message']
  [05:04:57.346] ✓ [AGENT3] Dispatched.
  [05:04:57.347] ← [AGENT3] Waiting for response …
  [05:04:57.648] › [AGENT3] Response blocks before send: 191
  [05:04:57.759] › [AGENT3] Streaming started.
  [05:05:06.782] › [AGENT3] Stable 1/4 (1,105 chars)
  [05:05:09.375] › [AGENT3] Stable 2/4 (1,105 chars)
  [05:05:11.975] › [AGENT3] tick=5 streaming=False len=1105 stable=2
  [05:05:11.975] › [AGENT3] Stable 3/4 (1,105 chars)
  [05:05:14.585] › [AGENT3] Stable 4/4 (1,105 chars)
  [05:05:14.586] ✓ [AGENT3] Response ready: 1,105 chars.
  [05:05:14.716] → [AGENT3] Sending 585 chars …
  [05:05:14.748] › [AGENT3] Found input box via: rich-textarea div[contenteditable='true']
  [05:05:14.749] › [AGENT3] Typing 585 chars …
  [05:05:15.466] › [AGENT3] Input verified: 602 chars placed
  [05:05:16.404] › [AGENT3] Send clicked via JS: button[aria-label='Send message']
  [05:05:16.405] ✓ [AGENT3] Dispatched.
  [05:05:16.406] ← [AGENT3] Waiting for response …
  [05:05:16.798] › [AGENT3] Response blocks before send: 192
  [05:05:16.858] › [AGENT3] Streaming started.
  [05:05:26.350] › [AGENT3] Stable 1/4 (1,021 chars)
  [05:05:28.955] › [AGENT3] Stable 2/4 (1,021 chars)
  [05:05:31.558] › [AGENT3] tick=5 streaming=False len=1021 stable=2
  [05:05:31.559] › [AGENT3] Stable 3/4 (1,021 chars)
  [05:05:34.162] › [AGENT3] Stable 4/4 (1,021 chars)
  [05:05:34.163] ✓ [AGENT3] Response ready: 1,021 chars.
  [05:05:34.164] → [AGENT3] Sending 1,095 chars …
  [05:05:34.170] › [AGENT3] Found input box via: rich-textarea div[contenteditable='true']
  [05:05:34.170] › [AGENT3] Typing 1095 chars …
  [05:05:35.165] › [AGENT3] Input verified: 1144 chars placed
  [05:05:36.056] › [AGENT3] Send clicked via JS: button[aria-label='Send message']
  [05:05:36.056] ✓ [AGENT3] Dispatched.
  [05:05:36.057] ← [AGENT3] Waiting for response …
  [05:05:36.362] › [AGENT3] Response blocks before send: 193
  [05:05:36.488] › [AGENT3] Streaming started.
  [05:05:45.878] › [AGENT3] Stable 1/4 (1,021 chars)
  [05:05:48.487] › [AGENT3] Stable 2/4 (1,021 chars)
  [05:05:51.114] › [AGENT3] tick=5 streaming=False len=1021 stable=2
  [05:05:51.114] › [AGENT3] Stable 3/4 (1,021 chars)
  [05:05:53.720] › [AGENT3] Stable 4/4 (1,021 chars)
  [05:05:53.721] ✓ [AGENT3] Response ready: 1,021 chars.
  [05:05:53.741] → [AGENT3] Sending 649 chars …
  [05:05:53.748] › [AGENT3] Found input box via: rich-textarea div[contenteditable='true']
  [05:05:53.748] › [AGENT3] Typing 649 chars …
  [05:05:54.388] › [AGENT3] Input verified: 666 chars placed
  [05:05:55.331] › [AGENT3] Send clicked via JS: button[aria-label='Send message']
  [05:05:55.333] ✓ [AGENT3] Dispatched.
  [05:05:55.335] ← [AGENT3] Waiting for response …
  [05:05:55.834] › [AGENT3] Response blocks before send: 194
  [05:05:55.924] › [AGENT3] Streaming started.
  [05:06:04.547] › [AGENT3] Stable 1/4 (817 chars)
  [05:06:07.130] › [AGENT3] Stable 2/4 (817 chars)
  [05:06:09.715] › [AGENT3] tick=5 streaming=False len=817 stable=2
  [05:06:09.715] › [AGENT3] Stable 3/4 (817 chars)
  [05:06:12.310] › [AGENT3] Stable 4/4 (817 chars)
  [05:06:12.310] ✓ [AGENT3] Response ready: 817 chars.
  [05:06:12.329] → [AGENT3] Sending 616 chars …
  [05:06:12.336] › [AGENT3] Found input box via: rich-textarea div[contenteditable='true']
  [05:06:12.336] › [AGENT3] Typing 616 chars …
  [05:06:13.055] › [AGENT3] Input verified: 633 chars placed
  [05:06:13.951] › [AGENT3] Send clicked via JS: button[aria-label='Send message']
  [05:06:13.951] ✓ [AGENT3] Dispatched.
  [05:06:13.952] ← [AGENT3] Waiting for response …
  [05:06:14.269] › [AGENT3] Response blocks before send: 195
  [05:06:14.484] › [AGENT3] Streaming started.
  [05:06:23.909] › [AGENT3] Stable 1/4 (1,050 chars)
  [05:06:26.517] › [AGENT3] Stable 2/4 (1,050 chars)
  [05:06:29.110] › [AGENT3] tick=5 streaming=False len=1050 stable=2
  [05:06:29.110] › [AGENT3] Stable 3/4 (1,050 chars)
  [05:06:31.721] › [AGENT3] Stable 4/4 (1,050 chars)
  [05:06:31.722] ✓ [AGENT3] Response ready: 1,050 chars.
  [05:06:31.722] → [AGENT3] Sending 1,124 chars …
  [05:06:31.729] › [AGENT3] Found input box via: rich-textarea div[contenteditable='true']
  [05:06:31.729] › [AGENT3] Typing 1124 chars …
  [05:06:32.681] › [AGENT3] Input verified: 1174 chars placed
  [05:06:33.624] › [AGENT3] Send clicked via JS: button[aria-label='Send message']
  [05:06:33.624] ✓ [AGENT3] Dispatched.
  [05:06:33.625] ← [AGENT3] Waiting for response …
  [05:06:33.928] › [AGENT3] Response blocks before send: 196
  [05:06:34.098] › [AGENT3] Streaming started.
  [05:06:43.292] › [AGENT3] Stable 1/4 (1,050 chars)
  [05:06:45.901] › [AGENT3] Stable 2/4 (1,050 chars)
  [05:06:48.484] › [AGENT3] tick=5 streaming=False len=1050 stable=2
  [05:06:48.485] › [AGENT3] Stable 3/4 (1,050 chars)
  [05:06:51.094] › [AGENT3] Stable 4/4 (1,050 chars)
  [05:06:51.095] ✓ [AGENT3] Response ready: 1,050 chars.
  [05:06:51.115] → [AGENT3] Sending 615 chars …
  [05:06:51.123] › [AGENT3] Found input box via: rich-textarea div[contenteditable='true']
  [05:06:51.123] › [AGENT3] Typing 615 chars …
  [05:06:51.826] › [AGENT3] Input verified: 632 chars placed
  [05:06:52.754] › [AGENT3] Send clicked via JS: button[aria-label='Send message']
  [05:06:52.754] ✓ [AGENT3] Dispatched.
  [05:06:52.755] ← [AGENT3] Waiting for response …
  [05:06:53.079] › [AGENT3] Response blocks before send: 197
  [05:06:53.211] › [AGENT3] Streaming started.
  [05:07:02.956] › [AGENT3] Stable 1/4 (1,013 chars)
  [05:07:05.564] › [AGENT3] Stable 2/4 (1,013 chars)
  [05:07:08.170] › [AGENT3] tick=5 streaming=False len=1013 stable=2
  [05:07:08.171] › [AGENT3] Stable 3/4 (1,013 chars)
  [05:07:10.776] › [AGENT3] Stable 4/4 (1,013 chars)
  [05:07:10.777] ✓ [AGENT3] Response ready: 1,013 chars.
  [05:07:10.778] → [AGENT3] Sending 1,087 chars …
  [05:07:10.784] › [AGENT3] Found input box via: rich-textarea div[contenteditable='true']
  [05:07:10.784] › [AGENT3] Typing 1087 chars …
  [05:07:11.668] › [AGENT3] Input verified: 1136 chars placed
  [05:07:12.588] › [AGENT3] Send clicked via JS: button[aria-label='Send message']
  [05:07:12.588] ✓ [AGENT3] Dispatched.
  [05:07:12.589] ← [AGENT3] Waiting for response …
  [05:07:12.910] › [AGENT3] Response blocks before send: 198
  [05:07:13.027] › [AGENT3] Streaming started.
  [05:07:22.511] › [AGENT3] Stable 1/4 (1,013 chars)
  [05:07:25.118] › [AGENT3] Stable 2/4 (1,013 chars)
  [05:07:27.724] › [AGENT3] tick=5 streaming=False len=1013 stable=2
  [05:07:27.724] › [AGENT3] Stable 3/4 (1,013 chars)
  [05:07:30.331] › [AGENT3] Stable 4/4 (1,013 chars)
  [05:07:30.332] ✓ [AGENT3] Response ready: 1,013 chars.
  [05:07:30.353] → [AGENT3] Sending 623 chars …
  [05:07:30.360] › [AGENT3] Found input box via: rich-textarea div[contenteditable='true']
  [05:07:30.360] › [AGENT3] Typing 623 chars …
  [05:07:31.076] › [AGENT3] Input verified: 640 chars placed
  [05:07:32.103] › [AGENT3] Send clicked via JS: button[aria-label='Send message']
  [05:07:32.103] ✓ [AGENT3] Dispatched.
  [05:07:32.104] ← [AGENT3] Waiting for response …
  [05:07:32.447] › [AGENT3] Response blocks before send: 199
  [05:07:32.592] › [AGENT3] Streaming started.
  [05:07:42.245] › [AGENT3] Stable 1/4 (1,099 chars)
  [05:07:44.844] › [AGENT3] Stable 2/4 (1,099 chars)
  [05:07:47.458] › [AGENT3] tick=5 streaming=False len=1099 stable=2
  [05:07:47.459] › [AGENT3] Stable 3/4 (1,099 chars)
  [05:07:50.070] › [AGENT3] Stable 4/4 (1,099 chars)
  [05:07:50.071] ✓ [AGENT3] Response ready: 1,099 chars.
  [05:07:50.072] → [AGENT3] Sending 1,173 chars …
  [05:07:50.079] › [AGENT3] Found input box via: rich-textarea div[contenteditable='true']
  [05:07:50.079] › [AGENT3] Typing 1173 chars …
  [05:07:51.045] › [AGENT3] Input verified: 1233 chars placed
  [05:07:51.993] › [AGENT3] Send clicked via JS: button[aria-label='Send message']
  [05:07:51.993] ✓ [AGENT3] Dispatched.
  [05:07:51.994] ← [AGENT3] Waiting for response …
  [05:07:52.303] › [AGENT3] Response blocks before send: 200
  [05:07:52.472] › [AGENT3] Streaming started.
  [05:08:01.793] › [AGENT3] Stable 1/4 (1,068 chars)
  [05:08:04.392] › [AGENT3] Stable 2/4 (1,068 chars)
  [05:08:06.981] › [AGENT3] tick=5 streaming=False len=1068 stable=2
  [05:08:06.981] › [AGENT3] Stable 3/4 (1,068 chars)
  [05:08:09.582] › [AGENT3] Stable 4/4 (1,068 chars)
  [05:08:09.583] ✓ [AGENT3] Response ready: 1,068 chars.
  [05:08:09.602] → [AGENT3] Sending 632 chars …
  [05:08:09.609] › [AGENT3] Found input box via: rich-textarea div[contenteditable='true']
  [05:08:09.609] › [AGENT3] Typing 632 chars …
  [05:08:10.265] › [AGENT3] Input verified: 649 chars placed
  [05:08:11.263] › [AGENT3] Send clicked via JS: button[aria-label='Send message']
  [05:08:11.263] ✓ [AGENT3] Dispatched.
  [05:08:11.264] ← [AGENT3] Waiting for response …
  [05:08:11.651] › [AGENT3] Response blocks before send: 201
  [05:08:11.758] › [AGENT3] Streaming started.
  [05:08:21.523] › [AGENT3] Stable 1/4 (1,105 chars)
  [05:08:24.158] › [AGENT3] Stable 2/4 (1,105 chars)
  [05:08:26.765] › [AGENT3] tick=5 streaming=False len=1105 stable=2
  [05:08:26.765] › [AGENT3] Stable 3/4 (1,105 chars)
  [05:08:29.404] › [AGENT3] Stable 4/4 (1,105 chars)
  [05:08:29.405] ✓ [AGENT3] Response ready: 1,105 chars.
  [05:08:29.406] → [AGENT3] Sending 1,179 chars …
  [05:08:29.417] › [AGENT3] Found input box via: rich-textarea div[contenteditable='true']
  [05:08:29.418] › [AGENT3] Typing 1179 chars …
  [05:08:30.584] › [AGENT3] Input verified: 1257 chars placed
  [05:08:31.513] › [AGENT3] Send clicked via JS: button[aria-label='Send message']
  [05:08:31.514] ✓ [AGENT3] Dispatched.
  [05:08:31.515] ← [AGENT3] Waiting for response …
  [05:08:31.829] › [AGENT3] Response blocks before send: 202
  [05:08:31.995] › [AGENT3] Streaming started.
  [05:08:41.477] › [AGENT3] Stable 1/4 (1,105 chars)
  [05:08:44.151] › [AGENT3] Stable 2/4 (1,105 chars)
  [05:08:46.778] › [AGENT3] tick=5 streaming=False len=1105 stable=2
  [05:08:46.778] › [AGENT3] Stable 3/4 (1,105 chars)
  [05:08:49.391] › [AGENT3] Stable 4/4 (1,105 chars)
  [05:08:49.391] ✓ [AGENT3] Response ready: 1,105 chars.
  [05:08:49.430] → [AGENT4] Sending 482 chars …
  [05:08:49.605] › [AGENT4] Found input box via: rich-textarea div[contenteditable='true']
  [05:08:49.606] › [AGENT4] Typing 482 chars …
  [05:08:50.073] › [AGENT4] Input verified: 489 chars placed
  [05:08:50.765] › [AGENT4] Send clicked via JS: button.send-button
  [05:08:50.766] ✓ [AGENT4] Dispatched.
  [05:08:50.767] ← [AGENT4] Waiting for response …
  [05:08:50.776] › [AGENT4] Response blocks before send: 62
  [05:08:50.794] › [AGENT4] Streaming started.
  [05:09:03.588] › [AGENT4] tick=5 streaming=True len=965 stable=0
  [05:09:16.387] › [AGENT4] tick=10 streaming=True len=965 stable=0
  [05:09:29.195] › [AGENT4] tick=15 streaming=True len=965 stable=0
  [05:09:41.996] › [AGENT4] tick=20 streaming=True len=965 stable=0
  [05:09:54.834] › [AGENT4] tick=25 streaming=True len=965 stable=0
  [05:10:07.638] › [AGENT4] tick=30 streaming=True len=965 stable=0
  [05:10:20.578] › [AGENT4] tick=35 streaming=True len=965 stable=0
  [05:10:33.428] › [AGENT4] tick=40 streaming=True len=965 stable=0
  [05:10:46.225] › [AGENT4] tick=45 streaming=True len=965 stable=0
  [05:10:59.033] › [AGENT4] tick=50 streaming=True len=965 stable=0
  [05:11:11.848] › [AGENT4] tick=55 streaming=True len=965 stable=0
  [05:11:24.676] › [AGENT4] tick=60 streaming=True len=965 stable=0
  [05:11:37.503] › [AGENT4] tick=65 streaming=True len=965 stable=0
  [05:11:50.303] › [AGENT4] tick=70 streaming=True len=965 stable=0
  [05:11:52.857] ⚠ [AGENT4] Timed out — returning best capture.
  [05:11:52.858] → [AGENT4] Sending 1,111 chars …
  [05:11:52.866] › [AGENT4] Found input box via: rich-textarea div[contenteditable='true']
  [05:11:52.866] › [AGENT4] Typing 1111 chars …
  [05:11:53.440] › [AGENT4] Input verified: 1168 chars placed
  [05:11:54.136] › [AGENT4] Send clicked via JS: button.send-button
  [05:11:54.136] ✓ [AGENT4] Dispatched.
  [05:11:54.137] ← [AGENT4] Waiting for response …
  [05:11:54.144] › [AGENT4] Response blocks before send: 62
  [05:11:54.153] › [AGENT4] Streaming started.
  [05:12:06.968] › [AGENT4] tick=5 streaming=True len=965 stable=0
  [05:12:19.801] › [AGENT4] tick=10 streaming=True len=965 stable=0
  [05:12:32.622] › [AGENT4] tick=15 streaming=True len=965 stable=0
  [05:12:45.447] › [AGENT4] tick=20 streaming=True len=965 stable=0
  [05:12:58.277] › [AGENT4] tick=25 streaming=True len=965 stable=0
  [05:13:11.076] › [AGENT4] tick=30 streaming=True len=965 stable=0
  [05:13:23.887] › [AGENT4] tick=35 streaming=True len=965 stable=0
  [05:13:36.724] › [AGENT4] tick=40 streaming=True len=965 stable=0
  [05:13:49.580] › [AGENT4] tick=45 streaming=True len=965 stable=0
  [05:14:02.409] › [AGENT4] tick=50 streaming=True len=965 stable=0
  [05:14:15.188] › [AGENT4] tick=55 streaming=True len=965 stable=0
  [05:14:27.987] › [AGENT4] tick=60 streaming=True len=965 stable=0
  [05:14:40.795] › [AGENT4] tick=65 streaming=True len=965 stable=0
  [05:14:53.598] › [AGENT4] tick=70 streaming=True len=965 stable=0
  [05:14:56.147] ⚠ [AGENT4] Timed out — returning best capture.
  [05:14:56.148] ✓ [AGENT4] AGENT4 generated 0 candidate problems in cycle 11
  [05:14:56.176] → [AGENT1] Sending 482 chars …
  [05:14:56.399] › [AGENT1] Found input box via: rich-textarea div[contenteditable='true']
  [05:14:56.400] › [AGENT1] Typing 482 chars …
  [05:14:56.804] › [AGENT1] Input verified: 489 chars placed
  [05:14:57.488] › [AGENT1] Send clicked via JS: button.send-button
  [05:14:57.489] ✓ [AGENT1] Dispatched.
  [05:14:57.489] ← [AGENT1] Waiting for response …
  [05:14:57.498] › [AGENT1] Response blocks before send: 41
  [05:14:57.511] › [AGENT1] Streaming started.
  [05:15:10.296] › [AGENT1] tick=5 streaming=True len=751 stable=0
  [05:15:23.111] › [AGENT1] tick=10 streaming=True len=751 stable=0
  [05:15:35.911] › [AGENT1] tick=15 streaming=True len=751 stable=0
  [05:15:48.793] › [AGENT1] tick=20 streaming=True len=751 stable=0
  [05:16:01.598] › [AGENT1] tick=25 streaming=True len=751 stable=0
  [05:16:14.427] › [AGENT1] tick=30 streaming=True len=751 stable=0
  [05:16:27.250] › [AGENT1] tick=35 streaming=True len=751 stable=0
  [05:16:40.032] › [AGENT1] tick=40 streaming=True len=751 stable=0
  [05:16:52.838] › [AGENT1] tick=45 streaming=True len=751 stable=0
  [05:17:05.668] › [AGENT1] tick=50 streaming=True len=751 stable=0
  [05:17:18.479] › [AGENT1] tick=55 streaming=True len=751 stable=0
  [05:17:31.316] › [AGENT1] tick=60 streaming=True len=751 stable=0
  [05:17:44.108] › [AGENT1] tick=65 streaming=True len=751 stable=0
  [05:17:56.914] › [AGENT1] tick=70 streaming=True len=751 stable=0
  [05:17:59.455] ⚠ [AGENT1] Timed out — returning best capture.
  [05:17:59.456] → [AGENT1] Sending 897 chars …
  [05:17:59.463] › [AGENT1] Found input box via: rich-textarea div[contenteditable='true']
  [05:17:59.463] › [AGENT1] Typing 897 chars …
  [05:17:59.978] › [AGENT1] Input verified: 938 chars placed
  [05:18:00.673] › [AGENT1] Send clicked via JS: button.send-button
  [05:18:00.673] ✓ [AGENT1] Dispatched.
  [05:18:00.675] ← [AGENT1] Waiting for response …
  [05:18:00.682] › [AGENT1] Response blocks before send: 41
  [05:18:00.691] › [AGENT1] Streaming started.
  [05:18:13.494] › [AGENT1] tick=5 streaming=True len=751 stable=0
  [05:18:26.351] › [AGENT1] tick=10 streaming=True len=751 stable=0
  [05:18:39.138] › [AGENT1] tick=15 streaming=True len=751 stable=0
  [05:18:51.933] › [AGENT1] tick=20 streaming=True len=751 stable=0
  [05:19:04.735] › [AGENT1] tick=25 streaming=True len=751 stable=0
  [05:19:17.552] › [AGENT1] tick=30 streaming=True len=751 stable=0
  [05:19:30.341] › [AGENT1] tick=35 streaming=True len=751 stable=0
  [05:19:43.130] › [AGENT1] tick=40 streaming=True len=751 stable=0
  [05:19:55.930] › [AGENT1] tick=45 streaming=True len=751 stable=0
  [05:20:08.772] › [AGENT1] tick=50 streaming=True len=751 stable=0
  [05:20:21.587] › [AGENT1] tick=55 streaming=True len=751 stable=0
  [05:20:34.377] › [AGENT1] tick=60 streaming=True len=751 stable=0
  [05:20:47.168] › [AGENT1] tick=65 streaming=True len=751 stable=0
  [05:20:59.979] › [AGENT1] tick=70 streaming=True len=751 stable=0
  [05:21:02.541] ⚠ [AGENT1] Timed out — returning best capture.
  [05:21:02.541] ✓ [AGENT1] AGENT1 generated 0 candidate problems in cycle 12
  [05:21:02.572] → [AGENT2] Sending 482 chars …
  [05:21:02.695] › [AGENT2] Found input box via: rich-textarea div[contenteditable='true']
  [05:21:02.696] › [AGENT2] Typing 482 chars …
  [05:21:03.082] › [AGENT2] Input verified: 489 chars placed
  [05:21:03.770] › [AGENT2] Send clicked via JS: button.send-button
  [05:21:03.770] ✓ [AGENT2] Dispatched.
  [05:21:03.771] ← [AGENT2] Waiting for response …
  [05:21:03.779] › [AGENT2] Response blocks before send: 28
  [05:21:03.791] › [AGENT2] Streaming started.
  [05:21:16.584] › [AGENT2] tick=5 streaming=True len=907 stable=0
  [05:21:29.351] › [AGENT2] tick=10 streaming=True len=907 stable=0
  [05:21:42.079] › [AGENT2] tick=15 streaming=True len=907 stable=0
  [05:21:54.852] › [AGENT2] tick=20 streaming=True len=907 stable=0
  [05:22:07.626] › [AGENT2] tick=25 streaming=True len=907 stable=0
  [05:22:20.476] › [AGENT2] tick=30 streaming=True len=907 stable=0
  [05:22:33.258] › [AGENT2] tick=35 streaming=True len=907 stable=0
  [05:22:46.049] › [AGENT2] tick=40 streaming=True len=907 stable=0
  [05:22:58.814] › [AGENT2] tick=45 streaming=True len=907 stable=0
  [05:23:11.653] › [AGENT2] tick=50 streaming=True len=907 stable=0
  [05:23:24.474] › [AGENT2] tick=55 streaming=True len=907 stable=0
  [05:23:37.245] › [AGENT2] tick=60 streaming=True len=907 stable=0
  [05:23:50.080] › [AGENT2] tick=65 streaming=True len=907 stable=0
  [05:24:02.863] › [AGENT2] tick=70 streaming=True len=907 stable=0
  [05:24:05.416] ⚠ [AGENT2] Timed out — returning best capture.
  [05:24:05.419] → [AGENT2] Sending 1,053 chars …
  [05:24:05.428] › [AGENT2] Found input box via: rich-textarea div[contenteditable='true']
  [05:24:05.428] › [AGENT2] Typing 1053 chars …
  [05:24:05.892] › [AGENT2] Input verified: 1100 chars placed
  [05:24:06.580] › [AGENT2] Send clicked via JS: button.send-button
  [05:24:06.581] ✓ [AGENT2] Dispatched.
  [05:24:06.581] ← [AGENT2] Waiting for response …
  [05:24:06.587] › [AGENT2] Response blocks before send: 28
  [05:24:06.595] › [AGENT2] Streaming started.
  [05:24:19.359] › [AGENT2] tick=5 streaming=True len=907 stable=0
  [05:24:32.135] › [AGENT2] tick=10 streaming=True len=907 stable=0
  [05:24:44.907] › [AGENT2] tick=15 streaming=True len=907 stable=0
  [05:24:57.694] › [AGENT2] tick=20 streaming=True len=907 stable=0
  [05:25:10.445] › [AGENT2] tick=25 streaming=True len=907 stable=0
  [05:25:23.200] › [AGENT2] tick=30 streaming=True len=907 stable=0
  [05:25:35.972] › [AGENT2] tick=35 streaming=True len=907 stable=0
  [05:25:48.728] › [AGENT2] tick=40 streaming=True len=907 stable=0
  [05:26:01.512] › [AGENT2] tick=45 streaming=True len=907 stable=0
  [05:26:14.283] › [AGENT2] tick=50 streaming=True len=907 stable=0
  [05:26:27.056] › [AGENT2] tick=55 streaming=True len=907 stable=0
  [05:26:39.835] › [AGENT2] tick=60 streaming=True len=907 stable=0
  [05:26:52.611] › [AGENT2] tick=65 streaming=True len=907 stable=0
  [05:27:05.431] › [AGENT2] tick=70 streaming=True len=907 stable=0
  [05:27:07.988] ⚠ [AGENT2] Timed out — returning best capture.
  [05:27:07.989] ✓ [AGENT2] AGENT2 generated 0 candidate problems in cycle 12
  [05:27:08.010] → [AGENT3] Sending 482 chars …
  [05:27:08.702] › [AGENT3] Found input box via: rich-textarea div[contenteditable='true']
  [05:27:08.703] › [AGENT3] Typing 482 chars …
  [05:27:09.313] › [AGENT3] Input verified: 489 chars placed
  [05:27:10.229] › [AGENT3] Send clicked via JS: button[aria-label='Send message']
  [05:27:10.229] ✓ [AGENT3] Dispatched.
  [05:27:10.230] ← [AGENT3] Waiting for response …
  [05:27:10.557] › [AGENT3] Response blocks before send: 203
  [05:27:10.740] › [AGENT3] Streaming started.
  [05:27:23.905] › [AGENT3] Stable 1/4 (1,556 chars)
  [05:27:26.497] › [AGENT3] tick=5 streaming=False len=1556 stable=1
  [05:27:26.498] › [AGENT3] Stable 2/4 (1,556 chars)
  [05:27:29.071] › [AGENT3] Stable 3/4 (1,556 chars)
  [05:27:31.660] › [AGENT3] Stable 4/4 (1,556 chars)
  [05:27:31.661] ✓ [AGENT3] Response ready: 1,556 chars.
  [05:27:31.661] ✓ [AGENT3] AGENT3 generated 10 candidate problems in cycle 12
  [05:27:31.662] → [AGENT3] Sending 645 chars …
  [05:27:31.668] › [AGENT3] Found input box via: rich-textarea div[contenteditable='true']
  [05:27:31.669] › [AGENT3] Typing 645 chars …
  [05:27:32.291] › [AGENT3] Input verified: 662 chars placed
  [05:27:33.220] › [AGENT3] Send clicked via JS: button[aria-label='Send message']
  [05:27:33.221] ✓ [AGENT3] Dispatched.
  [05:27:33.222] ← [AGENT3] Waiting for response …
  [05:27:33.547] › [AGENT3] Response blocks before send: 204
  [05:27:33.655] › [AGENT3] Streaming started.
  [05:27:43.741] › [AGENT3] Stable 1/4 (1,268 chars)
  [05:27:46.355] › [AGENT3] Stable 2/4 (1,268 chars)
  [05:27:48.972] › [AGENT3] tick=5 streaming=False len=1268 stable=2
  [05:27:48.972] › [AGENT3] Stable 3/4 (1,268 chars)
  [05:27:51.601] › [AGENT3] Stable 4/4 (1,268 chars)
  [05:27:51.601] ✓ [AGENT3] Response ready: 1,268 chars.
  [05:27:51.720] → [AGENT3] Sending 645 chars …
  [05:27:51.792] › [AGENT3] Found input box via: rich-textarea div[contenteditable='true']
  [05:27:51.792] › [AGENT3] Typing 645 chars …
  [05:27:52.579] › [AGENT3] Input verified: 662 chars placed
  [05:27:53.495] › [AGENT3] Send clicked via JS: button[aria-label='Send message']
  [05:27:53.495] ✓ [AGENT3] Dispatched.
  [05:27:53.496] ← [AGENT3] Waiting for response …
  [05:27:53.828] › [AGENT3] Response blocks before send: 205
  [05:27:53.988] › [AGENT3] Streaming started.
  [05:28:06.131] › [AGENT3] Stable 1/4 (1,117 chars)
  [05:28:08.735] › [AGENT3] tick=5 streaming=False len=1117 stable=1
  [05:28:08.736] › [AGENT3] Stable 2/4 (1,117 chars)
  [05:28:11.340] › [AGENT3] Stable 3/4 (1,117 chars)
  [05:28:13.943] › [AGENT3] Stable 4/4 (1,117 chars)
  [05:28:13.944] ✓ [AGENT3] Response ready: 1,117 chars.
  [05:28:13.945] → [AGENT3] Sending 1,191 chars …
  [05:28:13.951] › [AGENT3] Found input box via: rich-textarea div[contenteditable='true']
  [05:28:13.951] › [AGENT3] Typing 1191 chars …
  [05:28:15.075] › [AGENT3] Input verified: 1249 chars placed
  [05:28:16.077] › [AGENT3] Send clicked via JS: button[aria-label='Send message']
  [05:28:16.078] ✓ [AGENT3] Dispatched.
  [05:28:16.079] ← [AGENT3] Waiting for response …
  [05:28:16.386] › [AGENT3] Response blocks before send: 206
  [05:28:16.554] › [AGENT3] Streaming started.
  [05:28:25.924] › [AGENT3] Stable 1/4 (1,115 chars)
  [05:28:28.535] › [AGENT3] Stable 2/4 (1,115 chars)
  [05:28:31.140] › [AGENT3] tick=5 streaming=False len=1115 stable=2
  [05:28:31.140] › [AGENT3] Stable 3/4 (1,115 chars)
  [05:28:33.746] › [AGENT3] Stable 4/4 (1,115 chars)
  [05:28:33.746] ✓ [AGENT3] Response ready: 1,115 chars.
  [05:28:33.766] → [AGENT3] Sending 636 chars …
  [05:28:33.773] › [AGENT3] Found input box via: rich-textarea div[contenteditable='true']
  [05:28:33.773] › [AGENT3] Typing 636 chars …
  [05:28:34.520] › [AGENT3] Input verified: 653 chars placed
  [05:28:35.511] › [AGENT3] Send clicked via JS: button[aria-label='Send message']
  [05:28:35.511] ✓ [AGENT3] Dispatched.
  [05:28:35.512] ← [AGENT3] Waiting for response …
  [05:28:35.878] › [AGENT3] Response blocks before send: 207
  [05:28:36.054] › [AGENT3] Streaming started.
  [05:28:45.619] › [AGENT3] Stable 1/4 (1,190 chars)
  [05:28:48.239] › [AGENT3] Stable 2/4 (1,190 chars)
  [05:28:50.846] › [AGENT3] tick=5 streaming=False len=1190 stable=2
  [05:28:50.846] › [AGENT3] Stable 3/4 (1,190 chars)
  [05:28:53.441] › [AGENT3] Stable 4/4 (1,190 chars)
  [05:28:53.442] ✓ [AGENT3] Response ready: 1,190 chars.
  [05:28:53.442] → [AGENT3] Sending 1,264 chars …
  [05:28:53.449] › [AGENT3] Found input box via: rich-textarea div[contenteditable='true']
  [05:28:53.449] › [AGENT3] Typing 1264 chars …
  [05:28:54.608] › [AGENT3] Input verified: 1318 chars placed
  [05:28:55.557] › [AGENT3] Send clicked via JS: button[aria-label='Send message']
  [05:28:55.557] ✓ [AGENT3] Dispatched.
  [05:28:55.558] ← [AGENT3] Waiting for response …
  [05:28:55.884] › [AGENT3] Response blocks before send: 208
  [05:28:56.028] › [AGENT3] Streaming started.
  [05:29:05.739] › [AGENT3] Stable 1/4 (1,126 chars)
  [05:29:08.349] › [AGENT3] Stable 2/4 (1,126 chars)
  [05:29:10.957] › [AGENT3] tick=5 streaming=False len=1126 stable=2
  [05:29:10.957] › [AGENT3] Stable 3/4 (1,126 chars)
  [05:29:13.552] › [AGENT3] Stable 4/4 (1,126 chars)
  [05:29:13.553] ✓ [AGENT3] Response ready: 1,126 chars.
  [05:29:13.572] → [AGENT3] Sending 662 chars …
  [05:29:13.579] › [AGENT3] Found input box via: rich-textarea div[contenteditable='true']
  [05:29:13.579] › [AGENT3] Typing 662 chars …
  [05:29:14.259] › [AGENT3] Input verified: 679 chars placed
  [05:29:15.198] › [AGENT3] Send clicked via JS: button[aria-label='Send message']
  [05:29:15.198] ✓ [AGENT3] Dispatched.
  [05:29:15.199] ← [AGENT3] Waiting for response …
  [05:29:15.802] › [AGENT3] Response blocks before send: 209
  [05:29:15.919] › [AGENT3] Streaming started.
  [05:29:25.517] › [AGENT3] Stable 1/4 (1,120 chars)
  [05:29:28.115] › [AGENT3] Stable 2/4 (1,120 chars)
  [05:29:30.711] › [AGENT3] tick=5 streaming=False len=1120 stable=2
  [05:29:30.711] › [AGENT3] Stable 3/4 (1,120 chars)
  [05:29:33.295] › [AGENT3] Stable 4/4 (1,120 chars)
  [05:29:33.296] ✓ [AGENT3] Response ready: 1,120 chars.
  [05:29:33.297] → [AGENT3] Sending 1,194 chars …
  [05:29:33.305] › [AGENT3] Found input box via: rich-textarea div[contenteditable='true']
  [05:29:33.305] › [AGENT3] Typing 1194 chars …
  [05:29:34.225] › [AGENT3] Input verified: 1243 chars placed
  [05:29:35.175] › [AGENT3] Send clicked via JS: button[aria-label='Send message']
  [05:29:35.175] ✓ [AGENT3] Dispatched.
  [05:29:35.176] ← [AGENT3] Waiting for response …
  [05:29:35.543] › [AGENT3] Response blocks before send: 210
  [05:29:35.789] › [AGENT3] Streaming started.
  [05:29:45.108] › [AGENT3] Stable 1/4 (1,120 chars)
  [05:29:47.709] › [AGENT3] Stable 2/4 (1,120 chars)
  [05:29:50.307] › [AGENT3] tick=5 streaming=False len=1120 stable=2
  [05:29:50.308] › [AGENT3] Stable 3/4 (1,120 chars)
  [05:29:52.901] › [AGENT3] Stable 4/4 (1,120 chars)
  [05:29:52.902] ✓ [AGENT3] Response ready: 1,120 chars.
  [05:29:52.922] → [AGENT3] Sending 653 chars …
  [05:29:52.929] › [AGENT3] Found input box via: rich-textarea div[contenteditable='true']
  [05:29:52.929] › [AGENT3] Typing 653 chars …
  [05:29:53.621] › [AGENT3] Input verified: 670 chars placed
  [05:29:54.561] › [AGENT3] Send clicked via JS: button[aria-label='Send message']
  [05:29:54.561] ✓ [AGENT3] Dispatched.
  [05:29:54.562] ← [AGENT3] Waiting for response …
  [05:29:54.933] › [AGENT3] Response blocks before send: 211
  [05:29:55.089] › [AGENT3] Streaming started.
  [05:30:04.741] › [AGENT3] Stable 1/4 (1,028 chars)
  [05:30:07.344] › [AGENT3] Stable 2/4 (1,028 chars)
  [05:30:09.944] › [AGENT3] tick=5 streaming=False len=1028 stable=2
  [05:30:09.944] › [AGENT3] Stable 3/4 (1,028 chars)
  [05:30:12.552] › [AGENT3] Stable 4/4 (1,028 chars)
  [05:30:12.553] ✓ [AGENT3] Response ready: 1,028 chars.
  [05:30:12.554] → [AGENT3] Sending 1,102 chars …
  [05:30:12.561] › [AGENT3] Found input box via: rich-textarea div[contenteditable='true']
  [05:30:12.561] › [AGENT3] Typing 1102 chars …
  [05:30:13.558] › [AGENT3] Input verified: 1154 chars placed
  [05:30:14.543] › [AGENT3] Send clicked via JS: button[aria-label='Send message']
  [05:30:14.543] ✓ [AGENT3] Dispatched.
  [05:30:14.544] ← [AGENT3] Waiting for response …
  [05:30:14.890] › [AGENT3] Response blocks before send: 212
  [05:30:15.020] › [AGENT3] Streaming started.
  [05:30:24.618] › [AGENT3] Stable 1/4 (1,027 chars)
  [05:30:27.219] › [AGENT3] Stable 2/4 (1,027 chars)
  [05:30:29.820] › [AGENT3] tick=5 streaming=False len=1027 stable=2
  [05:30:29.820] › [AGENT3] Stable 3/4 (1,027 chars)
  [05:30:32.433] › [AGENT3] Stable 4/4 (1,027 chars)
  [05:30:32.433] ✓ [AGENT3] Response ready: 1,027 chars.
  [05:30:32.454] → [AGENT3] Sending 676 chars …
  [05:30:32.461] › [AGENT3] Found input box via: rich-textarea div[contenteditable='true']
  [05:30:32.462] › [AGENT3] Typing 676 chars …
  [05:30:33.374] › [AGENT3] Input verified: 693 chars placed
  [05:30:34.376] › [AGENT3] Send clicked via JS: button[aria-label='Send message']
  [05:30:34.376] ✓ [AGENT3] Dispatched.
  [05:30:34.377] ← [AGENT3] Waiting for response …
  [05:30:34.762] › [AGENT3] Response blocks before send: 213
  [05:30:34.940] › [AGENT3] Streaming started.
  [05:30:44.790] › [AGENT3] Stable 1/4 (1,163 chars)
  [05:30:47.397] › [AGENT3] Stable 2/4 (1,163 chars)
  [05:30:50.002] › [AGENT3] tick=5 streaming=False len=1163 stable=2
  [05:30:50.003] › [AGENT3] Stable 3/4 (1,163 chars)
  [05:30:52.611] › [AGENT3] Stable 4/4 (1,163 chars)
  [05:30:52.611] ✓ [AGENT3] Response ready: 1,163 chars.
  [05:30:52.612] → [AGENT3] Sending 1,237 chars …
  [05:30:52.619] › [AGENT3] Found input box via: rich-textarea div[contenteditable='true']
  [05:30:52.619] › [AGENT3] Typing 1237 chars …
  [05:30:53.869] › [AGENT3] Input verified: 1296 chars placed
  [05:30:54.785] › [AGENT3] Send clicked via JS: button[aria-label='Send message']
  [05:30:54.785] ✓ [AGENT3] Dispatched.
  [05:30:54.786] ← [AGENT3] Waiting for response …
  [05:30:55.167] › [AGENT3] Response blocks before send: 214
  [05:30:55.305] › [AGENT3] Streaming started.
  [05:31:04.933] › [AGENT3] Stable 1/4 (1,163 chars)
  [05:31:07.540] › [AGENT3] Stable 2/4 (1,163 chars)
  [05:31:10.148] › [AGENT3] tick=5 streaming=False len=1163 stable=2
  [05:31:10.148] › [AGENT3] Stable 3/4 (1,163 chars)
  [05:31:12.753] › [AGENT3] Stable 4/4 (1,163 chars)
  [05:31:12.754] ✓ [AGENT3] Response ready: 1,163 chars.
  [05:31:12.775] → [AGENT3] Sending 575 chars …
  [05:31:12.782] › [AGENT3] Found input box via: rich-textarea div[contenteditable='true']
  [05:31:12.782] › [AGENT3] Typing 575 chars …
  [05:31:13.634] › [AGENT3] Input verified: 592 chars placed
  [05:31:14.638] › [AGENT3] Send clicked via JS: button[aria-label='Send message']
  [05:31:14.638] ✓ [AGENT3] Dispatched.
  [05:31:14.639] ← [AGENT3] Waiting for response …
  [05:31:14.988] › [AGENT3] Response blocks before send: 215
  [05:31:15.189] › [AGENT3] Streaming started.
  [05:31:24.736] › [AGENT3] Stable 1/4 (1,027 chars)
  [05:31:27.335] › [AGENT3] Stable 2/4 (1,027 chars)
  [05:31:29.917] › [AGENT3] tick=5 streaming=False len=1027 stable=2
  [05:31:29.917] › [AGENT3] Stable 3/4 (1,027 chars)
  [05:31:32.546] › [AGENT3] Stable 4/4 (1,027 chars)
  [05:31:32.547] ✓ [AGENT3] Response ready: 1,027 chars.
  [05:31:32.575] → [AGENT3] Sending 630 chars …
  [05:31:32.584] › [AGENT3] Found input box via: rich-textarea div[contenteditable='true']
  [05:31:32.584] › [AGENT3] Typing 630 chars …
  [05:31:33.362] › [AGENT3] Input verified: 647 chars placed
  [05:31:34.291] › [AGENT3] Send clicked via JS: button[aria-label='Send message']
  [05:31:34.291] ✓ [AGENT3] Dispatched.
  [05:31:34.292] ← [AGENT3] Waiting for response …
  [05:31:34.695] › [AGENT3] Response blocks before send: 216
  [05:31:34.893] › [AGENT3] Streaming started.
  [05:31:44.303] › [AGENT3] Stable 1/4 (1,016 chars)
  [05:31:46.910] › [AGENT3] Stable 2/4 (1,016 chars)
  [05:31:49.514] › [AGENT3] tick=5 streaming=False len=1016 stable=2
  [05:31:49.515] › [AGENT3] Stable 3/4 (1,016 chars)
  [05:31:52.129] › [AGENT3] Stable 4/4 (1,016 chars)
  [05:31:52.130] ✓ [AGENT3] Response ready: 1,016 chars.
  [05:31:52.131] → [AGENT3] Sending 1,090 chars …
  [05:31:52.138] › [AGENT3] Found input box via: rich-textarea div[contenteditable='true']
  [05:31:52.138] › [AGENT3] Typing 1090 chars …
  [05:31:53.099] › [AGENT3] Input verified: 1139 chars placed
  [05:31:54.066] › [AGENT3] Send clicked via JS: button[aria-label='Send message']
  [05:31:54.066] ✓ [AGENT3] Dispatched.
  [05:31:54.067] ← [AGENT3] Waiting for response …
  [05:31:54.439] › [AGENT3] Response blocks before send: 217
  [05:31:54.572] › [AGENT3] Streaming started.
  [05:32:04.198] › [AGENT3] Stable 1/4 (1,014 chars)
  [05:32:06.782] › [AGENT3] Stable 2/4 (1,014 chars)
  [05:32:09.388] › [AGENT3] tick=5 streaming=False len=1014 stable=2
  [05:32:09.389] › [AGENT3] Stable 3/4 (1,014 chars)
  [05:32:11.999] › [AGENT3] Stable 4/4 (1,014 chars)
  [05:32:11.999] ✓ [AGENT3] Response ready: 1,014 chars.
  [05:32:12.020] → [AGENT3] Sending 637 chars …
  [05:32:12.027] › [AGENT3] Found input box via: rich-textarea div[contenteditable='true']
  [05:32:12.027] › [AGENT3] Typing 637 chars …
  [05:32:12.689] › [AGENT3] Input verified: 654 chars placed
  [05:32:13.661] › [AGENT3] Send clicked via JS: button[aria-label='Send message']
  [05:32:13.661] ✓ [AGENT3] Dispatched.
  [05:32:13.662] ← [AGENT3] Waiting for response …
  [05:32:14.043] › [AGENT3] Response blocks before send: 218
  [05:32:14.172] › [AGENT3] Streaming started.
  [05:32:24.408] › [AGENT3] Stable 1/4 (1,047 chars)
  [05:32:27.023] › [AGENT3] Stable 2/4 (1,047 chars)
  [05:32:29.624] › [AGENT3] tick=5 streaming=False len=1047 stable=2
  [05:32:29.625] › [AGENT3] Stable 3/4 (1,047 chars)
  [05:32:32.252] › [AGENT3] Stable 4/4 (1,047 chars)
  [05:32:32.252] ✓ [AGENT3] Response ready: 1,047 chars.
  [05:32:32.253] → [AGENT3] Sending 1,121 chars …
  [05:32:32.261] › [AGENT3] Found input box via: rich-textarea div[contenteditable='true']
  [05:32:32.261] › [AGENT3] Typing 1121 chars …
  [05:32:33.477] › [AGENT3] Input verified: 1180 chars placed
  [05:32:34.477] › [AGENT3] Send clicked via JS: button[aria-label='Send message']
  [05:32:34.477] ✓ [AGENT3] Dispatched.
  [05:32:34.478] ← [AGENT3] Waiting for response …
  [05:32:34.846] › [AGENT3] Response blocks before send: 219
  [05:32:34.973] › [AGENT3] Streaming started.
  [05:32:45.052] › [AGENT3] Stable 1/4 (1,047 chars)
  [05:32:47.675] › [AGENT3] Stable 2/4 (1,047 chars)
  [05:32:50.292] › [AGENT3] tick=5 streaming=False len=1047 stable=2
  [05:32:50.293] › [AGENT3] Stable 3/4 (1,047 chars)
  [05:32:52.909] › [AGENT3] Stable 4/4 (1,047 chars)
  [05:32:52.909] ✓ [AGENT3] Response ready: 1,047 chars.
  [05:32:52.930] → [AGENT3] Sending 605 chars …
  [05:32:52.936] › [AGENT3] Found input box via: rich-textarea div[contenteditable='true']
  [05:32:52.937] › [AGENT3] Typing 605 chars …
  [05:32:53.632] › [AGENT3] Input verified: 622 chars placed
  [05:32:54.625] › [AGENT3] Send clicked via JS: button[aria-label='Send message']
  [05:32:54.625] ✓ [AGENT3] Dispatched.
  [05:32:54.626] ← [AGENT3] Waiting for response …
  [05:32:55.004] › [AGENT3] Response blocks before send: 220
  [05:32:55.216] › [AGENT3] Streaming started.
  [05:33:04.909] › [AGENT3] Stable 1/4 (1,063 chars)
  [05:33:07.529] › [AGENT3] Stable 2/4 (1,063 chars)
  [05:33:10.151] › [AGENT3] tick=5 streaming=False len=1063 stable=2
  [05:33:10.151] › [AGENT3] Stable 3/4 (1,063 chars)
  [05:33:12.759] › [AGENT3] Stable 4/4 (1,063 chars)
  [05:33:12.760] ✓ [AGENT3] Response ready: 1,063 chars.
  [05:33:12.760] → [AGENT3] Sending 1,137 chars …
  [05:33:12.767] › [AGENT3] Found input box via: rich-textarea div[contenteditable='true']
  [05:33:12.767] › [AGENT3] Typing 1137 chars …
  [05:33:14.140] › [AGENT3] Input verified: 1194 chars placed
  [05:33:15.123] › [AGENT3] Send clicked via JS: button[aria-label='Send message']
  [05:33:15.124] ✓ [AGENT3] Dispatched.
  [05:33:15.125] ← [AGENT3] Waiting for response …
  [05:33:15.666] › [AGENT3] Response blocks before send: 221
  [05:33:15.822] › [AGENT3] Streaming started.
  [05:33:25.371] › [AGENT3] Stable 1/4 (1,063 chars)
  [05:33:27.981] › [AGENT3] Stable 2/4 (1,063 chars)
  [05:33:30.575] › [AGENT3] tick=5 streaming=False len=1063 stable=2
  [05:33:30.576] › [AGENT3] Stable 3/4 (1,063 chars)
  [05:33:33.184] › [AGENT3] Stable 4/4 (1,063 chars)
  [05:33:33.185] ✓ [AGENT3] Response ready: 1,063 chars.
  [05:33:33.224] → [AGENT4] Sending 482 chars …
  [05:33:33.412] › [AGENT4] Found input box via: rich-textarea div[contenteditable='true']
  [05:33:33.412] › [AGENT4] Typing 482 chars …
  [05:33:33.986] › [AGENT4] Input verified: 489 chars placed
  [05:33:34.684] › [AGENT4] Send clicked via JS: button.send-button
  [05:33:34.684] ✓ [AGENT4] Dispatched.
  [05:33:34.685] ← [AGENT4] Waiting for response …
  [05:33:34.695] › [AGENT4] Response blocks before send: 62
  [05:33:34.709] › [AGENT4] Streaming started.
  [05:33:47.540] › [AGENT4] tick=5 streaming=True len=965 stable=0
  [05:34:00.397] › [AGENT4] tick=10 streaming=True len=965 stable=0
  [05:34:13.204] › [AGENT4] tick=15 streaming=True len=965 stable=0
  [05:34:26.035] › [AGENT4] tick=20 streaming=True len=965 stable=0
  [05:34:38.861] › [AGENT4] tick=25 streaming=True len=965 stable=0
  [05:34:51.710] › [AGENT4] tick=30 streaming=True len=965 stable=0
  [05:35:04.548] › [AGENT4] tick=35 streaming=True len=965 stable=0
  [05:35:17.380] › [AGENT4] tick=40 streaming=True len=965 stable=0
  [05:35:30.244] › [AGENT4] tick=45 streaming=True len=965 stable=0
  [05:35:43.065] › [AGENT4] tick=50 streaming=True len=965 stable=0
  [05:35:55.878] › [AGENT4] tick=55 streaming=True len=965 stable=0
  [05:36:08.707] › [AGENT4] tick=60 streaming=True len=965 stable=0
  [05:36:21.541] › [AGENT4] tick=65 streaming=True len=965 stable=0
  [05:36:34.383] › [AGENT4] tick=70 streaming=True len=965 stable=0
  [05:36:36.963] ⚠ [AGENT4] Timed out — returning best capture.
  [05:36:36.964] → [AGENT4] Sending 1,111 chars …
  [05:36:36.972] › [AGENT4] Found input box via: rich-textarea div[contenteditable='true']
  [05:36:36.972] › [AGENT4] Typing 1111 chars …
  [05:36:37.560] › [AGENT4] Input verified: 1168 chars placed
  [05:36:38.250] › [AGENT4] Send clicked via JS: button.send-button
  [05:36:38.250] ✓ [AGENT4] Dispatched.
  [05:36:38.251] ← [AGENT4] Waiting for response …
  [05:36:38.258] › [AGENT4] Response blocks before send: 62
  [05:36:38.267] › [AGENT4] Streaming started.
  [05:36:51.133] › [AGENT4] tick=5 streaming=True len=965 stable=0
  [05:37:03.944] › [AGENT4] tick=10 streaming=True len=965 stable=0
  [05:37:16.798] › [AGENT4] tick=15 streaming=True len=965 stable=0
  [05:37:29.641] › [AGENT4] tick=20 streaming=True len=965 stable=0
  [05:37:42.459] › [AGENT4] tick=25 streaming=True len=965 stable=0
  [05:37:55.330] › [AGENT4] tick=30 streaming=True len=965 stable=0
  [05:38:08.157] › [AGENT4] tick=35 streaming=True len=965 stable=0
  [05:38:20.992] › [AGENT4] tick=40 streaming=True len=965 stable=0
  [05:38:33.797] › [AGENT4] tick=45 streaming=True len=965 stable=0
  [05:38:46.636] › [AGENT4] tick=50 streaming=True len=965 stable=0
  [05:38:59.448] › [AGENT4] tick=55 streaming=True len=965 stable=0
  [05:39:12.281] › [AGENT4] tick=60 streaming=True len=965 stable=0
  [05:39:25.098] › [AGENT4] tick=65 streaming=True len=965 stable=0
  [05:39:37.933] › [AGENT4] tick=70 streaming=True len=965 stable=0
  [05:39:40.497] ⚠ [AGENT4] Timed out — returning best capture.
  [05:39:40.498] ✓ [AGENT4] AGENT4 generated 0 candidate problems in cycle 12
  [05:39:40.531] → [AGENT1] Sending 482 chars …
  [05:39:40.754] › [AGENT1] Found input box via: rich-textarea div[contenteditable='true']
  [05:39:40.754] › [AGENT1] Typing 482 chars …
  [05:39:41.131] › [AGENT1] Input verified: 489 chars placed
  [05:39:41.798] › [AGENT1] Send clicked via JS: button.send-button
  [05:39:41.799] ✓ [AGENT1] Dispatched.
  [05:39:41.800] ← [AGENT1] Waiting for response …
  [05:39:41.808] › [AGENT1] Response blocks before send: 41
  [05:39:41.821] › [AGENT1] Streaming started.
  [05:39:54.607] › [AGENT1] tick=5 streaming=True len=751 stable=0
  [05:40:07.391] › [AGENT1] tick=10 streaming=True len=751 stable=0
  [05:40:20.189] › [AGENT1] tick=15 streaming=True len=751 stable=0
  [05:40:32.989] › [AGENT1] tick=20 streaming=True len=751 stable=0
  [05:40:45.797] › [AGENT1] tick=25 streaming=True len=751 stable=0
  [05:40:58.572] › [AGENT1] tick=30 streaming=True len=751 stable=0
  [05:41:11.367] › [AGENT1] tick=35 streaming=True len=751 stable=0
  [05:41:24.179] › [AGENT1] tick=40 streaming=True len=751 stable=0
  [05:41:36.995] › [AGENT1] tick=45 streaming=True len=751 stable=0
  [05:41:49.805] › [AGENT1] tick=50 streaming=True len=751 stable=0
  [05:42:02.614] › [AGENT1] tick=55 streaming=True len=751 stable=0
  [05:42:15.438] › [AGENT1] tick=60 streaming=True len=751 stable=0
  [05:42:28.266] › [AGENT1] tick=65 streaming=True len=751 stable=0
  [05:42:41.074] › [AGENT1] tick=70 streaming=True len=751 stable=0
  [05:42:43.637] ⚠ [AGENT1] Timed out — returning best capture.
  [05:42:43.638] → [AGENT1] Sending 897 chars …
  [05:42:43.645] › [AGENT1] Found input box via: rich-textarea div[contenteditable='true']
  [05:42:43.646] › [AGENT1] Typing 897 chars …
  [05:42:44.194] › [AGENT1] Input verified: 938 chars placed
  [05:42:44.886] › [AGENT1] Send clicked via JS: button.send-button
  [05:42:44.887] ✓ [AGENT1] Dispatched.
  [05:42:44.888] ← [AGENT1] Waiting for response …
  [05:42:44.895] › [AGENT1] Response blocks before send: 41
  [05:42:44.904] › [AGENT1] Streaming started.
  [05:42:57.709] › [AGENT1] tick=5 streaming=True len=751 stable=0
  [05:43:10.538] › [AGENT1] tick=10 streaming=True len=751 stable=0
  [05:43:23.377] › [AGENT1] tick=15 streaming=True len=751 stable=0
  [05:43:36.264] › [AGENT1] tick=20 streaming=True len=751 stable=0
  [05:43:49.074] › [AGENT1] tick=25 streaming=True len=751 stable=0
  [05:44:01.925] › [AGENT1] tick=30 streaming=True len=751 stable=0
  [05:44:14.715] › [AGENT1] tick=35 streaming=True len=751 stable=0
  [05:44:27.557] › [AGENT1] tick=40 streaming=True len=751 stable=0
  [05:44:40.341] › [AGENT1] tick=45 streaming=True len=751 stable=0
  [05:44:53.114] › [AGENT1] tick=50 streaming=True len=751 stable=0
  [05:45:05.914] › [AGENT1] tick=55 streaming=True len=751 stable=0
  [05:45:18.734] › [AGENT1] tick=60 streaming=True len=751 stable=0
  [05:45:31.554] › [AGENT1] tick=65 streaming=True len=751 stable=0
  [05:45:44.360] › [AGENT1] tick=70 streaming=True len=751 stable=0
  [05:45:46.918] ⚠ [AGENT1] Timed out — returning best capture.
  [05:45:46.918] ✓ [AGENT1] AGENT1 generated 0 candidate problems in cycle 13
  [05:45:46.958] → [AGENT2] Sending 482 chars …
  [05:45:47.071] › [AGENT2] Found input box via: rich-textarea div[contenteditable='true']
  [05:45:47.071] › [AGENT2] Typing 482 chars …
  [05:45:47.432] › [AGENT2] Input verified: 489 chars placed
  [05:45:48.116] › [AGENT2] Send clicked via JS: button.send-button
  [05:45:48.117] ✓ [AGENT2] Dispatched.
  [05:45:48.117] ← [AGENT2] Waiting for response …
  [05:45:48.125] › [AGENT2] Response blocks before send: 28
  [05:45:48.138] › [AGENT2] Streaming started.
  [05:46:00.904] › [AGENT2] tick=5 streaming=True len=907 stable=0
  [05:46:13.753] › [AGENT2] tick=10 streaming=True len=907 stable=0
  [05:46:26.564] › [AGENT2] tick=15 streaming=True len=907 stable=0
  [05:46:39.363] › [AGENT2] tick=20 streaming=True len=907 stable=0
  [05:46:52.138] › [AGENT2] tick=25 streaming=True len=907 stable=0
  [05:47:04.944] › [AGENT2] tick=30 streaming=True len=907 stable=0
  [05:47:17.732] › [AGENT2] tick=35 streaming=True len=907 stable=0
  [05:47:30.515] › [AGENT2] tick=40 streaming=True len=907 stable=0
  [05:47:43.263] › [AGENT2] tick=45 streaming=True len=907 stable=0
  [05:47:56.032] › [AGENT2] tick=50 streaming=True len=907 stable=0
  [05:48:08.778] › [AGENT2] tick=55 streaming=True len=907 stable=0
  [05:48:21.575] › [AGENT2] tick=60 streaming=True len=907 stable=0
  [05:48:34.333] › [AGENT2] tick=65 streaming=True len=907 stable=0
  [05:48:47.129] › [AGENT2] tick=70 streaming=True len=907 stable=0
  [05:48:49.685] ⚠ [AGENT2] Timed out — returning best capture.
  [05:48:49.686] → [AGENT2] Sending 1,053 chars …
  [05:48:49.694] › [AGENT2] Found input box via: rich-textarea div[contenteditable='true']
  [05:48:49.694] › [AGENT2] Typing 1053 chars …
  [05:48:50.155] › [AGENT2] Input verified: 1100 chars placed
  [05:48:50.832] › [AGENT2] Send clicked via JS: button.send-button
  [05:48:50.832] ✓ [AGENT2] Dispatched.
  [05:48:50.833] ← [AGENT2] Waiting for response …
  [05:48:50.838] › [AGENT2] Response blocks before send: 28
  [05:48:50.847] › [AGENT2] Streaming started.
  [05:49:03.602] › [AGENT2] tick=5 streaming=True len=907 stable=0
  [05:49:16.377] › [AGENT2] tick=10 streaming=True len=907 stable=0
  [05:49:29.114] › [AGENT2] tick=15 streaming=True len=907 stable=0
  [05:49:41.891] › [AGENT2] tick=20 streaming=True len=907 stable=0
  [05:49:54.663] › [AGENT2] tick=25 streaming=True len=907 stable=0
  [05:50:07.470] › [AGENT2] tick=30 streaming=True len=907 stable=0
  [05:50:20.228] › [AGENT2] tick=35 streaming=True len=907 stable=0
  [05:50:32.993] › [AGENT2] tick=40 streaming=True len=907 stable=0
  [05:50:45.771] › [AGENT2] tick=45 streaming=True len=907 stable=0
  [05:50:58.588] › [AGENT2] tick=50 streaming=True len=907 stable=0
  [05:51:11.372] › [AGENT2] tick=55 streaming=True len=907 stable=0
  [05:51:24.120] › [AGENT2] tick=60 streaming=True len=907 stable=0
  [05:51:36.884] › [AGENT2] tick=65 streaming=True len=907 stable=0
  [05:51:49.658] › [AGENT2] tick=70 streaming=True len=907 stable=0
  [05:51:52.216] ⚠ [AGENT2] Timed out — returning best capture.
  [05:51:52.216] ✓ [AGENT2] AGENT2 generated 0 candidate problems in cycle 13
  [05:51:52.237] → [AGENT3] Sending 482 chars …
  [05:51:53.209] › [AGENT3] Found input box via: rich-textarea div[contenteditable='true']
  [05:51:53.209] › [AGENT3] Typing 482 chars …
  [05:51:53.842] › [AGENT3] Input verified: 489 chars placed
  [05:51:54.828] › [AGENT3] Send clicked via JS: button[aria-label='Send message']
  [05:51:54.829] ✓ [AGENT3] Dispatched.
  [05:51:54.830] ← [AGENT3] Waiting for response …
  [05:51:55.232] › [AGENT3] Response blocks before send: 222
  [05:51:55.425] › [AGENT3] Streaming started.
  [05:52:08.573] › [AGENT3] Stable 1/4 (1,550 chars)
  [05:52:11.162] › [AGENT3] tick=5 streaming=False len=1550 stable=1
  [05:52:11.162] › [AGENT3] Stable 2/4 (1,550 chars)
  [05:52:13.752] › [AGENT3] Stable 3/4 (1,550 chars)
  [05:52:16.402] › [AGENT3] Stable 4/4 (1,550 chars)
  [05:52:16.403] ✓ [AGENT3] Response ready: 1,550 chars.
  [05:52:16.404] ✓ [AGENT3] AGENT3 generated 10 candidate problems in cycle 13
  [05:52:16.405] → [AGENT3] Sending 661 chars …
  [05:52:16.415] › [AGENT3] Found input box via: rich-textarea div[contenteditable='true']
  [05:52:16.415] › [AGENT3] Typing 661 chars …
  [05:52:17.292] › [AGENT3] Input verified: 678 chars placed
  [05:52:18.336] › [AGENT3] Send clicked via JS: button[aria-label='Send message']
  [05:52:18.336] ✓ [AGENT3] Dispatched.
  [05:52:18.337] ← [AGENT3] Waiting for response …
  [05:52:18.703] › [AGENT3] Response blocks before send: 223
  [05:52:18.840] › [AGENT3] Streaming started.
  [05:52:29.281] › [AGENT3] Stable 1/4 (1,270 chars)
  [05:52:31.883] › [AGENT3] Stable 2/4 (1,270 chars)
  [05:52:34.496] › [AGENT3] tick=5 streaming=False len=1270 stable=2
  [05:52:34.496] › [AGENT3] Stable 3/4 (1,270 chars)
  [05:52:37.115] › [AGENT3] Stable 4/4 (1,270 chars)
  [05:52:37.115] ✓ [AGENT3] Response ready: 1,270 chars.
  [05:52:37.138] → [AGENT3] Sending 681 chars …
  [05:52:37.145] › [AGENT3] Found input box via: rich-textarea div[contenteditable='true']
  [05:52:37.145] › [AGENT3] Typing 681 chars …
  [05:52:37.927] › [AGENT3] Input verified: 698 chars placed
  [05:52:38.982] › [AGENT3] Send clicked via JS: button[aria-label='Send message']
  [05:52:38.983] ✓ [AGENT3] Dispatched.
  [05:52:38.984] ← [AGENT3] Waiting for response …
  [05:52:39.419] › [AGENT3] Response blocks before send: 224
  [05:52:39.699] › [AGENT3] Streaming started.
  [05:52:50.232] › [AGENT3] Stable 1/4 (1,369 chars)
  [05:52:52.842] › [AGENT3] Stable 2/4 (1,369 chars)
  [05:52:55.452] › [AGENT3] tick=5 streaming=False len=1369 stable=2
  [05:52:55.453] › [AGENT3] Stable 3/4 (1,369 chars)
  [05:52:58.060] › [AGENT3] Stable 4/4 (1,369 chars)
  [05:52:58.060] ✓ [AGENT3] Response ready: 1,369 chars.
  [05:52:58.061] → [AGENT3] Sending 1,443 chars …
  [05:52:58.068] › [AGENT3] Found input box via: rich-textarea div[contenteditable='true']
  [05:52:58.068] › [AGENT3] Typing 1443 chars …
  [05:52:59.293] › [AGENT3] Input verified: 1502 chars placed
  [05:53:00.273] › [AGENT3] Send clicked via JS: button[aria-label='Send message']
  [05:53:00.274] ✓ [AGENT3] Dispatched.
  [05:53:00.275] ← [AGENT3] Waiting for response …
  [05:53:00.703] › [AGENT3] Response blocks before send: 225
  [05:53:00.882] › [AGENT3] Streaming started.
  [05:53:11.519] › [AGENT3] Stable 1/4 (1,369 chars)
  [05:53:14.121] › [AGENT3] Stable 2/4 (1,369 chars)
  [05:53:16.752] › [AGENT3] tick=5 streaming=False len=1369 stable=2
  [05:53:16.752] › [AGENT3] Stable 3/4 (1,369 chars)
  [05:53:19.373] › [AGENT3] Stable 4/4 (1,369 chars)
  [05:53:19.374] ✓ [AGENT3] Response ready: 1,369 chars.
  [05:53:19.396] → [AGENT3] Sending 633 chars …
  [05:53:19.404] › [AGENT3] Found input box via: rich-textarea div[contenteditable='true']
  [05:53:19.404] › [AGENT3] Typing 633 chars …
  [05:53:20.187] › [AGENT3] Input verified: 650 chars placed
  [05:53:21.206] › [AGENT3] Send clicked via JS: button[aria-label='Send message']
  [05:53:21.206] ✓ [AGENT3] Dispatched.
  [05:53:21.207] ← [AGENT3] Waiting for response …
  [05:53:21.602] › [AGENT3] Response blocks before send: 226
  [05:53:21.782] › [AGENT3] Streaming started.
  [05:53:31.657] › [AGENT3] Stable 1/4 (1,147 chars)
  [05:53:34.240] › [AGENT3] Stable 2/4 (1,147 chars)
  [05:53:36.858] › [AGENT3] tick=5 streaming=False len=1147 stable=2
  [05:53:36.858] › [AGENT3] Stable 3/4 (1,147 chars)
  [05:53:39.476] › [AGENT3] Stable 4/4 (1,147 chars)
  [05:53:39.476] ✓ [AGENT3] Response ready: 1,147 chars.
  [05:53:39.478] → [AGENT3] Sending 1,221 chars …
  [05:53:39.499] › [AGENT3] Found input box via: rich-textarea div[contenteditable='true']
  [05:53:39.500] › [AGENT3] Typing 1221 chars …
  [05:53:40.761] › [AGENT3] Input verified: 1275 chars placed
  [05:53:41.748] › [AGENT3] Send clicked via JS: button[aria-label='Send message']
  [05:53:41.748] ✓ [AGENT3] Dispatched.
  [05:53:41.749] ← [AGENT3] Waiting for response …
  [05:53:42.134] › [AGENT3] Response blocks before send: 227
  [05:53:42.329] › [AGENT3] Streaming started.
  [05:53:52.714] › [AGENT3] Stable 1/4 (1,147 chars)
  [05:53:55.354] › [AGENT3] Stable 2/4 (1,147 chars)
  [05:53:57.971] › [AGENT3] tick=5 streaming=False len=1147 stable=2
  [05:53:57.972] › [AGENT3] Stable 3/4 (1,147 chars)
  [05:54:00.577] › [AGENT3] Stable 4/4 (1,147 chars)
  [05:54:00.577] ✓ [AGENT3] Response ready: 1,147 chars.
  [05:54:00.600] → [AGENT3] Sending 656 chars …
  [05:54:00.607] › [AGENT3] Found input box via: rich-textarea div[contenteditable='true']
  [05:54:00.607] › [AGENT3] Typing 656 chars …
  [05:54:01.412] › [AGENT3] Input verified: 673 chars placed
  [05:54:02.355] › [AGENT3] Send clicked via JS: button[aria-label='Send message']
  [05:54:02.355] ✓ [AGENT3] Dispatched.
  [05:54:02.357] ← [AGENT3] Waiting for response …
  [05:54:02.796] › [AGENT3] Response blocks before send: 228
  [05:54:02.908] › [AGENT3] Streaming started.
  [05:54:15.183] › [AGENT3] Stable 1/4 (1,140 chars)
  [05:54:17.844] › [AGENT3] tick=5 streaming=False len=1140 stable=1
  [05:54:17.845] › [AGENT3] Stable 2/4 (1,140 chars)
  [05:54:20.518] › [AGENT3] Stable 3/4 (1,140 chars)
  [05:54:23.154] › [AGENT3] Stable 4/4 (1,140 chars)
  [05:54:23.154] ✓ [AGENT3] Response ready: 1,140 chars.
  [05:54:23.155] → [AGENT3] Sending 1,214 chars …
  [05:54:23.162] › [AGENT3] Found input box via: rich-textarea div[contenteditable='true']
  [05:54:23.162] › [AGENT3] Typing 1214 chars …
  [05:54:24.894] › [AGENT3] Input verified: 1294 chars placed
  [05:54:25.962] › [AGENT3] Send clicked via JS: button[aria-label='Send message']
  [05:54:25.963] ✓ [AGENT3] Dispatched.
  [05:54:25.964] ← [AGENT3] Waiting for response …
  [05:54:26.579] › [AGENT3] Response blocks before send: 229
  [05:54:26.819] › [AGENT3] Streaming started.
  [05:54:37.042] › [AGENT3] Stable 1/4 (1,140 chars)
  [05:54:39.696] › [AGENT3] Stable 2/4 (1,140 chars)
  [05:54:42.343] › [AGENT3] tick=5 streaming=False len=1140 stable=2
  [05:54:42.343] › [AGENT3] Stable 3/4 (1,140 chars)
  [05:54:44.977] › [AGENT3] Stable 4/4 (1,140 chars)
  [05:54:44.977] ✓ [AGENT3] Response ready: 1,140 chars.
  [05:54:45.000] → [AGENT3] Sending 647 chars …
  [05:54:45.007] › [AGENT3] Found input box via: rich-textarea div[contenteditable='true']
  [05:54:45.007] › [AGENT3] Typing 647 chars …
  [05:54:45.742] › [AGENT3] Input verified: 664 chars placed
  [05:54:46.749] › [AGENT3] Send clicked via JS: button[aria-label='Send message']
  [05:54:46.749] ✓ [AGENT3] Dispatched.
  [05:54:46.751] ← [AGENT3] Waiting for response …
  [05:54:47.172] › [AGENT3] Response blocks before send: 230
  [05:54:47.361] › [AGENT3] Streaming started.
  [05:54:57.706] › [AGENT3] Stable 1/4 (1,297 chars)
  [05:55:00.312] › [AGENT3] Stable 2/4 (1,297 chars)
  [05:55:02.911] › [AGENT3] tick=5 streaming=False len=1297 stable=2
  [05:55:02.911] › [AGENT3] Stable 3/4 (1,297 chars)
  [05:55:05.532] › [AGENT3] Stable 4/4 (1,297 chars)
  [05:55:05.533] ✓ [AGENT3] Response ready: 1,297 chars.
  [05:55:05.535] → [AGENT3] Sending 1,371 chars …
  [05:55:05.552] › [AGENT3] Found input box via: rich-textarea div[contenteditable='true']
  [05:55:05.552] › [AGENT3] Typing 1371 chars …
  [05:55:07.012] › [AGENT3] Input verified: 1429 chars placed
  [05:55:08.024] › [AGENT3] Send clicked via JS: button[aria-label='Send message']
  [05:55:08.024] ✓ [AGENT3] Dispatched.
  [05:55:08.032] ← [AGENT3] Waiting for response …
  [05:55:08.473] › [AGENT3] Response blocks before send: 231
  [05:55:08.655] › [AGENT3] Streaming started.
  [05:55:18.764] › [AGENT3] Stable 1/4 (1,297 chars)
  [05:55:21.372] › [AGENT3] Stable 2/4 (1,297 chars)
  [05:55:23.970] › [AGENT3] tick=5 streaming=False len=1297 stable=2
  [05:55:23.970] › [AGENT3] Stable 3/4 (1,297 chars)
  [05:55:26.563] › [AGENT3] Stable 4/4 (1,297 chars)
  [05:55:26.564] ✓ [AGENT3] Response ready: 1,297 chars.
  [05:55:26.584] → [AGENT3] Sending 601 chars …
  [05:55:26.591] › [AGENT3] Found input box via: rich-textarea div[contenteditable='true']
  [05:55:26.591] › [AGENT3] Typing 601 chars …
  [05:55:27.443] › [AGENT3] Input verified: 618 chars placed
  [05:55:28.419] › [AGENT3] Send clicked via JS: button[aria-label='Send message']
  [05:55:28.419] ✓ [AGENT3] Dispatched.
  [05:55:28.420] ← [AGENT3] Waiting for response …
  [05:55:28.856] › [AGENT3] Response blocks before send: 232
  [05:55:29.153] › [AGENT3] Streaming started.
  [05:55:44.504] › [AGENT3] tick=5 streaming=True len=989 stable=0
  [05:55:57.758] › [AGENT3] tick=10 streaming=True len=989 stable=0
  [05:56:11.146] › [AGENT3] tick=15 streaming=True len=989 stable=0
  [05:56:24.431] › [AGENT3] tick=20 streaming=True len=989 stable=0
  [05:56:37.724] › [AGENT3] tick=25 streaming=True len=989 stable=0
  [05:56:50.983] › [AGENT3] tick=30 streaming=True len=989 stable=0
  [05:57:04.298] › [AGENT3] tick=35 streaming=True len=989 stable=0
  [05:57:17.566] › [AGENT3] tick=40 streaming=True len=989 stable=0
  [05:57:30.862] › [AGENT3] tick=45 streaming=True len=989 stable=0
  [05:57:44.143] › [AGENT3] tick=50 streaming=True len=989 stable=0
  [05:57:57.395] › [AGENT3] tick=55 streaming=True len=989 stable=0
  [05:58:10.645] › [AGENT3] tick=60 streaming=True len=989 stable=0
  [05:58:23.980] › [AGENT3] tick=65 streaming=True len=989 stable=0
  [05:58:29.279] ⚠ [AGENT3] Timed out — returning best capture.
  [05:58:29.280] → [AGENT3] Sending 1,063 chars …
  [05:58:29.303] › [AGENT3] Found input box via: rich-textarea div[contenteditable='true']
  [05:58:29.303] › [AGENT3] Typing 1063 chars …
  [05:58:30.522] › [AGENT3] Input verified: 1126 chars placed
  [05:58:31.345] › [AGENT3] Send clicked via JS: button.send-button
  [05:58:31.345] ✓ [AGENT3] Dispatched.
  [05:58:31.346] ← [AGENT3] Waiting for response …
  [05:58:31.380] › [AGENT3] Response blocks before send: 233
  [05:58:31.422] › [AGENT3] Streaming started.
  [05:58:44.678] › [AGENT3] tick=5 streaming=True len=989 stable=0
  [05:58:57.966] › [AGENT3] tick=10 streaming=True len=989 stable=0
  [05:59:11.275] › [AGENT3] tick=15 streaming=True len=989 stable=0
  [05:59:24.810] › [AGENT3] tick=20 streaming=True len=989 stable=0
  [05:59:38.043] › [AGENT3] tick=25 streaming=True len=989 stable=0
  [05:59:51.378] › [AGENT3] tick=30 streaming=True len=989 stable=0
  [06:00:04.676] › [AGENT3] tick=35 streaming=True len=989 stable=0
  [06:00:18.167] › [AGENT3] tick=40 streaming=True len=989 stable=0
  [06:00:31.463] › [AGENT3] tick=45 streaming=True len=989 stable=0
  [06:00:44.753] › [AGENT3] tick=50 streaming=True len=989 stable=0
  [06:00:57.980] › [AGENT3] tick=55 streaming=True len=989 stable=0
  [06:01:11.284] › [AGENT3] tick=60 streaming=True len=989 stable=0
  [06:01:24.695] › [AGENT3] tick=65 streaming=True len=989 stable=0
  [06:01:32.628] ⚠ [AGENT3] Timed out — returning best capture.
  [06:01:32.650] → [AGENT3] Sending 583 chars …
  [06:01:32.671] › [AGENT3] Found input box via: rich-textarea div[contenteditable='true']
  [06:01:32.671] › [AGENT3] Typing 583 chars …
  [06:01:33.824] › [AGENT3] Input verified: 600 chars placed
  [06:01:34.872] › [AGENT3] Send clicked via JS: button.send-button
  [06:01:34.872] ✓ [AGENT3] Dispatched.
  [06:01:34.873] ← [AGENT3] Waiting for response …
  [06:01:34.928] › [AGENT3] Response blocks before send: 233
  [06:01:34.970] › [AGENT3] Streaming started.
  [06:01:48.279] › [AGENT3] tick=5 streaming=True len=989 stable=0
  [06:02:01.500] › [AGENT3] tick=10 streaming=True len=989 stable=0
  [06:02:14.802] › [AGENT3] tick=15 streaming=True len=989 stable=0
  [06:02:28.180] › [AGENT3] tick=20 streaming=True len=989 stable=0
  [06:02:41.380] › [AGENT3] tick=25 streaming=True len=989 stable=0
  [06:02:54.761] › [AGENT3] tick=30 streaming=True len=989 stable=0
  [06:03:07.979] › [AGENT3] tick=35 streaming=True len=989 stable=0
  [06:03:21.395] › [AGENT3] tick=40 streaming=True len=989 stable=0
  [06:03:34.650] › [AGENT3] tick=45 streaming=True len=989 stable=0
  [06:03:47.998] › [AGENT3] tick=50 streaming=True len=989 stable=0
  [06:04:01.230] › [AGENT3] tick=55 streaming=True len=989 stable=0
  [06:04:14.730] › [AGENT3] tick=60 streaming=True len=989 stable=0
  [06:04:28.032] › [AGENT3] tick=65 streaming=True len=989 stable=0
  [06:04:36.049] ⚠ [AGENT3] Timed out — returning best capture.
  [06:04:36.051] → [AGENT3] Sending 1,063 chars …
  [06:04:36.091] › [AGENT3] Found input box via: rich-textarea div[contenteditable='true']
  [06:04:36.091] › [AGENT3] Typing 1063 chars …
  [06:04:37.387] › [AGENT3] Input verified: 1126 chars placed
  [06:04:38.208] › [AGENT3] Send clicked via JS: button.send-button
  [06:04:38.209] ✓ [AGENT3] Dispatched.
  [06:04:38.209] ← [AGENT3] Waiting for response …
  [06:04:38.285] › [AGENT3] Response blocks before send: 233
  [06:04:38.319] › [AGENT3] Streaming started.
  [06:04:51.540] › [AGENT3] tick=5 streaming=True len=989 stable=0
  [06:05:04.810] › [AGENT3] tick=10 streaming=True len=989 stable=0
  [06:05:18.238] › [AGENT3] tick=15 streaming=True len=989 stable=0
  [06:05:31.509] › [AGENT3] tick=20 streaming=True len=989 stable=0
  [06:05:44.816] › [AGENT3] tick=25 streaming=True len=989 stable=0
  [06:05:58.095] › [AGENT3] tick=30 streaming=True len=989 stable=0
  [06:06:11.327] › [AGENT3] tick=35 streaming=True len=989 stable=0
  [06:06:24.825] › [AGENT3] tick=40 streaming=True len=989 stable=0
  [06:06:38.012] › [AGENT3] tick=45 streaming=True len=989 stable=0
  [06:06:51.328] › [AGENT3] tick=50 streaming=True len=989 stable=0
  [06:07:04.531] › [AGENT3] tick=55 streaming=True len=989 stable=0
  [06:07:17.819] › [AGENT3] tick=60 streaming=True len=989 stable=0
  [06:07:31.101] › [AGENT3] tick=65 streaming=True len=989 stable=0
  [06:07:39.085] ⚠ [AGENT3] Timed out — returning best capture.
  [06:07:39.113] → [AGENT3] Sending 640 chars …
  [06:07:39.140] › [AGENT3] Found input box via: rich-textarea div[contenteditable='true']
  [06:07:39.141] › [AGENT3] Typing 640 chars …
  [06:07:40.373] › [AGENT3] Input verified: 657 chars placed
  [06:07:41.176] › [AGENT3] Send clicked via JS: button.send-button
  [06:07:41.176] ✓ [AGENT3] Dispatched.
  [06:07:41.177] ← [AGENT3] Waiting for response …
  [06:07:41.208] › [AGENT3] Response blocks before send: 233
  [06:07:41.238] › [AGENT3] Streaming started.
  [06:07:54.531] › [AGENT3] tick=5 streaming=True len=989 stable=0
  [06:08:07.878] › [AGENT3] tick=10 streaming=True len=989 stable=0
  [06:08:21.431] › [AGENT3] tick=15 streaming=True len=989 stable=0
  [06:08:34.667] › [AGENT3] tick=20 streaming=True len=989 stable=0
  [06:08:47.911] › [AGENT3] tick=25 streaming=True len=989 stable=0
  [06:09:01.447] › [AGENT3] tick=30 streaming=True len=989 stable=0
  [06:09:14.781] › [AGENT3] tick=35 streaming=True len=989 stable=0
  [06:09:28.047] › [AGENT3] tick=40 streaming=True len=989 stable=0
  [06:09:41.360] › [AGENT3] tick=45 streaming=True len=989 stable=0
  [06:09:54.668] › [AGENT3] tick=50 streaming=True len=989 stable=0
  [06:10:07.908] › [AGENT3] tick=55 streaming=True len=989 stable=0
  [06:10:21.212] › [AGENT3] tick=60 streaming=True len=989 stable=0
  [06:10:34.413] › [AGENT3] tick=65 streaming=True len=989 stable=0
  [06:10:42.365] ⚠ [AGENT3] Timed out — returning best capture.
  [06:10:42.367] → [AGENT3] Sending 1,063 chars …
  [06:10:42.404] › [AGENT3] Found input box via: rich-textarea div[contenteditable='true']
  [06:10:42.404] › [AGENT3] Typing 1063 chars …
  [06:10:43.657] › [AGENT3] Input verified: 1126 chars placed
  [06:10:44.427] › [AGENT3] Send clicked via JS: button.send-button
  [06:10:44.427] ✓ [AGENT3] Dispatched.
  [06:10:44.428] ← [AGENT3] Waiting for response …
  [06:10:44.462] › [AGENT3] Response blocks before send: 233
  [06:10:44.504] › [AGENT3] Streaming started.
  [06:10:57.900] › [AGENT3] tick=5 streaming=True len=989 stable=0
  [06:11:11.213] › [AGENT3] tick=10 streaming=True len=989 stable=0
  [06:11:24.531] › [AGENT3] tick=15 streaming=True len=989 stable=0
  [06:11:38.228] › [AGENT3] tick=20 streaming=True len=989 stable=0
  [06:11:51.465] › [AGENT3] tick=25 streaming=True len=989 stable=0
  [06:12:04.724] › [AGENT3] tick=30 streaming=True len=989 stable=0
  [06:12:18.261] › [AGENT3] tick=35 streaming=True len=989 stable=0
  [06:12:31.529] › [AGENT3] tick=40 streaming=True len=989 stable=0
  [06:12:44.819] › [AGENT3] tick=45 streaming=True len=989 stable=0
  [06:12:58.079] › [AGENT3] tick=50 streaming=True len=989 stable=0
  [06:13:11.337] › [AGENT3] tick=55 streaming=True len=989 stable=0
  [06:13:24.670] › [AGENT3] tick=60 streaming=True len=989 stable=0
  [06:13:38.061] › [AGENT3] tick=65 streaming=True len=989 stable=0
  [06:13:46.127] ⚠ [AGENT3] Timed out — returning best capture.
  [06:13:46.157] → [AGENT3] Sending 647 chars …
  [06:13:46.204] › [AGENT3] Found input box via: rich-textarea div[contenteditable='true']
  [06:13:46.204] › [AGENT3] Typing 647 chars …
  [06:13:47.456] › [AGENT3] Input verified: 664 chars placed
  [06:13:48.354] › [AGENT3] Send clicked via JS: button.send-button
  [06:13:48.354] ✓ [AGENT3] Dispatched.
  [06:13:48.355] ← [AGENT3] Waiting for response …
  [06:13:48.412] › [AGENT3] Response blocks before send: 233
  [06:13:48.455] › [AGENT3] Streaming started.
  [06:14:01.709] › [AGENT3] tick=5 streaming=True len=989 stable=0
  [06:14:15.055] › [AGENT3] tick=10 streaming=True len=989 stable=0
  [06:14:28.294] › [AGENT3] tick=15 streaming=True len=989 stable=0
  [06:14:41.579] › [AGENT3] tick=20 streaming=True len=989 stable=0
  [06:14:54.810] › [AGENT3] tick=25 streaming=True len=989 stable=0
  [06:15:08.132] › [AGENT3] tick=30 streaming=True len=989 stable=0
  [06:15:21.460] › [AGENT3] tick=35 streaming=True len=989 stable=0
  [06:15:34.708] › [AGENT3] tick=40 streaming=True len=989 stable=0
  [06:15:47.997] › [AGENT3] tick=45 streaming=True len=989 stable=0
  [06:16:01.347] › [AGENT3] tick=50 streaming=True len=989 stable=0
  [06:16:14.584] › [AGENT3] tick=55 streaming=True len=989 stable=0
  [06:16:27.924] › [AGENT3] tick=60 streaming=True len=989 stable=0
  [06:16:41.178] › [AGENT3] tick=65 streaming=True len=989 stable=0
  [06:16:49.165] ⚠ [AGENT3] Timed out — returning best capture.
  [06:16:49.166] → [AGENT3] Sending 1,063 chars …
  [06:16:49.206] › [AGENT3] Found input box via: rich-textarea div[contenteditable='true']
  [06:16:49.206] › [AGENT3] Typing 1063 chars …
  [06:16:50.439] › [AGENT3] Input verified: 1126 chars placed
  [06:16:51.224] › [AGENT3] Send clicked via JS: button.send-button
  [06:16:51.225] ✓ [AGENT3] Dispatched.
  [06:16:51.225] ← [AGENT3] Waiting for response …
  [06:16:51.296] › [AGENT3] Response blocks before send: 233
  [06:16:51.373] › [AGENT3] Streaming started.
  [06:17:04.623] › [AGENT3] tick=5 streaming=True len=989 stable=0
  [06:17:17.973] › [AGENT3] tick=10 streaming=True len=989 stable=0
  [06:17:31.248] › [AGENT3] tick=15 streaming=True len=989 stable=0
  [06:17:44.508] › [AGENT3] tick=20 streaming=True len=989 stable=0
  [06:17:57.780] › [AGENT3] tick=25 streaming=True len=989 stable=0
  [06:18:11.032] › [AGENT3] tick=30 streaming=True len=989 stable=0
  [06:18:24.475] › [AGENT3] tick=35 streaming=True len=989 stable=0
  [06:18:37.830] › [AGENT3] tick=40 streaming=True len=989 stable=0
  [06:18:51.097] › [AGENT3] tick=45 streaming=True len=989 stable=0
  [06:19:04.380] › [AGENT3] tick=50 streaming=True len=989 stable=0
  [06:19:17.662] › [AGENT3] tick=55 streaming=True len=989 stable=0
  [06:19:30.900] › [AGENT3] tick=60 streaming=True len=989 stable=0
  [06:19:44.171] › [AGENT3] tick=65 streaming=True len=989 stable=0
  [06:19:52.165] ⚠ [AGENT3] Timed out — returning best capture.
  [06:19:52.188] → [AGENT3] Sending 609 chars …
  [06:19:52.208] › [AGENT3] Found input box via: rich-textarea div[contenteditable='true']
  [06:19:52.208] › [AGENT3] Typing 609 chars …
  [06:19:53.405] › [AGENT3] Input verified: 626 chars placed
  [06:19:54.185] › [AGENT3] Send clicked via JS: button.send-button
  [06:19:54.185] ✓ [AGENT3] Dispatched.
  [06:19:54.186] ← [AGENT3] Waiting for response …
  [06:19:54.230] › [AGENT3] Response blocks before send: 233
  [06:19:54.325] › [AGENT3] Streaming started.
  [06:20:07.698] › [AGENT3] tick=5 streaming=True len=989 stable=0
  [06:20:21.150] › [AGENT3] tick=10 streaming=True len=989 stable=0
  [06:20:34.544] › [AGENT3] tick=15 streaming=True len=989 stable=0
  [06:20:47.969] › [AGENT3] tick=20 streaming=True len=989 stable=0
  [06:21:01.200] › [AGENT3] tick=25 streaming=True len=989 stable=0
  [06:21:14.899] › [AGENT3] tick=30 streaming=True len=989 stable=0
  [06:21:28.264] › [AGENT3] tick=35 streaming=True len=989 stable=0
  [06:21:41.502] › [AGENT3] tick=40 streaming=True len=989 stable=0
  [06:21:54.978] › [AGENT3] tick=45 streaming=True len=989 stable=0
  [06:22:08.198] › [AGENT3] tick=50 streaming=True len=989 stable=0
  [06:22:21.635] › [AGENT3] tick=55 streaming=True len=989 stable=0
  [06:22:35.401] › [AGENT3] tick=60 streaming=True len=989 stable=0
  [06:22:48.713] › [AGENT3] tick=65 streaming=True len=989 stable=0
  [06:22:56.668] ⚠ [AGENT3] Timed out — returning best capture.
  [06:22:56.670] → [AGENT3] Sending 1,063 chars …
  [06:22:56.707] › [AGENT3] Found input box via: rich-textarea div[contenteditable='true']
  [06:22:56.707] › [AGENT3] Typing 1063 chars …
  [06:22:58.022] › [AGENT3] Input verified: 1126 chars placed
  [06:22:58.840] › [AGENT3] Send clicked via JS: button.send-button
  [06:22:58.840] ✓ [AGENT3] Dispatched.
  [06:22:58.841] ← [AGENT3] Waiting for response …
  [06:22:58.896] › [AGENT3] Response blocks before send: 233
  [06:22:58.939] › [AGENT3] Streaming started.
  [06:23:12.180] › [AGENT3] tick=5 streaming=True len=989 stable=0
  [06:23:25.481] › [AGENT3] tick=10 streaming=True len=989 stable=0
  [06:23:38.764] › [AGENT3] tick=15 streaming=True len=989 stable=0
  [06:23:52.079] › [AGENT3] tick=20 streaming=True len=989 stable=0
  [06:24:05.374] › [AGENT3] tick=25 streaming=True len=989 stable=0
  [06:24:18.899] › [AGENT3] tick=30 streaming=True len=989 stable=0
  [06:24:32.128] › [AGENT3] tick=35 streaming=True len=989 stable=0
  [06:24:45.468] › [AGENT3] tick=40 streaming=True len=989 stable=0
  [06:24:58.716] › [AGENT3] tick=45 streaming=True len=989 stable=0
  [06:25:12.112] › [AGENT3] tick=50 streaming=True len=989 stable=0
  [06:25:25.493] › [AGENT3] tick=55 streaming=True len=989 stable=0
  [06:25:38.833] › [AGENT3] tick=60 streaming=True len=989 stable=0
  [06:25:52.096] › [AGENT3] tick=65 streaming=True len=989 stable=0
  [06:26:00.098] ⚠ [AGENT3] Timed out — returning best capture.
  [06:26:00.175] → [AGENT4] Sending 482 chars …
  [06:26:00.336] › [AGENT4] Found input box via: rich-textarea div[contenteditable='true']
  [06:26:00.337] › [AGENT4] Typing 482 chars …
  [06:26:00.836] › [AGENT4] Input verified: 489 chars placed
  [06:26:01.519] › [AGENT4] Send clicked via JS: button.send-button
  [06:26:01.519] ✓ [AGENT4] Dispatched.
  [06:26:01.520] ← [AGENT4] Waiting for response …
  [06:26:01.529] › [AGENT4] Response blocks before send: 62
  [06:26:01.543] › [AGENT4] Streaming started.
  [06:26:14.337] › [AGENT4] tick=5 streaming=True len=965 stable=0
  [06:26:27.324] › [AGENT4] tick=10 streaming=True len=965 stable=0
  [06:26:40.111] › [AGENT4] tick=15 streaming=True len=965 stable=0
  [06:26:52.907] › [AGENT4] tick=20 streaming=True len=965 stable=0
  [06:27:05.705] › [AGENT4] tick=25 streaming=True len=965 stable=0
  [06:27:18.518] › [AGENT4] tick=30 streaming=True len=965 stable=0
  [06:27:31.314] › [AGENT4] tick=35 streaming=True len=965 stable=0
  [06:27:44.101] › [AGENT4] tick=40 streaming=True len=965 stable=0
  [06:27:56.904] › [AGENT4] tick=45 streaming=True len=965 stable=0
  [06:28:09.712] › [AGENT4] tick=50 streaming=True len=965 stable=0
  [06:28:22.589] › [AGENT4] tick=55 streaming=True len=965 stable=0
  [06:28:35.406] › [AGENT4] tick=60 streaming=True len=965 stable=0
  [06:28:48.224] › [AGENT4] tick=65 streaming=True len=965 stable=0
  [06:29:01.040] › [AGENT4] tick=70 streaming=True len=965 stable=0
  [06:29:03.606] ⚠ [AGENT4] Timed out — returning best capture.
  [06:29:03.607] → [AGENT4] Sending 1,111 chars …
  [06:29:03.615] › [AGENT4] Found input box via: rich-textarea div[contenteditable='true']
  [06:29:03.615] › [AGENT4] Typing 1111 chars …
  [06:29:04.196] › [AGENT4] Input verified: 1168 chars placed
  [06:29:04.891] › [AGENT4] Send clicked via JS: button.send-button
  [06:29:04.891] ✓ [AGENT4] Dispatched.
  [06:29:04.892] ← [AGENT4] Waiting for response …
  [06:29:04.900] › [AGENT4] Response blocks before send: 62
  [06:29:04.908] › [AGENT4] Streaming started.
  [06:29:18.024] › [AGENT4] tick=5 streaming=True len=965 stable=0
  [06:29:30.820] › [AGENT4] tick=10 streaming=True len=965 stable=0
  [06:29:43.673] › [AGENT4] tick=15 streaming=True len=965 stable=0
  [06:29:56.509] › [AGENT4] tick=20 streaming=True len=965 stable=0
  [06:30:09.331] › [AGENT4] tick=25 streaming=True len=965 stable=0
  [06:30:22.195] › [AGENT4] tick=30 streaming=True len=965 stable=0
  [06:30:35.039] › [AGENT4] tick=35 streaming=True len=965 stable=0
  [06:30:47.874] › [AGENT4] tick=40 streaming=True len=965 stable=0
  [06:31:00.657] › [AGENT4] tick=45 streaming=True len=965 stable=0
  [06:31:13.502] › [AGENT4] tick=50 streaming=True len=965 stable=0
  [06:31:26.308] › [AGENT4] tick=55 streaming=True len=965 stable=0
  [06:31:39.118] › [AGENT4] tick=60 streaming=True len=965 stable=0
  [06:31:51.902] › [AGENT4] tick=65 streaming=True len=965 stable=0
  [06:32:04.722] › [AGENT4] tick=70 streaming=True len=965 stable=0
  [06:32:07.288] ⚠ [AGENT4] Timed out — returning best capture.
  [06:32:07.288] ✓ [AGENT4] AGENT4 generated 0 candidate problems in cycle 13
  [06:32:07.336] → [AGENT1] Sending 482 chars …
  [06:32:07.601] › [AGENT1] Found input box via: rich-textarea div[contenteditable='true']
  [06:32:07.602] › [AGENT1] Typing 482 chars …
  [06:32:07.986] › [AGENT1] Input verified: 489 chars placed
  [06:32:08.676] › [AGENT1] Send clicked via JS: button.send-button
  [06:32:08.677] ✓ [AGENT1] Dispatched.
  [06:32:08.678] ← [AGENT1] Waiting for response …
  [06:32:08.686] › [AGENT1] Response blocks before send: 41
  [06:32:08.700] › [AGENT1] Streaming started.
  [06:32:21.512] › [AGENT1] tick=5 streaming=True len=751 stable=0
  [06:32:34.288] › [AGENT1] tick=10 streaming=True len=751 stable=0
  [06:32:47.133] › [AGENT1] tick=15 streaming=True len=751 stable=0
  [06:32:59.913] › [AGENT1] tick=20 streaming=True len=751 stable=0
  [06:33:12.744] › [AGENT1] tick=25 streaming=True len=751 stable=0
  [06:33:25.676] › [AGENT1] tick=30 streaming=True len=751 stable=0
  [06:33:38.494] › [AGENT1] tick=35 streaming=True len=751 stable=0
  [06:33:51.310] › [AGENT1] tick=40 streaming=True len=751 stable=0
  [06:34:04.105] › [AGENT1] tick=45 streaming=True len=751 stable=0
  [06:34:16.899] › [AGENT1] tick=50 streaming=True len=751 stable=0
  [06:34:29.745] › [AGENT1] tick=55 streaming=True len=751 stable=0
  [06:34:42.525] › [AGENT1] tick=60 streaming=True len=751 stable=0
  [06:34:55.348] › [AGENT1] tick=65 streaming=True len=751 stable=0
  [06:35:08.107] › [AGENT1] tick=70 streaming=True len=751 stable=0
  [06:35:10.668] ⚠ [AGENT1] Timed out — returning best capture.
  [06:35:10.669] → [AGENT1] Sending 897 chars …
  [06:35:10.677] › [AGENT1] Found input box via: rich-textarea div[contenteditable='true']
  [06:35:10.677] › [AGENT1] Typing 897 chars …
  [06:35:11.211] › [AGENT1] Input verified: 938 chars placed
  [06:35:11.900] › [AGENT1] Send clicked via JS: button.send-button
  [06:35:11.900] ✓ [AGENT1] Dispatched.
  [06:35:11.901] ← [AGENT1] Waiting for response …
  [06:35:11.907] › [AGENT1] Response blocks before send: 41
  [06:35:11.917] › [AGENT1] Streaming started.
  [06:35:24.727] › [AGENT1] tick=5 streaming=True len=751 stable=0
  [06:35:37.514] › [AGENT1] tick=10 streaming=True len=751 stable=0
  [06:35:50.304] › [AGENT1] tick=15 streaming=True len=751 stable=0
  [06:36:03.112] › [AGENT1] tick=20 streaming=True len=751 stable=0
  [06:36:15.915] › [AGENT1] tick=25 streaming=True len=751 stable=0
  [06:36:28.811] › [AGENT1] tick=30 streaming=True len=751 stable=0
  [06:36:41.614] › [AGENT1] tick=35 streaming=True len=751 stable=0
  [06:36:54.456] › [AGENT1] tick=40 streaming=True len=751 stable=0
  [06:37:07.254] › [AGENT1] tick=45 streaming=True len=751 stable=0
  [06:37:20.112] › [AGENT1] tick=50 streaming=True len=751 stable=0
  [06:37:32.924] › [AGENT1] tick=55 streaming=True len=751 stable=0
  [06:37:45.759] › [AGENT1] tick=60 streaming=True len=751 stable=0
  [06:37:58.561] › [AGENT1] tick=65 streaming=True len=751 stable=0
  [06:38:11.355] › [AGENT1] tick=70 streaming=True len=751 stable=0
  [06:38:13.930] ⚠ [AGENT1] Timed out — returning best capture.
  [06:38:13.930] ✓ [AGENT1] AGENT1 generated 0 candidate problems in cycle 14
  [06:38:13.963] → [AGENT2] Sending 482 chars …
  [06:38:14.093] › [AGENT2] Found input box via: rich-textarea div[contenteditable='true']
  [06:38:14.093] › [AGENT2] Typing 482 chars …
  [06:38:14.540] › [AGENT2] Input verified: 489 chars placed
  [06:38:15.230] › [AGENT2] Send clicked via JS: button.send-button
  [06:38:15.230] ✓ [AGENT2] Dispatched.
  [06:38:15.231] ← [AGENT2] Waiting for response …
  [06:38:15.247] › [AGENT2] Response blocks before send: 28
  [06:38:15.301] › [AGENT2] Streaming started.
  [06:38:28.088] › [AGENT2] tick=5 streaming=True len=907 stable=0
  [06:38:40.832] › [AGENT2] tick=10 streaming=True len=907 stable=0
  [06:38:53.610] › [AGENT2] tick=15 streaming=True len=907 stable=0
  [06:39:06.429] › [AGENT2] tick=20 streaming=True len=907 stable=0
  [06:39:19.289] › [AGENT2] tick=25 streaming=True len=907 stable=0
  [06:39:32.065] › [AGENT2] tick=30 streaming=True len=907 stable=0
  [06:39:44.866] › [AGENT2] tick=35 streaming=True len=907 stable=0
  [06:39:57.645] › [AGENT2] tick=40 streaming=True len=907 stable=0
  [06:40:10.418] › [AGENT2] tick=45 streaming=True len=907 stable=0
  [06:40:23.190] › [AGENT2] tick=50 streaming=True len=907 stable=0
  [06:40:35.939] › [AGENT2] tick=55 streaming=True len=907 stable=0
  [06:40:48.706] › [AGENT2] tick=60 streaming=True len=907 stable=0
  [06:41:01.923] › [AGENT2] tick=65 streaming=True len=907 stable=0
  [06:41:14.696] › [AGENT2] tick=70 streaming=True len=907 stable=0
  [06:41:17.268] ⚠ [AGENT2] Timed out — returning best capture.
  [06:41:17.269] → [AGENT2] Sending 1,053 chars …
  [06:41:17.278] › [AGENT2] Found input box via: rich-textarea div[contenteditable='true']
  [06:41:17.278] › [AGENT2] Typing 1053 chars …
  [06:41:17.803] › [AGENT2] Input verified: 1100 chars placed
  [06:41:18.490] › [AGENT2] Send clicked via JS: button.send-button
  [06:41:18.491] ✓ [AGENT2] Dispatched.
  [06:41:18.492] ← [AGENT2] Waiting for response …
  [06:41:18.498] › [AGENT2] Response blocks before send: 28
  [06:41:18.507] › [AGENT2] Streaming started.
  [06:41:31.271] › [AGENT2] tick=5 streaming=True len=907 stable=0
  [06:41:44.027] › [AGENT2] tick=10 streaming=True len=907 stable=0
  [06:41:56.821] › [AGENT2] tick=15 streaming=True len=907 stable=0
  [06:42:09.596] › [AGENT2] tick=20 streaming=True len=907 stable=0
  [06:42:22.453] › [AGENT2] tick=25 streaming=True len=907 stable=0
  [06:42:35.267] › [AGENT2] tick=30 streaming=True len=907 stable=0
  [06:42:48.048] › [AGENT2] tick=35 streaming=True len=907 stable=0
  [06:43:00.823] › [AGENT2] tick=40 streaming=True len=907 stable=0
  [06:43:13.786] › [AGENT2] tick=45 streaming=True len=907 stable=0
  [06:43:26.560] › [AGENT2] tick=50 streaming=True len=907 stable=0
  [06:43:39.341] › [AGENT2] tick=55 streaming=True len=907 stable=0
  [06:43:52.107] › [AGENT2] tick=60 streaming=True len=907 stable=0
  [06:44:04.906] › [AGENT2] tick=65 streaming=True len=907 stable=0
  [06:44:17.692] › [AGENT2] tick=70 streaming=True len=907 stable=0
  [06:44:20.250] ⚠ [AGENT2] Timed out — returning best capture.
  [06:44:20.250] ✓ [AGENT2] AGENT2 generated 0 candidate problems in cycle 14
  [06:44:20.271] → [AGENT3] Sending 482 chars …
  [06:44:21.225] › [AGENT3] Found input box via: rich-textarea div[contenteditable='true']
  [06:44:21.225] › [AGENT3] Typing 482 chars …
  [06:44:22.466] › [AGENT3] Input verified: 489 chars placed
  [06:44:23.311] › [AGENT3] Send clicked via JS: button.send-button
  [06:44:23.313] ✓ [AGENT3] Dispatched.
  [06:44:23.314] ← [AGENT3] Waiting for response …
  [06:44:23.356] › [AGENT3] Response blocks before send: 233
  [06:44:23.434] › [AGENT3] Streaming started.
  [06:44:36.790] › [AGENT3] tick=5 streaming=True len=989 stable=0
  [06:44:50.092] › [AGENT3] tick=10 streaming=True len=989 stable=0
  [06:45:03.355] › [AGENT3] tick=15 streaming=True len=989 stable=0
  [06:45:16.623] › [AGENT3] tick=20 streaming=True len=989 stable=0
  [06:45:29.944] › [AGENT3] tick=25 streaming=True len=989 stable=0
  [06:45:43.275] › [AGENT3] tick=30 streaming=True len=989 stable=0
  [06:45:56.607] › [AGENT3] tick=35 streaming=True len=989 stable=0
  [06:46:09.839] › [AGENT3] tick=40 streaming=True len=989 stable=0
  [06:46:23.359] › [AGENT3] tick=45 streaming=True len=989 stable=0
  [06:46:36.755] › [AGENT3] tick=50 streaming=True len=989 stable=0
  [06:46:50.023] › [AGENT3] tick=55 streaming=True len=989 stable=0
  [06:47:03.287] › [AGENT3] tick=60 streaming=True len=989 stable=0
  [06:47:16.724] › [AGENT3] tick=65 streaming=True len=989 stable=0
  [06:47:24.691] ⚠ [AGENT3] Timed out — returning best capture.
  [06:47:24.693] → [AGENT3] Sending 1,135 chars …
  [06:47:24.731] › [AGENT3] Found input box via: rich-textarea div[contenteditable='true']
  [06:47:24.732] › [AGENT3] Typing 1135 chars …
  [06:47:25.995] › [AGENT3] Input verified: 1200 chars placed
  [06:47:26.837] › [AGENT3] Send clicked via JS: button.send-button
  [06:47:26.837] ✓ [AGENT3] Dispatched.
  [06:47:26.838] ← [AGENT3] Waiting for response …
  [06:47:26.886] › [AGENT3] Response blocks before send: 233
  [06:47:26.946] › [AGENT3] Streaming started.
  [06:47:40.273] › [AGENT3] tick=5 streaming=True len=989 stable=0
  [06:47:53.790] › [AGENT3] tick=10 streaming=True len=989 stable=0
  [06:48:07.106] › [AGENT3] tick=15 streaming=True len=989 stable=0
  [06:48:20.319] › [AGENT3] tick=20 streaming=True len=989 stable=0
  [06:48:33.588] › [AGENT3] tick=25 streaming=True len=989 stable=0
  [06:48:46.955] › [AGENT3] tick=30 streaming=True len=989 stable=0
  [06:49:00.270] › [AGENT3] tick=35 streaming=True len=989 stable=0
  [06:49:13.560] › [AGENT3] tick=40 streaming=True len=989 stable=0
  [06:49:26.954] › [AGENT3] tick=45 streaming=True len=989 stable=0
  [06:49:40.234] › [AGENT3] tick=50 streaming=True len=989 stable=0
  [06:49:53.550] › [AGENT3] tick=55 streaming=True len=989 stable=0
  [06:50:06.890] › [AGENT3] tick=60 streaming=True len=989 stable=0
  [06:50:20.285] › [AGENT3] tick=65 streaming=True len=989 stable=0
  [06:50:28.455] ⚠ [AGENT3] Timed out — returning best capture.
  [06:50:28.456] ✓ [AGENT3] AGENT3 generated 0 candidate problems in cycle 14
  [06:50:28.483] → [AGENT4] Sending 482 chars …
  [06:50:28.679] › [AGENT4] Found input box via: rich-textarea div[contenteditable='true']
  [06:50:28.679] › [AGENT4] Typing 482 chars …
  [06:50:29.149] › [AGENT4] Input verified: 489 chars placed
  [06:50:29.832] › [AGENT4] Send clicked via JS: button.send-button
  [06:50:29.833] ✓ [AGENT4] Dispatched.
  [06:50:29.834] ← [AGENT4] Waiting for response …
  [06:50:29.843] › [AGENT4] Response blocks before send: 62
  [06:50:29.859] › [AGENT4] Streaming started.
  [06:50:42.657] › [AGENT4] tick=5 streaming=True len=965 stable=0
  [06:50:55.541] › [AGENT4] tick=10 streaming=True len=965 stable=0
  [06:51:08.349] › [AGENT4] tick=15 streaming=True len=965 stable=0
  [06:51:21.239] › [AGENT4] tick=20 streaming=True len=965 stable=0
  [06:51:34.060] › [AGENT4] tick=25 streaming=True len=965 stable=0
  [06:51:46.848] › [AGENT4] tick=30 streaming=True len=965 stable=0
  [06:51:59.685] › [AGENT4] tick=35 streaming=True len=965 stable=0
  [06:52:12.507] › [AGENT4] tick=40 streaming=True len=965 stable=0
  [06:52:25.360] › [AGENT4] tick=45 streaming=True len=965 stable=0
  [06:52:38.512] › [AGENT4] tick=50 streaming=True len=965 stable=0
  [06:52:51.386] › [AGENT4] tick=55 streaming=True len=965 stable=0
  [06:53:04.215] › [AGENT4] tick=60 streaming=True len=965 stable=0
  [06:53:17.068] › [AGENT4] tick=65 streaming=True len=965 stable=0
  [06:53:29.947] › [AGENT4] tick=70 streaming=True len=965 stable=0
  [06:53:29.956] ⚠ [AGENT4] Timed out — returning best capture.
  [06:53:30.004] → [AGENT4] Sending 1,111 chars …
  [06:53:30.066] › [AGENT4] Found input box via: rich-textarea div[contenteditable='true']
  [06:53:30.066] › [AGENT4] Typing 1111 chars …
  [06:53:30.627] › [AGENT4] Input verified: 1168 chars placed
  [06:53:31.317] › [AGENT4] Send clicked via JS: button.send-button
  [06:53:31.317] ✓ [AGENT4] Dispatched.
  [06:53:31.318] ← [AGENT4] Waiting for response …
  [06:53:31.326] › [AGENT4] Response blocks before send: 62
  [06:53:31.335] › [AGENT4] Streaming started.
  [06:53:44.176] › [AGENT4] tick=5 streaming=True len=965 stable=0
  [06:53:56.982] › [AGENT4] tick=10 streaming=True len=965 stable=0
  [06:54:09.879] › [AGENT4] tick=15 streaming=True len=965 stable=0
  [06:54:22.718] › [AGENT4] tick=20 streaming=True len=965 stable=0
  [06:54:35.573] › [AGENT4] tick=25 streaming=True len=965 stable=0
  [06:54:48.376] › [AGENT4] tick=30 streaming=True len=965 stable=0
  [06:55:01.266] › [AGENT4] tick=35 streaming=True len=965 stable=0
  [06:55:14.090] › [AGENT4] tick=40 streaming=True len=965 stable=0
  [06:55:26.997] › [AGENT4] tick=45 streaming=True len=965 stable=0
  [06:55:39.836] › [AGENT4] tick=50 streaming=True len=965 stable=0
  [06:55:52.811] › [AGENT4] tick=55 streaming=True len=965 stable=0
  [06:56:05.655] › [AGENT4] tick=60 streaming=True len=965 stable=0
  [06:56:18.538] › [AGENT4] tick=65 streaming=True len=965 stable=0
  [06:56:31.360] › [AGENT4] tick=70 streaming=True len=965 stable=0
  [06:56:31.362] ⚠ [AGENT4] Timed out — returning best capture.
  [06:56:31.362] ✓ [AGENT4] AGENT4 generated 0 candidate problems in cycle 14
  [06:56:31.390] → [AGENT1] Sending 482 chars …
  [06:56:31.621] › [AGENT1] Found input box via: rich-textarea div[contenteditable='true']
  [06:56:31.621] › [AGENT1] Typing 482 chars …
  [06:56:32.014] › [AGENT1] Input verified: 489 chars placed
  [06:56:32.704] › [AGENT1] Send clicked via JS: button.send-button
  [06:56:32.705] ✓ [AGENT1] Dispatched.
  [06:56:32.706] ← [AGENT1] Waiting for response …
  [06:56:32.715] › [AGENT1] Response blocks before send: 41
  [06:56:32.730] › [AGENT1] Streaming started.
  [06:56:45.565] › [AGENT1] tick=5 streaming=True len=751 stable=0
  [06:56:58.374] › [AGENT1] tick=10 streaming=True len=751 stable=0
  [06:57:11.202] › [AGENT1] tick=15 streaming=True len=751 stable=0
  [06:57:23.966] › [AGENT1] tick=20 streaming=True len=751 stable=0
  [06:57:36.723] › [AGENT1] tick=25 streaming=True len=751 stable=0
  [06:57:49.531] › [AGENT1] tick=30 streaming=True len=751 stable=0
  [06:58:02.355] › [AGENT1] tick=35 streaming=True len=751 stable=0
  [06:58:15.161] › [AGENT1] tick=40 streaming=True len=751 stable=0
  [06:58:27.965] › [AGENT1] tick=45 streaming=True len=751 stable=0
  [06:58:40.953] › [AGENT1] tick=50 streaming=True len=751 stable=0
  [06:58:53.758] › [AGENT1] tick=55 streaming=True len=751 stable=0
  [06:59:06.549] › [AGENT1] tick=60 streaming=True len=751 stable=0
  [06:59:19.378] › [AGENT1] tick=65 streaming=True len=751 stable=0
  [06:59:32.219] › [AGENT1] tick=70 streaming=True len=751 stable=0
  [06:59:34.785] ⚠ [AGENT1] Timed out — returning best capture.
  [06:59:34.786] → [AGENT1] Sending 897 chars …
  [06:59:34.793] › [AGENT1] Found input box via: rich-textarea div[contenteditable='true']
  [06:59:34.794] › [AGENT1] Typing 897 chars …
  [06:59:35.319] › [AGENT1] Input verified: 938 chars placed
  [06:59:36.013] › [AGENT1] Send clicked via JS: button.send-button
  [06:59:36.013] ✓ [AGENT1] Dispatched.
  [06:59:36.014] ← [AGENT1] Waiting for response …
  [06:59:36.021] › [AGENT1] Response blocks before send: 41
  [06:59:36.030] › [AGENT1] Streaming started.
  [06:59:48.828] › [AGENT1] tick=5 streaming=True len=751 stable=0
  [07:00:01.639] › [AGENT1] tick=10 streaming=True len=751 stable=0
  [07:00:14.500] › [AGENT1] tick=15 streaming=True len=751 stable=0
  [07:00:27.323] › [AGENT1] tick=20 streaming=True len=751 stable=0
  [07:00:40.099] › [AGENT1] tick=25 streaming=True len=751 stable=0
  [07:00:53.007] › [AGENT1] tick=30 streaming=True len=751 stable=0
  [07:01:05.771] › [AGENT1] tick=35 streaming=True len=751 stable=0
  [07:01:18.592] › [AGENT1] tick=40 streaming=True len=751 stable=0
  [07:01:31.359] › [AGENT1] tick=45 streaming=True len=751 stable=0
  [07:01:44.159] › [AGENT1] tick=50 streaming=True len=751 stable=0
  [07:01:56.943] › [AGENT1] tick=55 streaming=True len=751 stable=0
  [07:02:09.761] › [AGENT1] tick=60 streaming=True len=751 stable=0
  [07:02:22.585] › [AGENT1] tick=65 streaming=True len=751 stable=0
  [07:02:35.404] › [AGENT1] tick=70 streaming=True len=751 stable=0
  [07:02:37.962] ⚠ [AGENT1] Timed out — returning best capture.
  [07:02:37.962] ✓ [AGENT1] AGENT1 generated 0 candidate problems in cycle 15
  [07:02:37.983] → [AGENT2] Sending 482 chars …
  [07:02:38.091] › [AGENT2] Found input box via: rich-textarea div[contenteditable='true']
  [07:02:38.091] › [AGENT2] Typing 482 chars …
  [07:02:38.456] › [AGENT2] Input verified: 489 chars placed
  [07:02:39.139] › [AGENT2] Send clicked via JS: button.send-button
  [07:02:39.140] ✓ [AGENT2] Dispatched.
  [07:02:39.140] ← [AGENT2] Waiting for response …
  [07:02:39.149] › [AGENT2] Response blocks before send: 28
  [07:02:39.161] › [AGENT2] Streaming started.
  [07:02:51.903] › [AGENT2] tick=5 streaming=True len=907 stable=0
  [07:03:04.647] › [AGENT2] tick=10 streaming=True len=907 stable=0
  [07:03:17.445] › [AGENT2] tick=15 streaming=True len=907 stable=0
  [07:03:30.259] › [AGENT2] tick=20 streaming=True len=907 stable=0
  [07:03:43.040] › [AGENT2] tick=25 streaming=True len=907 stable=0
  [07:03:55.837] › [AGENT2] tick=30 streaming=True len=907 stable=0
  [07:04:08.618] › [AGENT2] tick=35 streaming=True len=907 stable=0
  [07:04:21.444] › [AGENT2] tick=40 streaming=True len=907 stable=0
  [07:04:34.216] › [AGENT2] tick=45 streaming=True len=907 stable=0
  [07:04:47.007] › [AGENT2] tick=50 streaming=True len=907 stable=0
  [07:04:59.768] › [AGENT2] tick=55 streaming=True len=907 stable=0
  [07:05:12.576] › [AGENT2] tick=60 streaming=True len=907 stable=0
  [07:05:25.356] › [AGENT2] tick=65 streaming=True len=907 stable=0
  [07:05:38.236] › [AGENT2] tick=70 streaming=True len=907 stable=0
  [07:05:40.792] ⚠ [AGENT2] Timed out — returning best capture.
  [07:05:40.793] → [AGENT2] Sending 1,053 chars …
  [07:05:40.800] › [AGENT2] Found input box via: rich-textarea div[contenteditable='true']
  [07:05:40.800] › [AGENT2] Typing 1053 chars …
  [07:05:41.271] › [AGENT2] Input verified: 1100 chars placed
  [07:05:41.957] › [AGENT2] Send clicked via JS: button.send-button
  [07:05:41.957] ✓ [AGENT2] Dispatched.
  [07:05:41.958] ← [AGENT2] Waiting for response …
  [07:05:41.963] › [AGENT2] Response blocks before send: 28
  [07:05:41.971] › [AGENT2] Streaming started.
  [07:05:54.725] › [AGENT2] tick=5 streaming=True len=907 stable=0
  [07:06:07.491] › [AGENT2] tick=10 streaming=True len=907 stable=0
  [07:06:20.257] › [AGENT2] tick=15 streaming=True len=907 stable=0
  [07:06:33.030] › [AGENT2] tick=20 streaming=True len=907 stable=0
  [07:06:45.791] › [AGENT2] tick=25 streaming=True len=907 stable=0
  [07:06:58.573] › [AGENT2] tick=30 streaming=True len=907 stable=0
  [07:07:11.351] › [AGENT2] tick=35 streaming=True len=907 stable=0
  [07:07:24.150] › [AGENT2] tick=40 streaming=True len=907 stable=0
  [07:07:36.901] › [AGENT2] tick=45 streaming=True len=907 stable=0
  [07:07:49.730] › [AGENT2] tick=50 streaming=True len=907 stable=0
  [07:08:02.510] › [AGENT2] tick=55 streaming=True len=907 stable=0
  [07:08:15.364] › [AGENT2] tick=60 streaming=True len=907 stable=0
  [07:08:28.139] › [AGENT2] tick=65 streaming=True len=907 stable=0
  [07:08:40.909] › [AGENT2] tick=70 streaming=True len=907 stable=0
  [07:08:43.467] ⚠ [AGENT2] Timed out — returning best capture.
  [07:08:43.467] ✓ [AGENT2] AGENT2 generated 0 candidate problems in cycle 15
  [07:08:43.488] → [AGENT3] Sending 482 chars …
  [07:08:44.375] › [AGENT3] Found input box via: rich-textarea div[contenteditable='true']
  [07:08:44.375] › [AGENT3] Typing 482 chars …
  [07:08:45.565] › [AGENT3] Input verified: 489 chars placed
  [07:08:46.459] › [AGENT3] Send clicked via JS: button.send-button
  [07:08:46.459] ✓ [AGENT3] Dispatched.
  [07:08:46.460] ← [AGENT3] Waiting for response …
  [07:08:46.519] › [AGENT3] Response blocks before send: 233
  [07:08:46.576] › [AGENT3] Streaming started.
  [07:09:00.201] › [AGENT3] tick=5 streaming=True len=989 stable=0
  [07:09:13.539] › [AGENT3] tick=10 streaming=True len=989 stable=0
  [07:09:26.790] › [AGENT3] tick=15 streaming=True len=989 stable=0
  [07:09:40.037] › [AGENT3] tick=20 streaming=True len=989 stable=0
  [07:09:53.289] › [AGENT3] tick=25 streaming=True len=989 stable=0
  [07:10:06.539] › [AGENT3] tick=30 streaming=True len=989 stable=0
  [07:10:19.919] › [AGENT3] tick=35 streaming=True len=989 stable=0
  [07:10:33.153] › [AGENT3] tick=40 streaming=True len=989 stable=0
  [07:10:46.390] › [AGENT3] tick=45 streaming=True len=989 stable=0
  [07:10:59.598] › [AGENT3] tick=50 streaming=True len=989 stable=0
  [07:11:12.870] › [AGENT3] tick=55 streaming=True len=989 stable=0
  [07:11:26.329] › [AGENT3] tick=60 streaming=True len=989 stable=0
  [07:11:39.584] › [AGENT3] tick=65 streaming=True len=989 stable=0
  [07:11:47.521] ⚠ [AGENT3] Timed out — returning best capture.
  [07:11:47.523] → [AGENT3] Sending 1,135 chars …
  [07:11:47.560] › [AGENT3] Found input box via: rich-textarea div[contenteditable='true']
  [07:11:47.560] › [AGENT3] Typing 1135 chars …
  [07:11:48.864] › [AGENT3] Input verified: 1200 chars placed
  [07:11:49.660] › [AGENT3] Send clicked via JS: button.send-button
  [07:11:49.660] ✓ [AGENT3] Dispatched.
  [07:11:49.661] ← [AGENT3] Waiting for response …
  [07:11:49.714] › [AGENT3] Response blocks before send: 233
  [07:11:49.795] › [AGENT3] Streaming started.
  [07:12:03.021] › [AGENT3] tick=5 streaming=True len=989 stable=0
  [07:12:16.621] › [AGENT3] tick=10 streaming=True len=989 stable=0
  [07:12:29.936] › [AGENT3] tick=15 streaming=True len=989 stable=0
  [07:12:43.173] › [AGENT3] tick=20 streaming=True len=989 stable=0
  [07:12:56.366] › [AGENT3] tick=25 streaming=True len=989 stable=0
  [07:13:09.648] › [AGENT3] tick=30 streaming=True len=989 stable=0
  [07:13:22.939] › [AGENT3] tick=35 streaming=True len=989 stable=0
  [07:13:36.233] › [AGENT3] tick=40 streaming=True len=989 stable=0
  [07:13:49.704] › [AGENT3] tick=45 streaming=True len=989 stable=0
  [07:14:03.007] › [AGENT3] tick=50 streaming=True len=989 stable=0
  [07:14:16.307] › [AGENT3] tick=55 streaming=True len=989 stable=0
  [07:14:29.654] › [AGENT3] tick=60 streaming=True len=989 stable=0
  [07:14:42.926] › [AGENT3] tick=65 streaming=True len=989 stable=0
  [07:14:50.911] ⚠ [AGENT3] Timed out — returning best capture.
  [07:14:50.911] ✓ [AGENT3] AGENT3 generated 0 candidate problems in cycle 15
  [07:14:50.946] → [AGENT4] Sending 482 chars …
  [07:14:51.120] › [AGENT4] Found input box via: rich-textarea div[contenteditable='true']
  [07:14:51.120] › [AGENT4] Typing 482 chars …
  [07:14:51.593] › [AGENT4] Input verified: 489 chars placed
  [07:14:52.266] › [AGENT4] Send clicked via JS: button.send-button
  [07:14:52.267] ✓ [AGENT4] Dispatched.
  [07:14:52.267] ← [AGENT4] Waiting for response …
  [07:14:52.277] › [AGENT4] Response blocks before send: 62
  [07:14:52.289] › [AGENT4] Streaming started.
  [07:15:05.085] › [AGENT4] tick=5 streaming=True len=965 stable=0
  [07:15:17.956] › [AGENT4] tick=10 streaming=True len=965 stable=0
  [07:15:30.759] › [AGENT4] tick=15 streaming=True len=965 stable=0
  [07:15:43.549] › [AGENT4] tick=20 streaming=True len=965 stable=0
  [07:15:56.369] › [AGENT4] tick=25 streaming=True len=965 stable=0
  [07:16:09.242] › [AGENT4] tick=30 streaming=True len=965 stable=0
  [07:16:22.055] › [AGENT4] tick=35 streaming=True len=965 stable=0
  [07:16:34.910] › [AGENT4] tick=40 streaming=True len=965 stable=0
  [07:16:47.691] › [AGENT4] tick=45 streaming=True len=965 stable=0
  [07:17:00.507] › [AGENT4] tick=50 streaming=True len=965 stable=0
  [07:17:13.295] › [AGENT4] tick=55 streaming=True len=965 stable=0
  [07:17:26.187] › [AGENT4] tick=60 streaming=True len=965 stable=0
  [07:17:39.004] › [AGENT4] tick=65 streaming=True len=965 stable=0
  [07:17:51.849] › [AGENT4] tick=70 streaming=True len=965 stable=0
  [07:17:54.412] ⚠ [AGENT4] Timed out — returning best capture.
  [07:17:54.413] → [AGENT4] Sending 1,111 chars …
  [07:17:54.421] › [AGENT4] Found input box via: rich-textarea div[contenteditable='true']
  [07:17:54.421] › [AGENT4] Typing 1111 chars …
  [07:17:55.004] › [AGENT4] Input verified: 1168 chars placed
  [07:17:55.695] › [AGENT4] Send clicked via JS: button.send-button
  [07:17:55.695] ✓ [AGENT4] Dispatched.
  [07:17:55.696] ← [AGENT4] Waiting for response …
  [07:17:55.703] › [AGENT4] Response blocks before send: 62
  [07:17:55.711] › [AGENT4] Streaming started.
  [07:18:08.513] › [AGENT4] tick=5 streaming=True len=965 stable=0
  [07:18:21.394] › [AGENT4] tick=10 streaming=True len=965 stable=0
  [07:18:34.229] › [AGENT4] tick=15 streaming=True len=965 stable=0
  [07:18:47.105] › [AGENT4] tick=20 streaming=True len=965 stable=0
  [07:18:59.894] › [AGENT4] tick=25 streaming=True len=965 stable=0
  [07:19:12.761] › [AGENT4] tick=30 streaming=True len=965 stable=0
  [07:19:25.612] › [AGENT4] tick=35 streaming=True len=965 stable=0
  [07:19:38.459] › [AGENT4] tick=40 streaming=True len=965 stable=0
  [07:19:51.269] › [AGENT4] tick=45 streaming=True len=965 stable=0
  [07:20:04.085] › [AGENT4] tick=50 streaming=True len=965 stable=0
  [07:20:16.911] › [AGENT4] tick=55 streaming=True len=965 stable=0
  [07:20:29.739] › [AGENT4] tick=60 streaming=True len=965 stable=0
  [07:20:42.545] › [AGENT4] tick=65 streaming=True len=965 stable=0
  [07:20:55.477] › [AGENT4] tick=70 streaming=True len=965 stable=0
  [07:20:58.027] ⚠ [AGENT4] Timed out — returning best capture.
  [07:20:58.028] ✓ [AGENT4] AGENT4 generated 0 candidate problems in cycle 15
  [07:20:58.056] → [AGENT1] Sending 482 chars …
  [07:20:58.247] › [AGENT1] Found input box via: rich-textarea div[contenteditable='true']
  [07:20:58.263] › [AGENT1] Typing 482 chars …
  [07:20:58.674] › [AGENT1] Input verified: 489 chars placed
  [07:20:59.373] › [AGENT1] Send clicked via JS: button.send-button
  [07:20:59.374] ✓ [AGENT1] Dispatched.
  [07:20:59.375] ← [AGENT1] Waiting for response …
  [07:20:59.385] › [AGENT1] Response blocks before send: 41
  [07:20:59.399] › [AGENT1] Streaming started.
  [07:21:12.195] › [AGENT1] tick=5 streaming=True len=751 stable=0
  [07:21:25.034] › [AGENT1] tick=10 streaming=True len=751 stable=0
  [07:21:37.889] › [AGENT1] tick=15 streaming=True len=751 stable=0
  [07:21:50.681] › [AGENT1] tick=20 streaming=True len=751 stable=0
  [07:22:03.505] › [AGENT1] tick=25 streaming=True len=751 stable=0
  [07:22:16.286] › [AGENT1] tick=30 streaming=True len=751 stable=0
  [07:22:29.130] › [AGENT1] tick=35 streaming=True len=751 stable=0
  [07:22:41.911] › [AGENT1] tick=40 streaming=True len=751 stable=0
  [07:22:54.674] › [AGENT1] tick=45 streaming=True len=751 stable=0
  [07:23:07.539] › [AGENT1] tick=50 streaming=True len=751 stable=0
  [07:23:20.415] › [AGENT1] tick=55 streaming=True len=751 stable=0
  [07:23:33.212] › [AGENT1] tick=60 streaming=True len=751 stable=0
  [07:23:46.080] › [AGENT1] tick=65 streaming=True len=751 stable=0
  [07:23:58.889] › [AGENT1] tick=70 streaming=True len=751 stable=0
  [07:24:01.451] ⚠ [AGENT1] Timed out — returning best capture.
  [07:24:01.452] → [AGENT1] Sending 897 chars …
  [07:24:01.460] › [AGENT1] Found input box via: rich-textarea div[contenteditable='true']
  [07:24:01.461] › [AGENT1] Typing 897 chars …
  [07:24:02.018] › [AGENT1] Input verified: 938 chars placed
  [07:24:02.705] › [AGENT1] Send clicked via JS: button.send-button
  [07:24:02.705] ✓ [AGENT1] Dispatched.
  [07:24:02.706] ← [AGENT1] Waiting for response …
  [07:24:02.712] › [AGENT1] Response blocks before send: 41
  [07:24:02.720] › [AGENT1] Streaming started.
  [07:24:15.513] › [AGENT1] tick=5 streaming=True len=751 stable=0
  [07:24:28.313] › [AGENT1] tick=10 streaming=True len=751 stable=0
  [07:24:41.105] › [AGENT1] tick=15 streaming=True len=751 stable=0
  [07:24:53.936] › [AGENT1] tick=20 streaming=True len=751 stable=0
  [07:25:06.770] › [AGENT1] tick=25 streaming=True len=751 stable=0
  [07:25:19.580] › [AGENT1] tick=30 streaming=True len=751 stable=0
  [07:25:32.362] › [AGENT1] tick=35 streaming=True len=751 stable=0
  [07:25:45.154] › [AGENT1] tick=40 streaming=True len=751 stable=0
  [07:25:57.961] › [AGENT1] tick=45 streaming=True len=751 stable=0
  [07:26:10.776] › [AGENT1] tick=50 streaming=True len=751 stable=0
  [07:26:23.635] › [AGENT1] tick=55 streaming=True len=751 stable=0
  [07:26:36.469] › [AGENT1] tick=60 streaming=True len=751 stable=0
  [07:26:49.267] › [AGENT1] tick=65 streaming=True len=751 stable=0
  [07:27:02.110] › [AGENT1] tick=70 streaming=True len=751 stable=0
  [07:27:04.674] ⚠ [AGENT1] Timed out — returning best capture.
  [07:27:04.675] ✓ [AGENT1] AGENT1 generated 0 candidate problems in cycle 16
  [07:27:04.704] → [AGENT2] Sending 482 chars …
  [07:27:04.851] › [AGENT2] Found input box via: rich-textarea div[contenteditable='true']
  [07:27:04.851] › [AGENT2] Typing 482 chars …
  [07:27:05.231] › [AGENT2] Input verified: 489 chars placed
  [07:27:05.914] › [AGENT2] Send clicked via JS: button.send-button
  [07:27:05.915] ✓ [AGENT2] Dispatched.
  [07:27:05.916] ← [AGENT2] Waiting for response …
  [07:27:05.924] › [AGENT2] Response blocks before send: 28
  [07:27:05.936] › [AGENT2] Streaming started.
  [07:27:18.712] › [AGENT2] tick=5 streaming=True len=907 stable=0
  [07:27:31.483] › [AGENT2] tick=10 streaming=True len=907 stable=0
  [07:27:44.761] › [AGENT2] tick=15 streaming=True len=907 stable=0
  [07:27:57.564] › [AGENT2] tick=20 streaming=True len=907 stable=0
  [07:28:10.312] › [AGENT2] tick=25 streaming=True len=907 stable=0
  [07:28:23.128] › [AGENT2] tick=30 streaming=True len=907 stable=0
  [07:28:35.892] › [AGENT2] tick=35 streaming=True len=907 stable=0
  [07:28:48.669] › [AGENT2] tick=40 streaming=True len=907 stable=0
  [07:29:01.403] › [AGENT2] tick=45 streaming=True len=907 stable=0
  [07:29:14.168] › [AGENT2] tick=50 streaming=True len=907 stable=0
  [07:29:26.959] › [AGENT2] tick=55 streaming=True len=907 stable=0
  [07:29:39.733] › [AGENT2] tick=60 streaming=True len=907 stable=0
  [07:29:52.504] › [AGENT2] tick=65 streaming=True len=907 stable=0
  [07:30:05.461] › [AGENT2] tick=70 streaming=True len=907 stable=0
  [07:30:08.008] ⚠ [AGENT2] Timed out — returning best capture.
  [07:30:08.009] → [AGENT2] Sending 1,053 chars …
  [07:30:08.017] › [AGENT2] Found input box via: rich-textarea div[contenteditable='true']
  [07:30:08.017] › [AGENT2] Typing 1053 chars …
  [07:30:08.509] › [AGENT2] Input verified: 1100 chars placed
  [07:30:09.199] › [AGENT2] Send clicked via JS: button.send-button
  [07:30:09.200] ✓ [AGENT2] Dispatched.
  [07:30:09.201] ← [AGENT2] Waiting for response …
  [07:30:09.207] › [AGENT2] Response blocks before send: 28
  [07:30:09.216] › [AGENT2] Streaming started.
  [07:30:22.010] › [AGENT2] tick=5 streaming=True len=907 stable=0
  [07:30:34.804] › [AGENT2] tick=10 streaming=True len=907 stable=0
  [07:30:47.571] › [AGENT2] tick=15 streaming=True len=907 stable=0
  [07:31:00.335] › [AGENT2] tick=20 streaming=True len=907 stable=0
  [07:31:13.098] › [AGENT2] tick=25 streaming=True len=907 stable=0
  [07:31:25.912] › [AGENT2] tick=30 streaming=True len=907 stable=0
  [07:31:38.691] › [AGENT2] tick=35 streaming=True len=907 stable=0
  [07:31:51.526] › [AGENT2] tick=40 streaming=True len=907 stable=0
  [07:32:04.308] › [AGENT2] tick=45 streaming=True len=907 stable=0
  [07:32:17.693] › [AGENT2] tick=50 streaming=True len=907 stable=0
  [07:32:30.449] › [AGENT2] tick=55 streaming=True len=907 stable=0
  [07:32:43.218] › [AGENT2] tick=60 streaming=True len=907 stable=0
  [07:32:55.994] › [AGENT2] tick=65 streaming=True len=907 stable=0
  [07:33:08.774] › [AGENT2] tick=70 streaming=True len=907 stable=0
  [07:33:11.329] ⚠ [AGENT2] Timed out — returning best capture.
  [07:33:11.330] ✓ [AGENT2] AGENT2 generated 0 candidate problems in cycle 16
  [07:33:11.350] → [AGENT3] Sending 482 chars …
  [07:33:12.540] › [AGENT3] Found input box via: rich-textarea div[contenteditable='true']
  [07:33:12.540] › [AGENT3] Typing 482 chars …
  [07:33:13.742] › [AGENT3] Input verified: 489 chars placed
  [07:33:14.642] › [AGENT3] Send clicked via JS: button.send-button
  [07:33:14.643] ✓ [AGENT3] Dispatched.
  [07:33:14.644] ← [AGENT3] Waiting for response …
  [07:33:14.705] › [AGENT3] Response blocks before send: 233
  [07:33:14.761] › [AGENT3] Streaming started.
  [07:33:28.115] › [AGENT3] tick=5 streaming=True len=989 stable=0
  [07:33:41.370] › [AGENT3] tick=10 streaming=True len=989 stable=0
  [07:33:54.769] › [AGENT3] tick=15 streaming=True len=989 stable=0
  [07:34:08.056] › [AGENT3] tick=20 streaming=True len=989 stable=0
  [07:34:21.459] › [AGENT3] tick=25 streaming=True len=989 stable=0
  [07:34:34.739] › [AGENT3] tick=30 streaming=True len=989 stable=0
  [07:34:48.052] › [AGENT3] tick=35 streaming=True len=989 stable=0
  [07:35:01.330] › [AGENT3] tick=40 streaming=True len=989 stable=0
  [07:35:14.626] › [AGENT3] tick=45 streaming=True len=989 stable=0
  [07:35:27.915] › [AGENT3] tick=50 streaming=True len=989 stable=0
  [07:35:41.173] › [AGENT3] tick=55 streaming=True len=989 stable=0
  [07:35:54.455] › [AGENT3] tick=60 streaming=True len=989 stable=0
  [07:36:07.785] › [AGENT3] tick=65 streaming=True len=989 stable=0
  [07:36:15.807] ⚠ [AGENT3] Timed out — returning best capture.
  [07:36:15.809] → [AGENT3] Sending 1,135 chars …
  [07:36:15.846] › [AGENT3] Found input box via: rich-textarea div[contenteditable='true']
  [07:36:15.846] › [AGENT3] Typing 1135 chars …
  [07:36:17.144] › [AGENT3] Input verified: 1200 chars placed
  [07:36:17.959] › [AGENT3] Send clicked via JS: button.send-button
  [07:36:17.960] ✓ [AGENT3] Dispatched.
  [07:36:17.961] ← [AGENT3] Waiting for response …
  [07:36:18.070] › [AGENT3] Response blocks before send: 233
  [07:36:18.163] › [AGENT3] Streaming started.
  [07:36:31.485] › [AGENT3] tick=5 streaming=True len=989 stable=0
  [07:36:44.788] › [AGENT3] tick=10 streaming=True len=989 stable=0
  [07:36:58.129] › [AGENT3] tick=15 streaming=True len=989 stable=0
  [07:37:11.361] › [AGENT3] tick=20 streaming=True len=989 stable=0
  [07:37:24.685] › [AGENT3] tick=25 streaming=True len=989 stable=0
  [07:37:37.895] › [AGENT3] tick=30 streaming=True len=989 stable=0
  [07:37:51.187] › [AGENT3] tick=35 streaming=True len=989 stable=0
  [07:38:04.535] › [AGENT3] tick=40 streaming=True len=989 stable=0
  [07:38:17.792] › [AGENT3] tick=45 streaming=True len=989 stable=0
  [07:38:31.127] › [AGENT3] tick=50 streaming=True len=989 stable=0
  [07:38:44.361] › [AGENT3] tick=55 streaming=True len=989 stable=0
  [07:38:57.631] › [AGENT3] tick=60 streaming=True len=989 stable=0
  [07:39:10.951] › [AGENT3] tick=65 streaming=True len=989 stable=0
  [07:39:18.943] ⚠ [AGENT3] Timed out — returning best capture.
  [07:39:18.944] ✓ [AGENT3] AGENT3 generated 0 candidate problems in cycle 16
  [07:39:18.980] → [AGENT4] Sending 482 chars …
  [07:39:19.154] › [AGENT4] Found input box via: rich-textarea div[contenteditable='true']
  [07:39:19.155] › [AGENT4] Typing 482 chars …
  [07:39:19.634] › [AGENT4] Input verified: 489 chars placed
  [07:39:20.323] › [AGENT4] Send clicked via JS: button.send-button
  [07:39:20.323] ✓ [AGENT4] Dispatched.
  [07:39:20.324] ← [AGENT4] Waiting for response …
  [07:39:20.335] › [AGENT4] Response blocks before send: 62
  [07:39:20.348] › [AGENT4] Streaming started.
  [07:39:33.176] › [AGENT4] tick=5 streaming=True len=965 stable=0
  [07:39:45.996] › [AGENT4] tick=10 streaming=True len=965 stable=0
  [07:39:58.839] › [AGENT4] tick=15 streaming=True len=965 stable=0
  [07:40:11.692] › [AGENT4] tick=20 streaming=True len=965 stable=0
  [07:40:24.672] › [AGENT4] tick=25 streaming=True len=965 stable=0
  [07:40:37.498] › [AGENT4] tick=30 streaming=True len=965 stable=0
  [07:40:50.492] › [AGENT4] tick=35 streaming=True len=965 stable=0
  [07:41:03.330] › [AGENT4] tick=40 streaming=True len=965 stable=0
  [07:41:16.183] › [AGENT4] tick=45 streaming=True len=965 stable=0
  [07:41:28.948] › [AGENT4] tick=50 streaming=True len=965 stable=0
  [07:41:41.748] › [AGENT4] tick=55 streaming=True len=965 stable=0
  [07:41:54.538] › [AGENT4] tick=60 streaming=True len=965 stable=0
  [07:42:07.317] › [AGENT4] tick=65 streaming=True len=965 stable=0
  [07:42:20.109] › [AGENT4] tick=70 streaming=True len=965 stable=0
  [07:42:22.682] ⚠ [AGENT4] Timed out — returning best capture.
  [07:42:22.702] → [AGENT4] Sending 1,111 chars …
  [07:42:22.772] › [AGENT4] Found input box via: rich-textarea div[contenteditable='true']
  [07:42:22.772] › [AGENT4] Typing 1111 chars …
  [07:42:23.355] › [AGENT4] Input verified: 1168 chars placed
  [07:42:24.046] › [AGENT4] Send clicked via JS: button.send-button
  [07:42:24.046] ✓ [AGENT4] Dispatched.
  [07:42:24.047] ← [AGENT4] Waiting for response …
  [07:42:24.054] › [AGENT4] Response blocks before send: 62
  [07:42:24.062] › [AGENT4] Streaming started.
  [07:42:36.895] › [AGENT4] tick=5 streaming=True len=965 stable=0
  [07:42:49.741] › [AGENT4] tick=10 streaming=True len=965 stable=0
  [07:43:02.636] › [AGENT4] tick=15 streaming=True len=965 stable=0
  [07:43:15.422] › [AGENT4] tick=20 streaming=True len=965 stable=0
  [07:43:28.240] › [AGENT4] tick=25 streaming=True len=965 stable=0
  [07:43:41.031] › [AGENT4] tick=30 streaming=True len=965 stable=0
  [07:43:53.924] › [AGENT4] tick=35 streaming=True len=965 stable=0
  [07:44:06.751] › [AGENT4] tick=40 streaming=True len=965 stable=0
  [07:44:19.614] › [AGENT4] tick=45 streaming=True len=965 stable=0
  [07:44:32.430] › [AGENT4] tick=50 streaming=True len=965 stable=0
  [07:44:45.294] › [AGENT4] tick=55 streaming=True len=965 stable=0
  [07:44:58.117] › [AGENT4] tick=60 streaming=True len=965 stable=0
  [07:45:10.939] › [AGENT4] tick=65 streaming=True len=965 stable=0
  [07:45:23.784] › [AGENT4] tick=70 streaming=True len=965 stable=0
  [07:45:26.352] ⚠ [AGENT4] Timed out — returning best capture.
  [07:45:26.352] ✓ [AGENT4] AGENT4 generated 0 candidate problems in cycle 16
  [07:45:26.383] → [AGENT1] Sending 482 chars …
  [07:45:26.597] › [AGENT1] Found input box via: rich-textarea div[contenteditable='true']
  [07:45:26.597] › [AGENT1] Typing 482 chars …
  [07:45:27.002] › [AGENT1] Input verified: 489 chars placed
  [07:45:27.705] › [AGENT1] Send clicked via JS: button.send-button
  [07:45:27.705] ✓ [AGENT1] Dispatched.
  [07:45:27.706] ← [AGENT1] Waiting for response …
  [07:45:27.716] › [AGENT1] Response blocks before send: 41
  [07:45:27.730] › [AGENT1] Streaming started.
  [07:45:40.559] › [AGENT1] tick=5 streaming=True len=751 stable=0
  [07:45:53.359] › [AGENT1] tick=10 streaming=True len=751 stable=0
  [07:46:06.180] › [AGENT1] tick=15 streaming=True len=751 stable=0
  [07:46:19.028] › [AGENT1] tick=20 streaming=True len=751 stable=0
  [07:46:31.880] › [AGENT1] tick=25 streaming=True len=751 stable=0
  [07:46:44.687] › [AGENT1] tick=30 streaming=True len=751 stable=0
  [07:46:57.495] › [AGENT1] tick=35 streaming=True len=751 stable=0
  [07:47:10.277] › [AGENT1] tick=40 streaming=True len=751 stable=0
  [07:47:23.088] › [AGENT1] tick=45 streaming=True len=751 stable=0
  [07:47:35.883] › [AGENT1] tick=50 streaming=True len=751 stable=0
  [07:47:48.686] › [AGENT1] tick=55 streaming=True len=751 stable=0
  [07:48:01.479] › [AGENT1] tick=60 streaming=True len=751 stable=0
  [07:48:14.302] › [AGENT1] tick=65 streaming=True len=751 stable=0
  [07:48:27.107] › [AGENT1] tick=70 streaming=True len=751 stable=0
  [07:48:29.655] ⚠ [AGENT1] Timed out — returning best capture.
  [07:48:29.655] → [AGENT1] Sending 897 chars …
  [07:48:29.665] › [AGENT1] Found input box via: rich-textarea div[contenteditable='true']
  [07:48:29.665] › [AGENT1] Typing 897 chars …
  [07:48:30.238] › [AGENT1] Input verified: 938 chars placed
  [07:48:30.917] › [AGENT1] Send clicked via JS: button.send-button
  [07:48:30.917] ✓ [AGENT1] Dispatched.
  [07:48:30.918] ← [AGENT1] Waiting for response …
  [07:48:30.925] › [AGENT1] Response blocks before send: 41
  [07:48:30.934] › [AGENT1] Streaming started.
  [07:48:43.725] › [AGENT1] tick=5 streaming=True len=751 stable=0
  [07:48:56.556] › [AGENT1] tick=10 streaming=True len=751 stable=0
  [07:49:09.353] › [AGENT1] tick=15 streaming=True len=751 stable=0
  [07:49:22.162] › [AGENT1] tick=20 streaming=True len=751 stable=0
  [07:49:34.972] › [AGENT1] tick=25 streaming=True len=751 stable=0
  [07:49:47.772] › [AGENT1] tick=30 streaming=True len=751 stable=0
  [07:50:00.551] › [AGENT1] tick=35 streaming=True len=751 stable=0
  [07:50:13.367] › [AGENT1] tick=40 streaming=True len=751 stable=0
  [07:50:26.207] › [AGENT1] tick=45 streaming=True len=751 stable=0
  [07:50:38.983] › [AGENT1] tick=50 streaming=True len=751 stable=0
  [07:50:51.772] › [AGENT1] tick=55 streaming=True len=751 stable=0
  [07:51:04.598] › [AGENT1] tick=60 streaming=True len=751 stable=0
  [07:51:17.376] › [AGENT1] tick=65 streaming=True len=751 stable=0
  [07:51:30.174] › [AGENT1] tick=70 streaming=True len=751 stable=0
  [07:51:32.717] ⚠ [AGENT1] Timed out — returning best capture.
  [07:51:32.717] ✓ [AGENT1] AGENT1 generated 0 candidate problems in cycle 17
  [07:51:32.739] → [AGENT2] Sending 482 chars …
  [07:51:32.875] › [AGENT2] Found input box via: rich-textarea div[contenteditable='true']
  [07:51:32.875] › [AGENT2] Typing 482 chars …
  [07:51:33.252] › [AGENT2] Input verified: 489 chars placed
  [07:51:33.926] › [AGENT2] Send clicked via JS: button.send-button
  [07:51:33.926] ✓ [AGENT2] Dispatched.
  [07:51:33.927] ← [AGENT2] Waiting for response …
  [07:51:33.935] › [AGENT2] Response blocks before send: 28
  [07:51:33.948] › [AGENT2] Streaming started.
  [07:51:46.743] › [AGENT2] tick=5 streaming=True len=907 stable=0
  [07:51:59.594] › [AGENT2] tick=10 streaming=True len=907 stable=0
  [07:52:12.350] › [AGENT2] tick=15 streaming=True len=907 stable=0
  [07:52:25.220] › [AGENT2] tick=20 streaming=True len=907 stable=0
  [07:52:37.999] › [AGENT2] tick=25 streaming=True len=907 stable=0
  [07:52:50.815] › [AGENT2] tick=30 streaming=True len=907 stable=0
  [07:53:03.586] › [AGENT2] tick=35 streaming=True len=907 stable=0
  [07:53:16.340] › [AGENT2] tick=40 streaming=True len=907 stable=0
  [07:53:29.118] › [AGENT2] tick=45 streaming=True len=907 stable=0
  [07:53:41.903] › [AGENT2] tick=50 streaming=True len=907 stable=0
  [07:53:54.677] › [AGENT2] tick=55 streaming=True len=907 stable=0
  [07:54:07.459] › [AGENT2] tick=60 streaming=True len=907 stable=0
  [07:54:20.282] › [AGENT2] tick=65 streaming=True len=907 stable=0
  [07:54:33.059] › [AGENT2] tick=70 streaming=True len=907 stable=0
  [07:54:35.615] ⚠ [AGENT2] Timed out — returning best capture.
  [07:54:35.633] → [AGENT2] Sending 1,053 chars …
  [07:54:35.688] › [AGENT2] Found input box via: rich-textarea div[contenteditable='true']
  [07:54:35.688] › [AGENT2] Typing 1053 chars …
  [07:54:36.147] › [AGENT2] Input verified: 1100 chars placed
  [07:54:36.834] › [AGENT2] Send clicked via JS: button.send-button
  [07:54:36.835] ✓ [AGENT2] Dispatched.
  [07:54:36.835] ← [AGENT2] Waiting for response …
  [07:54:36.841] › [AGENT2] Response blocks before send: 28
  [07:54:36.850] › [AGENT2] Streaming started.
  [07:54:49.589] › [AGENT2] tick=5 streaming=True len=907 stable=0
  [07:55:02.372] › [AGENT2] tick=10 streaming=True len=907 stable=0
  [07:55:15.160] › [AGENT2] tick=15 streaming=True len=907 stable=0
  [07:55:27.938] › [AGENT2] tick=20 streaming=True len=907 stable=0
  [07:55:40.764] › [AGENT2] tick=25 streaming=True len=907 stable=0
  [07:55:53.506] › [AGENT2] tick=30 streaming=True len=907 stable=0
  [07:56:06.286] › [AGENT2] tick=35 streaming=True len=907 stable=0
  [07:56:19.040] › [AGENT2] tick=40 streaming=True len=907 stable=0
  [07:56:31.824] › [AGENT2] tick=45 streaming=True len=907 stable=0
  [07:56:44.652] › [AGENT2] tick=50 streaming=True len=907 stable=0
  [07:56:57.409] › [AGENT2] tick=55 streaming=True len=907 stable=0
  [07:57:10.185] › [AGENT2] tick=60 streaming=True len=907 stable=0
  [07:57:23.085] › [AGENT2] tick=65 streaming=True len=907 stable=0
  [07:57:35.875] › [AGENT2] tick=70 streaming=True len=907 stable=0
  [07:57:38.434] ⚠ [AGENT2] Timed out — returning best capture.
  [07:57:38.435] ✓ [AGENT2] AGENT2 generated 0 candidate problems in cycle 17
  [07:57:38.458] → [AGENT3] Sending 482 chars …
  [07:57:39.817] › [AGENT3] Found input box via: rich-textarea div[contenteditable='true']
  [07:57:39.817] › [AGENT3] Typing 482 chars …
  [07:57:41.072] › [AGENT3] Input verified: 489 chars placed
  [07:57:41.965] › [AGENT3] Send clicked via JS: button.send-button
  [07:57:41.966] ✓ [AGENT3] Dispatched.
  [07:57:41.967] ← [AGENT3] Waiting for response …
  [07:57:42.035] › [AGENT3] Response blocks before send: 233
  [07:57:42.092] › [AGENT3] Streaming started.
  [07:57:55.432] › [AGENT3] tick=5 streaming=True len=989 stable=0
  [07:58:08.679] › [AGENT3] tick=10 streaming=True len=989 stable=0
  [07:58:21.948] › [AGENT3] tick=15 streaming=True len=989 stable=0
  [07:58:35.176] › [AGENT3] tick=20 streaming=True len=989 stable=0
  [07:58:48.449] › [AGENT3] tick=25 streaming=True len=989 stable=0
  [07:59:01.730] › [AGENT3] tick=30 streaming=True len=989 stable=0
  [07:59:15.027] › [AGENT3] tick=35 streaming=True len=989 stable=0
  [07:59:29.201] › [AGENT3] tick=40 streaming=True len=989 stable=0
  [07:59:42.532] › [AGENT3] tick=45 streaming=True len=989 stable=0
  [07:59:55.781] › [AGENT3] tick=50 streaming=True len=989 stable=0
  [08:00:09.148] › [AGENT3] tick=55 streaming=True len=989 stable=0
  [08:00:22.482] › [AGENT3] tick=60 streaming=True len=989 stable=0
  [08:00:35.713] › [AGENT3] tick=65 streaming=True len=989 stable=0
  [08:00:43.666] ⚠ [AGENT3] Timed out — returning best capture.
  [08:00:43.667] → [AGENT3] Sending 1,135 chars …
  [08:00:43.706] › [AGENT3] Found input box via: rich-textarea div[contenteditable='true']
  [08:00:43.706] › [AGENT3] Typing 1135 chars …
  [08:00:44.975] › [AGENT3] Input verified: 1200 chars placed
  [08:00:45.766] › [AGENT3] Send clicked via JS: button.send-button
  [08:00:45.767] ✓ [AGENT3] Dispatched.
  [08:00:45.768] ← [AGENT3] Waiting for response …
  [08:00:45.814] › [AGENT3] Response blocks before send: 233
  [08:00:45.856] › [AGENT3] Streaming started.
  [08:00:59.178] › [AGENT3] tick=5 streaming=True len=989 stable=0
  [08:01:12.811] › [AGENT3] tick=10 streaming=True len=989 stable=0
  [08:01:26.378] › [AGENT3] tick=15 streaming=True len=989 stable=0
  [08:01:39.668] › [AGENT3] tick=20 streaming=True len=989 stable=0
  [08:01:53.078] › [AGENT3] tick=25 streaming=True len=989 stable=0
  [08:02:06.319] › [AGENT3] tick=30 streaming=True len=989 stable=0
  [08:02:19.738] › [AGENT3] tick=35 streaming=True len=989 stable=0
  [08:02:32.996] › [AGENT3] tick=40 streaming=True len=989 stable=0
  [08:02:46.264] › [AGENT3] tick=45 streaming=True len=989 stable=0
  [08:02:59.482] › [AGENT3] tick=50 streaming=True len=989 stable=0
  [08:03:12.763] › [AGENT3] tick=55 streaming=True len=989 stable=0
  [08:03:26.282] › [AGENT3] tick=60 streaming=True len=989 stable=0
  [08:03:39.549] › [AGENT3] tick=65 streaming=True len=989 stable=0
  [08:03:47.551] ⚠ [AGENT3] Timed out — returning best capture.
  [08:03:47.553] ✓ [AGENT3] AGENT3 generated 0 candidate problems in cycle 17
  [08:03:47.579] → [AGENT4] Sending 482 chars …
  [08:03:47.765] › [AGENT4] Found input box via: rich-textarea div[contenteditable='true']
  [08:03:47.765] › [AGENT4] Typing 482 chars …
  [08:03:48.281] › [AGENT4] Input verified: 489 chars placed
  [08:03:48.977] › [AGENT4] Send clicked via JS: button.send-button
  [08:03:48.978] ✓ [AGENT4] Dispatched.
  [08:03:48.979] ← [AGENT4] Waiting for response …
  [08:03:48.991] › [AGENT4] Response blocks before send: 62
  [08:03:49.008] › [AGENT4] Streaming started.
  [08:04:01.780] › [AGENT4] tick=5 streaming=True len=965 stable=0
  [08:04:14.631] › [AGENT4] tick=10 streaming=True len=965 stable=0
  [08:04:27.433] › [AGENT4] tick=15 streaming=True len=965 stable=0
  [08:04:40.287] › [AGENT4] tick=20 streaming=True len=965 stable=0
  [08:04:53.100] › [AGENT4] tick=25 streaming=True len=965 stable=0
  [08:05:05.958] › [AGENT4] tick=30 streaming=True len=965 stable=0
  [08:05:18.822] › [AGENT4] tick=35 streaming=True len=965 stable=0
  [08:05:31.683] › [AGENT4] tick=40 streaming=True len=965 stable=0
  [08:05:44.508] › [AGENT4] tick=45 streaming=True len=965 stable=0
  [08:05:57.351] › [AGENT4] tick=50 streaming=True len=965 stable=0
  [08:06:10.182] › [AGENT4] tick=55 streaming=True len=965 stable=0
  [08:06:23.225] › [AGENT4] tick=60 streaming=True len=965 stable=0
  [08:06:36.036] › [AGENT4] tick=65 streaming=True len=965 stable=0
  [08:06:48.916] › [AGENT4] tick=70 streaming=True len=965 stable=0
  [08:06:51.468] ⚠ [AGENT4] Timed out — returning best capture.
  [08:06:51.469] → [AGENT4] Sending 1,111 chars …
  [08:06:51.477] › [AGENT4] Found input box via: rich-textarea div[contenteditable='true']
  [08:06:51.477] › [AGENT4] Typing 1111 chars …
  [08:06:52.040] › [AGENT4] Input verified: 1168 chars placed
  [08:06:52.737] › [AGENT4] Send clicked via JS: button.send-button
  [08:06:52.742] ✓ [AGENT4] Dispatched.
  [08:06:52.759] ← [AGENT4] Waiting for response …
  [08:06:52.802] › [AGENT4] Response blocks before send: 62
  [08:06:52.811] › [AGENT4] Streaming started.
  [08:07:05.634] › [AGENT4] tick=5 streaming=True len=965 stable=0
  [08:07:18.488] › [AGENT4] tick=10 streaming=True len=965 stable=0
  [08:07:31.322] › [AGENT4] tick=15 streaming=True len=965 stable=0
  [08:07:44.148] › [AGENT4] tick=20 streaming=True len=965 stable=0
  [08:07:56.947] › [AGENT4] tick=25 streaming=True len=965 stable=0
  [08:08:09.836] › [AGENT4] tick=30 streaming=True len=965 stable=0
  [08:08:22.656] › [AGENT4] tick=35 streaming=True len=965 stable=0
  [08:08:35.487] › [AGENT4] tick=40 streaming=True len=965 stable=0
  [08:08:48.296] › [AGENT4] tick=45 streaming=True len=965 stable=0
  [08:09:01.153] › [AGENT4] tick=50 streaming=True len=965 stable=0
  [08:09:13.974] › [AGENT4] tick=55 streaming=True len=965 stable=0
  [08:09:26.824] › [AGENT4] tick=60 streaming=True len=965 stable=0
  [08:09:39.643] › [AGENT4] tick=65 streaming=True len=965 stable=0
  [08:09:52.503] › [AGENT4] tick=70 streaming=True len=965 stable=0
  [08:09:55.068] ⚠ [AGENT4] Timed out — returning best capture.
  [08:09:55.068] ✓ [AGENT4] AGENT4 generated 0 candidate problems in cycle 17
  [08:09:55.100] → [AGENT1] Sending 482 chars …
  [08:09:55.344] › [AGENT1] Found input box via: rich-textarea div[contenteditable='true']
  [08:09:55.345] › [AGENT1] Typing 482 chars …
  [08:09:55.757] › [AGENT1] Input verified: 489 chars placed
  [08:09:56.433] › [AGENT1] Send clicked via JS: button.send-button
  [08:09:56.433] ✓ [AGENT1] Dispatched.
  [08:09:56.434] ← [AGENT1] Waiting for response …
  [08:09:56.443] › [AGENT1] Response blocks before send: 41
  [08:09:56.456] › [AGENT1] Streaming started.
  [08:10:09.233] › [AGENT1] tick=5 streaming=True len=751 stable=0
  [08:10:22.065] › [AGENT1] tick=10 streaming=True len=751 stable=0
  [08:10:34.888] › [AGENT1] tick=15 streaming=True len=751 stable=0
  [08:10:47.688] › [AGENT1] tick=20 streaming=True len=751 stable=0
  [08:11:00.473] › [AGENT1] tick=25 streaming=True len=751 stable=0
  [08:11:14.419] › [AGENT1] tick=30 streaming=True len=751 stable=0
  [08:11:27.230] › [AGENT1] tick=35 streaming=True len=751 stable=0
  [08:11:40.047] › [AGENT1] tick=40 streaming=True len=751 stable=0
  [08:11:52.841] › [AGENT1] tick=45 streaming=True len=751 stable=0
  [08:12:05.629] › [AGENT1] tick=50 streaming=True len=751 stable=0
  [08:12:18.459] › [AGENT1] tick=55 streaming=True len=751 stable=0
  [08:12:31.284] › [AGENT1] tick=60 streaming=True len=751 stable=0
  [08:12:44.096] › [AGENT1] tick=65 streaming=True len=751 stable=0
  [08:12:56.903] › [AGENT1] tick=70 streaming=True len=751 stable=0
  [08:12:56.903] ⚠ [AGENT1] Timed out — returning best capture.
  [08:12:56.904] → [AGENT1] Sending 897 chars …
  [08:12:56.911] › [AGENT1] Found input box via: rich-textarea div[contenteditable='true']
  [08:12:56.912] › [AGENT1] Typing 897 chars …
  [08:12:57.428] › [AGENT1] Input verified: 938 chars placed
  [08:12:58.103] › [AGENT1] Send clicked via JS: button.send-button
  [08:12:58.103] ✓ [AGENT1] Dispatched.
  [08:12:58.103] ← [AGENT1] Waiting for response …
  [08:12:58.109] › [AGENT1] Response blocks before send: 41
  [08:12:58.118] › [AGENT1] Streaming started.
  [08:13:10.928] › [AGENT1] tick=5 streaming=True len=751 stable=0
  [08:13:23.757] › [AGENT1] tick=10 streaming=True len=751 stable=0
  [08:13:36.576] › [AGENT1] tick=15 streaming=True len=751 stable=0
  [08:13:49.387] › [AGENT1] tick=20 streaming=True len=751 stable=0
  [08:14:02.185] › [AGENT1] tick=25 streaming=True len=751 stable=0
  [08:14:15.018] › [AGENT1] tick=30 streaming=True len=751 stable=0
  [08:14:27.847] › [AGENT1] tick=35 streaming=True len=751 stable=0
  [08:14:40.656] › [AGENT1] tick=40 streaming=True len=751 stable=0
  [08:14:53.461] › [AGENT1] tick=45 streaming=True len=751 stable=0
  [08:15:06.264] › [AGENT1] tick=50 streaming=True len=751 stable=0
  [08:15:19.078] › [AGENT1] tick=55 streaming=True len=751 stable=0
  [08:15:31.896] › [AGENT1] tick=60 streaming=True len=751 stable=0
  [08:15:44.679] › [AGENT1] tick=65 streaming=True len=751 stable=0
  [08:15:57.502] › [AGENT1] tick=70 streaming=True len=751 stable=0
  [08:16:00.070] ⚠ [AGENT1] Timed out — returning best capture.
  [08:16:00.070] ✓ [AGENT1] AGENT1 generated 0 candidate problems in cycle 18
  [08:16:00.091] → [AGENT2] Sending 482 chars …
  [08:16:00.214] › [AGENT2] Found input box via: rich-textarea div[contenteditable='true']
  [08:16:00.214] › [AGENT2] Typing 482 chars …
  [08:16:00.582] › [AGENT2] Input verified: 489 chars placed
  [08:16:01.260] › [AGENT2] Send clicked via JS: button.send-button
  [08:16:01.260] ✓ [AGENT2] Dispatched.
  [08:16:01.261] ← [AGENT2] Waiting for response …
  [08:16:01.269] › [AGENT2] Response blocks before send: 28
  [08:16:01.281] › [AGENT2] Streaming started.
  [08:16:14.052] › [AGENT2] tick=5 streaming=True len=907 stable=0
  [08:16:26.856] › [AGENT2] tick=10 streaming=True len=907 stable=0
  [08:16:39.606] › [AGENT2] tick=15 streaming=True len=907 stable=0
  [08:16:52.398] › [AGENT2] tick=20 streaming=True len=907 stable=0
  [08:17:05.172] › [AGENT2] tick=25 streaming=True len=907 stable=0
  [08:17:18.076] › [AGENT2] tick=30 streaming=True len=907 stable=0
  [08:17:30.840] › [AGENT2] tick=35 streaming=True len=907 stable=0
  [08:17:43.618] › [AGENT2] tick=40 streaming=True len=907 stable=0
  [08:17:56.374] › [AGENT2] tick=45 streaming=True len=907 stable=0
  [08:18:09.216] › [AGENT2] tick=50 streaming=True len=907 stable=0
  [08:18:21.957] › [AGENT2] tick=55 streaming=True len=907 stable=0
  [08:18:34.741] › [AGENT2] tick=60 streaming=True len=907 stable=0
  [08:18:47.525] › [AGENT2] tick=65 streaming=True len=907 stable=0
  [08:19:00.354] › [AGENT2] tick=70 streaming=True len=907 stable=0
  [08:19:02.911] ⚠ [AGENT2] Timed out — returning best capture.
  [08:19:02.912] → [AGENT2] Sending 1,053 chars …
  [08:19:02.920] › [AGENT2] Found input box via: rich-textarea div[contenteditable='true']
  [08:19:02.920] › [AGENT2] Typing 1053 chars …
  [08:19:03.379] › [AGENT2] Input verified: 1100 chars placed
  [08:19:04.063] › [AGENT2] Send clicked via JS: button.send-button
  [08:19:04.063] ✓ [AGENT2] Dispatched.
  [08:19:04.064] ← [AGENT2] Waiting for response …
  [08:19:04.070] › [AGENT2] Response blocks before send: 28
  [08:19:04.079] › [AGENT2] Streaming started.
  [08:19:16.865] › [AGENT2] tick=5 streaming=True len=907 stable=0
  [08:19:29.615] › [AGENT2] tick=10 streaming=True len=907 stable=0
  [08:19:42.437] › [AGENT2] tick=15 streaming=True len=907 stable=0
  [08:19:55.218] › [AGENT2] tick=20 streaming=True len=907 stable=0
  [08:20:07.985] › [AGENT2] tick=25 streaming=True len=907 stable=0
  [08:20:20.742] › [AGENT2] tick=30 streaming=True len=907 stable=0
  [08:20:33.504] › [AGENT2] tick=35 streaming=True len=907 stable=0
  [08:20:46.270] › [AGENT2] tick=40 streaming=True len=907 stable=0
  [08:20:59.092] › [AGENT2] tick=45 streaming=True len=907 stable=0
  [08:21:11.848] › [AGENT2] tick=50 streaming=True len=907 stable=0
  [08:21:24.664] › [AGENT2] tick=55 streaming=True len=907 stable=0
  [08:21:37.428] › [AGENT2] tick=60 streaming=True len=907 stable=0
  [08:21:50.210] › [AGENT2] tick=65 streaming=True len=907 stable=0
  [08:22:02.984] › [AGENT2] tick=70 streaming=True len=907 stable=0
  [08:22:05.539] ⚠ [AGENT2] Timed out — returning best capture.
  [08:22:05.540] ✓ [AGENT2] AGENT2 generated 0 candidate problems in cycle 18
  [08:22:05.559] → [AGENT3] Sending 482 chars …
  [08:22:06.762] › [AGENT3] Found input box via: rich-textarea div[contenteditable='true']
  [08:22:06.763] › [AGENT3] Typing 482 chars …
  [08:22:08.004] › [AGENT3] Input verified: 489 chars placed
  [08:22:08.837] › [AGENT3] Send clicked via JS: button.send-button
  [08:22:08.838] ✓ [AGENT3] Dispatched.
  [08:22:08.839] ← [AGENT3] Waiting for response …
  [08:22:08.897] › [AGENT3] Response blocks before send: 233
  [08:22:08.953] › [AGENT3] Streaming started.
  [08:22:22.356] › [AGENT3] tick=5 streaming=True len=989 stable=0
  [08:22:35.596] › [AGENT3] tick=10 streaming=True len=989 stable=0
  [08:22:48.998] › [AGENT3] tick=15 streaming=True len=989 stable=0
  [08:23:02.242] › [AGENT3] tick=20 streaming=True len=989 stable=0
  [08:23:15.713] › [AGENT3] tick=25 streaming=True len=989 stable=0
  [08:23:28.973] › [AGENT3] tick=30 streaming=True len=989 stable=0
  [08:23:42.393] › [AGENT3] tick=35 streaming=True len=989 stable=0
  [08:23:55.694] › [AGENT3] tick=40 streaming=True len=989 stable=0
  [08:24:08.962] › [AGENT3] tick=45 streaming=True len=989 stable=0
  [08:24:22.339] › [AGENT3] tick=50 streaming=True len=989 stable=0
  [08:24:35.561] › [AGENT3] tick=55 streaming=True len=989 stable=0
  [08:24:48.879] › [AGENT3] tick=60 streaming=True len=989 stable=0
  [08:25:02.158] › [AGENT3] tick=65 streaming=True len=989 stable=0
  [08:25:10.174] ⚠ [AGENT3] Timed out — returning best capture.
  [08:25:10.176] → [AGENT3] Sending 1,135 chars …
  [08:25:10.261] › [AGENT3] Found input box via: rich-textarea div[contenteditable='true']
  [08:25:10.261] › [AGENT3] Typing 1135 chars …
  [08:25:11.535] › [AGENT3] Input verified: 1200 chars placed
  [08:25:12.400] › [AGENT3] Send clicked via JS: button.send-button
  [08:25:12.400] ✓ [AGENT3] Dispatched.
  [08:25:12.401] ← [AGENT3] Waiting for response …
  [08:25:12.455] › [AGENT3] Response blocks before send: 233
  [08:25:12.488] › [AGENT3] Streaming started.
  [08:25:25.791] › [AGENT3] tick=5 streaming=True len=989 stable=0
  [08:25:39.021] › [AGENT3] tick=10 streaming=True len=989 stable=0
  [08:25:52.340] › [AGENT3] tick=15 streaming=True len=989 stable=0
  [08:26:05.561] › [AGENT3] tick=20 streaming=True len=989 stable=0
  [08:26:18.859] › [AGENT3] tick=25 streaming=True len=989 stable=0
  [08:26:32.139] › [AGENT3] tick=30 streaming=True len=989 stable=0
  [08:26:45.510] › [AGENT3] tick=35 streaming=True len=989 stable=0
  [08:26:58.723] › [AGENT3] tick=40 streaming=True len=989 stable=0
  [08:27:11.961] › [AGENT3] tick=45 streaming=True len=989 stable=0
  [08:27:25.290] › [AGENT3] tick=50 streaming=True len=989 stable=0
  [08:27:38.577] › [AGENT3] tick=55 streaming=True len=989 stable=0
  [08:27:51.843] › [AGENT3] tick=60 streaming=True len=989 stable=0
  [08:28:05.059] › [AGENT3] tick=65 streaming=True len=989 stable=0
  [08:28:13.024] ⚠ [AGENT3] Timed out — returning best capture.
  [08:28:13.025] ✓ [AGENT3] AGENT3 generated 0 candidate problems in cycle 18
  [08:28:13.059] → [AGENT4] Sending 482 chars …
  [08:28:13.246] › [AGENT4] Found input box via: rich-textarea div[contenteditable='true']
  [08:28:13.246] › [AGENT4] Typing 482 chars …
  [08:28:13.708] › [AGENT4] Input verified: 489 chars placed
  [08:28:14.396] › [AGENT4] Send clicked via JS: button.send-button
  [08:28:14.397] ✓ [AGENT4] Dispatched.
  [08:28:14.397] ← [AGENT4] Waiting for response …
  [08:28:14.407] › [AGENT4] Response blocks before send: 62
  [08:28:14.420] › [AGENT4] Streaming started.
  [08:28:27.258] › [AGENT4] tick=5 streaming=True len=965 stable=0
  [08:28:40.067] › [AGENT4] tick=10 streaming=True len=965 stable=0
  [08:28:52.905] › [AGENT4] tick=15 streaming=True len=965 stable=0
  [08:29:05.760] › [AGENT4] tick=20 streaming=True len=965 stable=0
  [08:29:18.594] › [AGENT4] tick=25 streaming=True len=965 stable=0
  [08:29:31.537] › [AGENT4] tick=30 streaming=True len=965 stable=0
  [08:29:44.379] › [AGENT4] tick=35 streaming=True len=965 stable=0
  [08:29:57.223] › [AGENT4] tick=40 streaming=True len=965 stable=0
  [08:30:10.059] › [AGENT4] tick=45 streaming=True len=965 stable=0
  [08:30:22.894] › [AGENT4] tick=50 streaming=True len=965 stable=0
  [08:30:35.725] › [AGENT4] tick=55 streaming=True len=965 stable=0
  [08:30:48.528] › [AGENT4] tick=60 streaming=True len=965 stable=0
  [08:31:01.411] › [AGENT4] tick=65 streaming=True len=965 stable=0
  [08:31:14.258] › [AGENT4] tick=70 streaming=True len=965 stable=0
  [08:31:16.832] ⚠ [AGENT4] Timed out — returning best capture.
  [08:31:16.833] → [AGENT4] Sending 1,111 chars …
  [08:31:16.845] › [AGENT4] Found input box via: rich-textarea div[contenteditable='true']
  [08:31:16.845] › [AGENT4] Typing 1111 chars …
  [08:31:17.541] › [AGENT4] Input verified: 1168 chars placed
  [08:31:18.249] › [AGENT4] Send clicked via JS: button.send-button
  [08:31:18.249] ✓ [AGENT4] Dispatched.
  [08:31:18.250] ← [AGENT4] Waiting for response …
  [08:31:18.258] › [AGENT4] Response blocks before send: 62
  [08:31:18.267] › [AGENT4] Streaming started.
  [08:31:31.084] › [AGENT4] tick=5 streaming=True len=965 stable=0
  [08:31:43.913] › [AGENT4] tick=10 streaming=True len=965 stable=0
  [08:31:56.740] › [AGENT4] tick=15 streaming=True len=965 stable=0
  [08:32:09.594] › [AGENT4] tick=20 streaming=True len=965 stable=0
  [08:32:22.424] › [AGENT4] tick=25 streaming=True len=965 stable=0
  [08:32:35.222] › [AGENT4] tick=30 streaming=True len=965 stable=0
  [08:32:48.117] › [AGENT4] tick=35 streaming=True len=965 stable=0
  [08:33:01.015] › [AGENT4] tick=40 streaming=True len=965 stable=0
  [08:33:13.841] › [AGENT4] tick=45 streaming=True len=965 stable=0
  [08:33:26.713] › [AGENT4] tick=50 streaming=True len=965 stable=0
  [08:33:39.523] › [AGENT4] tick=55 streaming=True len=965 stable=0
  [08:33:52.347] › [AGENT4] tick=60 streaming=True len=965 stable=0
  [08:34:05.160] › [AGENT4] tick=65 streaming=True len=965 stable=0
  [08:34:18.014] › [AGENT4] tick=70 streaming=True len=965 stable=0
  [08:34:20.584] ⚠ [AGENT4] Timed out — returning best capture.
  [08:34:20.585] ✓ [AGENT4] AGENT4 generated 0 candidate problems in cycle 18
  [08:34:20.621] → [AGENT1] Sending 482 chars …
  [08:34:20.835] › [AGENT1] Found input box via: rich-textarea div[contenteditable='true']
  [08:34:20.836] › [AGENT1] Typing 482 chars …
  [08:34:21.248] › [AGENT1] Input verified: 489 chars placed
  [08:34:21.923] › [AGENT1] Send clicked via JS: button.send-button
  [08:34:21.923] ✓ [AGENT1] Dispatched.
  [08:34:21.924] ← [AGENT1] Waiting for response …
  [08:34:21.933] › [AGENT1] Response blocks before send: 41
  [08:34:21.946] › [AGENT1] Streaming started.
  [08:34:34.737] › [AGENT1] tick=5 streaming=True len=751 stable=0
  [08:34:47.540] › [AGENT1] tick=10 streaming=True len=751 stable=0
  [08:35:00.354] › [AGENT1] tick=15 streaming=True len=751 stable=0
  [08:35:13.164] › [AGENT1] tick=20 streaming=True len=751 stable=0
  [08:35:26.047] › [AGENT1] tick=25 streaming=True len=751 stable=0
  [08:35:38.840] › [AGENT1] tick=30 streaming=True len=751 stable=0
  [08:35:51.628] › [AGENT1] tick=35 streaming=True len=751 stable=0
  [08:36:04.412] › [AGENT1] tick=40 streaming=True len=751 stable=0
  [08:36:17.219] › [AGENT1] tick=45 streaming=True len=751 stable=0
  [08:36:30.007] › [AGENT1] tick=50 streaming=True len=751 stable=0
  [08:36:42.806] › [AGENT1] tick=55 streaming=True len=751 stable=0
  [08:36:55.598] › [AGENT1] tick=60 streaming=True len=751 stable=0
  [08:37:08.416] › [AGENT1] tick=65 streaming=True len=751 stable=0
  [08:37:21.227] › [AGENT1] tick=70 streaming=True len=751 stable=0
  [08:37:23.788] ⚠ [AGENT1] Timed out — returning best capture.
  [08:37:23.789] → [AGENT1] Sending 897 chars …
  [08:37:23.797] › [AGENT1] Found input box via: rich-textarea div[contenteditable='true']
  [08:37:23.797] › [AGENT1] Typing 897 chars …
  [08:37:24.298] › [AGENT1] Input verified: 938 chars placed
  [08:37:24.984] › [AGENT1] Send clicked via JS: button.send-button
  [08:37:24.984] ✓ [AGENT1] Dispatched.
  [08:37:24.985] ← [AGENT1] Waiting for response …
  [08:37:24.991] › [AGENT1] Response blocks before send: 41
  [08:37:24.999] › [AGENT1] Streaming started.
  [08:37:37.777] › [AGENT1] tick=5 streaming=True len=751 stable=0
  [08:37:50.602] › [AGENT1] tick=10 streaming=True len=751 stable=0
  [08:38:03.410] › [AGENT1] tick=15 streaming=True len=751 stable=0
  [08:38:16.281] › [AGENT1] tick=20 streaming=True len=751 stable=0
  [08:38:29.099] › [AGENT1] tick=25 streaming=True len=751 stable=0
  [08:38:41.921] › [AGENT1] tick=30 streaming=True len=751 stable=0
  [08:38:54.708] › [AGENT1] tick=35 streaming=True len=751 stable=0
  [08:39:07.517] › [AGENT1] tick=40 streaming=True len=751 stable=0
  [08:39:20.308] › [AGENT1] tick=45 streaming=True len=751 stable=0
  [08:39:33.127] › [AGENT1] tick=50 streaming=True len=751 stable=0
  [08:39:45.920] › [AGENT1] tick=55 streaming=True len=751 stable=0
  [08:39:58.741] › [AGENT1] tick=60 streaming=True len=751 stable=0
  [08:40:11.545] › [AGENT1] tick=65 streaming=True len=751 stable=0
  [08:40:24.377] › [AGENT1] tick=70 streaming=True len=751 stable=0
  [08:40:26.939] ⚠ [AGENT1] Timed out — returning best capture.
  [08:40:26.940] ✓ [AGENT1] AGENT1 generated 0 candidate problems in cycle 19
  [08:40:26.962] → [AGENT2] Sending 482 chars …
  [08:40:27.083] › [AGENT2] Found input box via: rich-textarea div[contenteditable='true']
  [08:40:27.084] › [AGENT2] Typing 482 chars …
  [08:40:27.457] › [AGENT2] Input verified: 489 chars placed
  [08:40:28.145] › [AGENT2] Send clicked via JS: button.send-button
  [08:40:28.146] ✓ [AGENT2] Dispatched.
  [08:40:28.147] ← [AGENT2] Waiting for response …
  [08:40:28.155] › [AGENT2] Response blocks before send: 28
  [08:40:28.168] › [AGENT2] Streaming started.
  [08:40:40.916] › [AGENT2] tick=5 streaming=True len=907 stable=0
  [08:40:53.720] › [AGENT2] tick=10 streaming=True len=907 stable=0
  [08:41:06.503] › [AGENT2] tick=15 streaming=True len=907 stable=0
  [08:41:19.306] › [AGENT2] tick=20 streaming=True len=907 stable=0
  [08:41:32.077] › [AGENT2] tick=25 streaming=True len=907 stable=0
  [08:41:44.912] › [AGENT2] tick=30 streaming=True len=907 stable=0
  [08:41:55.092] ✗ Unhandled: Message: invalid session id: session deleted as the browser has closed the connection
from disconnected: not connected to DevTools
  (Session info: chrome=146.0.7680.80); For documentation on this error, please visit: https://www.selenium.dev/documentation/webdriver/troubleshooting/errors#invalidsessionidexception
Stacktrace:
0   chromedriver                        0x000000010307aa80 cxxbridge1$str$ptr + 3158700
1   chromedriver                        0x0000000103072b08 cxxbridge1$str$ptr + 3126068
2   chromedriver                        0x0000000102b47724 _RNvCskE0kXQ3GIWk_7___rustc35___rust_no_alloc_shim_is_unstable_v2 + 75036
3   chromedriver                        0x0000000102b30618 chromedriver + 230936
4   chromedriver                        0x0000000102b54908 _RNvCskE0kXQ3GIWk_7___rustc35___rust_no_alloc_shim_is_unstable_v2 + 128768
5   chromedriver                        0x0000000102bb8288 _RNvCskE0kXQ3GIWk_7___rustc35___rust_no_alloc_shim_is_unstable_v2 + 536704
6   chromedriver                        0x0000000102bcde20 _RNvCskE0kXQ3GIWk_7___rustc35___rust_no_alloc_shim_is_unstable_v2 + 625688
7   chromedriver                        0x0000000102b84fc8 _RNvCskE0kXQ3GIWk_7___rustc35___rust_no_alloc_shim_is_unstable_v2 + 327104
8   chromedriver                        0x000000010303929c cxxbridge1$str$ptr + 2890440
9   chromedriver                        0x000000010303c98c cxxbridge1$str$ptr + 2904504
10  chromedriver                        0x000000010301e648 cxxbridge1$str$ptr + 2780788
11  chromedriver                        0x000000010303d210 cxxbridge1$str$ptr + 2906684
12  chromedriver                        0x000000010300f04c cxxbridge1$str$ptr + 2717816
13  chromedriver                        0x0000000103061c78 cxxbridge1$str$ptr + 3056804
14  chromedriver                        0x0000000103061df4 cxxbridge1$str$ptr + 3057184
15  chromedriver                        0x0000000103072760 cxxbridge1$str$ptr + 3125132
16  libsystem_pthread.dylib             0x000000018b093c08 _pthread_start + 136
17  libsystem_pthread.dylib             0x000000018b08eba8 thread_start + 8

